filename,object,date_obs,mjd_obs,instrument,telescope,arcfile,prog_id,pro_catg,dpr_catg,dpr_type,dpr_tech,ra_deg,dec_deg
ADP.2015-07-21T08_02_25.090.fits,pos098,2003-12-03T09:05:37.450,52976.37890567,GIRAFFE,ESO-VLT-U2,ADP.2015-07-21T08:02:25.090.fits,072.C-0348(A),SCIENCE_RBNSPEC_IDP,,,,84.8219583333319,-69.0285555555544
ADP.2015-07-21T08_02_25.867.fits,pos103,2003-12-03T09:05:37.450,52976.37890567,GIRAFFE,ESO-VLT-U2,ADP.2015-07-21T08:02:25.867.fits,072.C-0348(A),SCIENCE_RBNSPEC_IDP,,,,84.7196249999986,-69.20511111111
ADP.2015-07-21T08_02_26.550.fits,pos082,2003-12-03T09:05:37.450,52976.37890567,GIRAFFE,ESO-VLT-U2,ADP.2015-07-21T08:02:26.550.fits,072.C-0348(A),SCIENCE_RBNSPEC_IDP,,,,84.6552916666652,-69.0602499999988
ADP.2015-07-21T08_02_26.837.fits,pos045,2003-12-03T09:05:37.450,52976.37890567,GIRAFFE,ESO-VLT-U2,ADP.2015-07-21T08:02:26.837.fits,072.C-0348(A),SCIENCE_RBNSPEC_IDP,,,,84.7667083333319,-69.1310555555544
ADP.2015-07-21T08_02_27.470.fits,pos006,2003-12-03T09:05:37.450,52976.37890567,GIRAFFE,ESO-VLT-U2,ADP.2015-07-21T08:02:27.470.fits,072.C-0348(A),SCIENCE_RBNSPEC_IDP,,,,84.7250416666652,-69.0923888888877
ADP.2015-07-21T08_02_27.477.fits,pos107,2003-12-03T09:05:37.450,52976.37890567,GIRAFFE,ESO-VLT-U2,ADP.2015-07-21T08:02:27.477.fits,072.C-0348(A),SCIENCE_RBNSPEC_IDP,,,,84.4204583333319,-69.1164722222211
ADP.2015-07-21T08_02_27.590.fits,pos060,2003-12-03T09:05:37.450,52976.37890567,GIRAFFE,ESO-VLT-U2,ADP.2015-07-21T08:02:27.590.fits,072.C-0348(A),SCIENCE_RBNSPEC_IDP,,,,84.8504583333319,-69.1023888888877
ADP.2015-07-21T08_02_28.200.fits,pos104,2003-12-03T09:05:37.450,52976.37890567,GIRAFFE,ESO-VLT-U2,ADP.2015-07-21T08:02:28.200.fits,072.C-0348(A),SCIENCE_RBNSPEC_IDP,,,,84.8959583333319,-69.0839166666655
ADP.2015-07-21T08_02_29.397.fits,pos096,2003-12-03T09:05:37.450,52976.37890567,GIRAFFE,ESO-VLT-U2,ADP.2015-07-21T08:02:29.397.fits,072.C-0348(A),SCIENCE_RBNSPEC_IDP,,,,84.4287499999986,-69.1796666666655
ADP.2015-07-21T08_02_29.683.fits,pos109,2003-12-03T09:05:37.450,52976.37890567,GIRAFFE,ESO-VLT-U2,ADP.2015-07-21T08:02:29.683.fits,072.C-0348(A),SCIENCE_RBNSPEC_IDP,,,,84.3635416666652,-69.1124722222211
ADP.2015-07-21T08_02_29.733.fits,pos041,2003-12-03T09:05:37.450,52976.37890567,GIRAFFE,ESO-VLT-U2,ADP.2015-07-21T08:02:29.733.fits,072.C-0348(A),SCIENCE_RBNSPEC_IDP,,,,84.7007499999986,-69.1700555555544
ADP.2015-07-21T08_02_30.103.fits,pos081,2003-12-03T09:05:37.450,52976.37890567,GIRAFFE,ESO-VLT-U2,ADP.2015-07-21T08:02:30.103.fits,072.C-0348(A),SCIENCE_RBNSPEC_IDP,,,,84.7367083333319,-69.0961666666655
ADP.2015-07-21T08_02_30.337.fits,pos069,2003-12-03T09:05:37.450,52976.37890567,GIRAFFE,ESO-VLT-U2,ADP.2015-07-21T08:02:30.337.fits,072.C-0348(A),SCIENCE_RBNSPEC_IDP,,,,84.8523749999986,-69.0825833333322
ADP.2015-07-21T08_02_30.543.fits,pos031,2003-12-03T09:05:37.450,52976.37890567,GIRAFFE,ESO-VLT-U2,ADP.2015-07-21T08:02:30.543.fits,072.C-0348(A),SCIENCE_RBNSPEC_IDP,,,,84.5036249999986,-69.1027499999988
ADP.2015-07-21T08_02_31.920.fits,pos093,2003-12-03T09:05:37.450,52976.37890567,GIRAFFE,ESO-VLT-U2,ADP.2015-07-21T08:02:31.920.fits,072.C-0348(A),SCIENCE_RBNSPEC_IDP,,,,84.4601666666652,-69.1701666666655
ADP.2015-07-21T08_02_32.447.fits,pos072,2003-12-03T09:05:37.450,52976.37890567,GIRAFFE,ESO-VLT-U2,ADP.2015-07-21T08:02:32.447.fits,072.C-0348(A),SCIENCE_RBNSPEC_IDP,,,,84.7549583333319,-69.0397777777766
ADP.2015-07-21T08_02_33.013.fits,pos003,2003-12-03T09:05:37.450,52976.37890567,GIRAFFE,ESO-VLT-U2,ADP.2015-07-21T08:02:33.013.fits,072.C-0348(A),SCIENCE_RBNSPEC_IDP,,,,84.7138749999986,-69.0833055555544
ADP.2015-07-21T08_02_33.320.fits,pos077,2003-12-03T09:05:37.450,52976.37890567,GIRAFFE,ESO-VLT-U2,ADP.2015-07-21T08:02:33.320.fits,072.C-0348(A),SCIENCE_RBNSPEC_IDP,,,,84.5721666666652,-69.1583611111099
ADP.2015-07-21T08_02_33.373.fits,pos044,2003-12-03T09:05:37.450,52976.37890567,GIRAFFE,ESO-VLT-U2,ADP.2015-07-21T08:02:33.373.fits,072.C-0348(A),SCIENCE_RBNSPEC_IDP,,,,84.7532083333319,-69.1358888888877
ADP.2015-07-21T08_02_38.423.fits,pos054,2003-12-03T09:05:37.450,52976.37890567,GIRAFFE,ESO-VLT-U2,ADP.2015-07-21T08:02:38.423.fits,072.C-0348(A),SCIENCE_RBNSPEC_IDP,,,,84.8492499999986,-69.1187777777766
ADP.2015-07-21T08_02_38.673.fits,pos010,2003-12-03T09:05:37.450,52976.37890567,GIRAFFE,ESO-VLT-U2,ADP.2015-07-21T08:02:38.673.fits,072.C-0348(A),SCIENCE_RBNSPEC_IDP,,,,84.6305833333319,-69.0944999999988
ADP.2015-07-21T08_02_40.097.fits,pos036,2003-12-03T09:05:37.450,52976.37890567,GIRAFFE,ESO-VLT-U2,ADP.2015-07-21T08:02:40.097.fits,072.C-0348(A),SCIENCE_RBNSPEC_IDP,,,,84.6720833333319,-69.1262777777766
ADP.2015-07-21T08_02_40.290.fits,pos113,2003-12-03T09:05:37.450,52976.37890567,GIRAFFE,ESO-VLT-U2,ADP.2015-07-21T08:02:40.290.fits,072.C-0348(A),SCIENCE_RBNSPEC_IDP,,,,84.5398749999986,-69.1059166666655
ADP.2015-07-21T08_02_40.357.fits,pos015,2003-12-03T09:05:37.450,52976.37890567,GIRAFFE,ESO-VLT-U2,ADP.2015-07-21T08:02:40.357.fits,072.C-0348(A),SCIENCE_RBNSPEC_IDP,,,,84.6586249999986,-69.0722777777766
ADP.2015-07-21T08_02_40.603.fits,pos066,2003-12-03T09:05:37.450,52976.37890567,GIRAFFE,ESO-VLT-U2,ADP.2015-07-21T08:02:40.603.fits,072.C-0348(A),SCIENCE_RBNSPEC_IDP,,,,84.7978749999986,-69.0783611111099
ADP.2015-07-21T08_02_41.323.fits,pos002,2003-12-03T09:05:37.450,52976.37890567,GIRAFFE,ESO-VLT-U2,ADP.2015-07-21T08:02:41.323.fits,072.C-0348(A),SCIENCE_RBNSPEC_IDP,,,,84.6998749999986,-69.0843333333322
ADP.2015-07-21T08_02_41.513.fits,pos050,2003-12-03T09:05:37.450,52976.37890567,GIRAFFE,ESO-VLT-U2,ADP.2015-07-21T08:02:41.513.fits,072.C-0348(A),SCIENCE_RBNSPEC_IDP,,,,84.8030833333319,-69.1253055555544
ADP.2015-07-21T08_02_41.870.fits,pos080,2003-12-03T09:05:37.450,52976.37890567,GIRAFFE,ESO-VLT-U2,ADP.2015-07-21T08:02:41.870.fits,072.C-0348(A),SCIENCE_RBNSPEC_IDP,,,,84.6279166666652,-69.1359999999988
ADP.2015-07-21T08_02_42.470.fits,pos025,2003-12-03T09:05:37.450,52976.37890567,GIRAFFE,ESO-VLT-U2,ADP.2015-07-21T08:02:42.470.fits,072.C-0348(A),SCIENCE_RBNSPEC_IDP,,,,84.5766249999986,-69.0383611111099
ADP.2015-07-21T08_02_43.397.fits,pos101,2003-12-03T09:05:37.450,52976.37890567,GIRAFFE,ESO-VLT-U2,ADP.2015-07-21T08:02:43.397.fits,072.C-0348(A),SCIENCE_RBNSPEC_IDP,,,,84.9421249999986,-69.1295277777766
ADP.2015-07-21T08_02_43.403.fits,pos004,2003-12-03T09:05:37.450,52976.37890567,GIRAFFE,ESO-VLT-U2,ADP.2015-07-21T08:02:43.403.fits,072.C-0348(A),SCIENCE_RBNSPEC_IDP,,,,84.7291666666652,-69.0837777777766
ADP.2015-07-21T08_02_43.683.fits,pos085,2003-12-03T09:05:37.450,52976.37890567,GIRAFFE,ESO-VLT-U2,ADP.2015-07-21T08:02:43.683.fits,072.C-0348(A),SCIENCE_RBNSPEC_IDP,,,,84.5423333333319,-69.0561388888877
ADP.2015-07-21T08_02_44.663.fits,pos100,2003-12-03T09:05:37.450,52976.37890567,GIRAFFE,ESO-VLT-U2,ADP.2015-07-21T08:02:44.663.fits,072.C-0348(A),SCIENCE_RBNSPEC_IDP,,,,84.6821249999985,-69.0054999999988
ADP.2015-07-21T08_02_44.703.fits,pos022,2003-12-03T09:05:37.450,52976.37890567,GIRAFFE,ESO-VLT-U2,ADP.2015-07-21T08:02:44.703.fits,072.C-0348(A),SCIENCE_RBNSPEC_IDP,,,,84.6159166666652,-69.0523611111099
ADP.2015-07-21T08_02_45.140.fits,pos106,2003-12-03T09:05:37.450,52976.37890567,GIRAFFE,ESO-VLT-U2,ADP.2015-07-21T08:02:45.140.fits,072.C-0348(A),SCIENCE_RBNSPEC_IDP,,,,84.4454166666653,-69.1202499999988
ADP.2015-07-21T08_02_45.513.fits,pos076,2003-12-03T09:05:37.450,52976.37890567,GIRAFFE,ESO-VLT-U2,ADP.2015-07-21T08:02:45.513.fits,072.C-0348(A),SCIENCE_RBNSPEC_IDP,,,,84.4966249999986,-69.13386111111
ADP.2015-07-21T08_02_45.990.fits,pos067,2003-12-03T09:05:37.450,52976.37890567,GIRAFFE,ESO-VLT-U2,ADP.2015-07-21T08:02:45.990.fits,072.C-0348(A),SCIENCE_RBNSPEC_IDP,,,,84.7890416666653,-69.0757777777766
ADP.2015-07-21T08_02_48.370.fits,pos110,2003-12-03T09:05:37.450,52976.37890567,GIRAFFE,ESO-VLT-U2,ADP.2015-07-21T08:02:48.370.fits,072.C-0348(A),SCIENCE_RBNSPEC_IDP,,,,84.3410416666652,-69.1148333333322
ADP.2015-07-21T08_02_49.747.fits,pos047,2003-12-03T09:05:37.450,52976.37890567,GIRAFFE,ESO-VLT-U2,ADP.2015-07-21T08:02:49.747.fits,072.C-0348(A),SCIENCE_RBNSPEC_IDP,,,,84.7942916666652,-69.1367777777766
ADP.2015-07-21T08_02_50.213.fits,pos105,2003-12-03T09:05:37.450,52976.37890567,GIRAFFE,ESO-VLT-U2,ADP.2015-07-21T08:02:50.213.fits,072.C-0348(A),SCIENCE_RBNSPEC_IDP,,,,84.4764999999986,-69.1260555555544
ADP.2015-07-21T08_02_50.520.fits,pos115,2003-12-03T09:05:37.450,52976.37890567,GIRAFFE,ESO-VLT-U2,ADP.2015-07-21T08:02:50.520.fits,072.C-0348(A),SCIENCE_RBNSPEC_IDP,,,,84.7223749999986,-69.0335833333322
ADP.2015-07-21T08_02_51.247.fits,pos018,2003-12-03T09:05:37.450,52976.37890567,GIRAFFE,ESO-VLT-U2,ADP.2015-07-21T08:02:51.247.fits,072.C-0348(A),SCIENCE_RBNSPEC_IDP,,,,84.6319583333319,-69.0622777777766
ADP.2015-07-21T08_02_52.510.fits,pos099,2003-12-03T09:05:37.450,52976.37890567,GIRAFFE,ESO-VLT-U2,ADP.2015-07-21T08:02:52.510.fits,072.C-0348(A),SCIENCE_RBNSPEC_IDP,,,,84.6601249999986,-69.0108611111099
ADP.2015-07-21T08_02_53.810.fits,pos012,2003-12-03T09:05:37.450,52976.37890567,GIRAFFE,ESO-VLT-U2,ADP.2015-07-21T08:02:53.810.fits,072.C-0348(A),SCIENCE_RBNSPEC_IDP,,,,84.6440833333319,-69.0824722222211
ADP.2015-07-21T08_02_54.150.fits,pos001,2003-12-03T09:05:37.450,52976.37890567,GIRAFFE,ESO-VLT-U2,ADP.2015-07-21T08:02:54.150.fits,072.C-0348(A),SCIENCE_RBNSPEC_IDP,,,,84.6876666666652,-69.0859999999988
ADP.2015-07-21T08_02_54.217.fits,pos055,2003-12-03T09:05:37.450,52976.37890567,GIRAFFE,ESO-VLT-U2,ADP.2015-07-21T08:02:54.217.fits,072.C-0348(A),SCIENCE_RBNSPEC_IDP,,,,84.8590833333319,-69.1115555555544
ADP.2015-07-21T08_02_55.733.fits,pos013,2003-12-03T09:05:37.450,52976.37890567,GIRAFFE,ESO-VLT-U2,ADP.2015-07-21T08:02:55.733.fits,072.C-0348(A),SCIENCE_RBNSPEC_IDP,,,,84.6793749999986,-69.0755277777766
ADP.2015-07-21T08_02_56.067.fits,pos087,2003-12-03T09:05:37.450,52976.37890567,GIRAFFE,ESO-VLT-U2,ADP.2015-07-21T08:02:56.067.fits,072.C-0348(A),SCIENCE_RBNSPEC_IDP,,,,84.5486666666652,-69.1251111111099
ADP.2015-07-21T08_02_57.233.fits,pos117,2003-12-03T09:05:37.450,52976.37890567,GIRAFFE,ESO-VLT-U2,ADP.2015-07-21T08:02:57.233.fits,072.C-0348(A),SCIENCE_RBNSPEC_IDP,,,,84.8564999999986,-69.1939444444433
ADP.2015-07-21T08_02_57.380.fits,pos014,2003-12-03T09:05:37.450,52976.37890567,GIRAFFE,ESO-VLT-U2,ADP.2015-07-21T08:02:57.380.fits,072.C-0348(A),SCIENCE_RBNSPEC_IDP,,,,84.6554999999986,-69.0771944444433
ADP.2015-07-21T08_02_57.447.fits,pos058,2003-12-03T09:05:37.450,52976.37890567,GIRAFFE,ESO-VLT-U2,ADP.2015-07-21T08:02:57.447.fits,072.C-0348(A),SCIENCE_RBNSPEC_IDP,,,,84.8607916666652,-69.0996111111099
ADP.2015-07-21T08_02_58.607.fits,pos053,2003-12-03T09:05:37.450,52976.37890567,GIRAFFE,ESO-VLT-U2,ADP.2015-07-21T08:02:58.607.fits,072.C-0348(A),SCIENCE_RBNSPEC_IDP,,,,84.8456666666652,-69.1237777777766
ADP.2015-07-21T08_03_00.560.fits,pos019,2003-12-03T09:05:37.450,52976.37890567,GIRAFFE,ESO-VLT-U2,ADP.2015-07-21T08:03:00.560.fits,072.C-0348(A),SCIENCE_RBNSPEC_IDP,,,,84.5702916666653,-69.05661111111
ADP.2015-07-21T08_03_00.900.fits,pos064,2003-12-03T09:05:37.450,52976.37890567,GIRAFFE,ESO-VLT-U2,ADP.2015-07-21T08:03:00.900.fits,072.C-0348(A),SCIENCE_RBNSPEC_IDP,,,,84.7704583333319,-69.0979999999988
ADP.2015-07-21T08_03_05.097.fits,pos042,2003-12-03T09:05:37.450,52976.37890567,GIRAFFE,ESO-VLT-U2,ADP.2015-07-21T08:03:05.097.fits,072.C-0348(A),SCIENCE_RBNSPEC_IDP,,,,84.7179166666652,-69.1606111111099
ADP.2015-07-21T08_03_05.190.fits,pos071,2003-12-03T09:05:37.450,52976.37890567,GIRAFFE,ESO-VLT-U2,ADP.2015-07-21T08:03:05.190.fits,072.C-0348(A),SCIENCE_RBNSPEC_IDP,,,,84.7409583333319,-69.0384722222211
ADP.2015-07-21T08_03_05.210.fits,pos043,2003-12-03T09:05:37.450,52976.37890567,GIRAFFE,ESO-VLT-U2,ADP.2015-07-21T08:03:05.210.fits,072.C-0348(A),SCIENCE_RBNSPEC_IDP,,,,84.7350833333319,-69.1667222222211
ADP.2015-07-21T08_03_05.223.fits,pos078,2003-12-03T09:05:37.450,52976.37890567,GIRAFFE,ESO-VLT-U2,ADP.2015-07-21T08:03:05.223.fits,072.C-0348(A),SCIENCE_RBNSPEC_IDP,,,,84.5508749999986,-69.1489166666655
ADP.2015-07-21T08_03_09.283.fits,pos049,2003-12-03T09:05:37.450,52976.37890567,GIRAFFE,ESO-VLT-U2,ADP.2015-07-21T08:03:09.283.fits,072.C-0348(A),SCIENCE_RBNSPEC_IDP,,,,84.8020416666652,-69.1299444444433
ADP.2015-07-21T08_03_09.877.fits,pos091,2003-12-03T09:05:37.450,52976.37890567,GIRAFFE,ESO-VLT-U2,ADP.2015-07-21T08:03:09.877.fits,072.C-0348(A),SCIENCE_RBNSPEC_IDP,,,,84.6275833333319,-69.2321111111099
ADP.2015-07-21T08_03_11.367.fits,pos038,2003-12-03T09:05:37.450,52976.37890567,GIRAFFE,ESO-VLT-U2,ADP.2015-07-21T08:03:11.367.fits,072.C-0348(A),SCIENCE_RBNSPEC_IDP,,,,84.7397083333319,-69.1387499999988
ADP.2015-07-21T08_03_14.513.fits,pos063,2003-12-03T09:05:37.450,52976.37890567,GIRAFFE,ESO-VLT-U2,ADP.2015-07-21T08:03:14.513.fits,072.C-0348(A),SCIENCE_RBNSPEC_IDP,,,,84.7584999999986,-69.0950555555544
ADP.2015-07-21T08_03_14.910.fits,pos073,2003-12-03T09:05:37.450,52976.37890567,GIRAFFE,ESO-VLT-U2,ADP.2015-07-21T08:03:14.910.fits,072.C-0348(A),SCIENCE_RBNSPEC_IDP,,,,84.7741249999986,-69.0412499999988
ADP.2015-07-21T08_03_15.227.fits,pos021,2003-12-03T09:05:37.450,52976.37890567,GIRAFFE,ESO-VLT-U2,ADP.2015-07-21T08:03:15.227.fits,072.C-0348(A),SCIENCE_RBNSPEC_IDP,,,,84.5907916666652,-69.0497777777766
ADP.2015-07-21T08_03_15.477.fits,pos070,2003-12-03T09:05:37.450,52976.37890567,GIRAFFE,ESO-VLT-U2,ADP.2015-07-21T08:03:15.477.fits,072.C-0348(A),SCIENCE_RBNSPEC_IDP,,,,84.7813749999986,-69.04736111111
ADP.2015-07-21T08_03_17.137.fits,pos008,2003-12-03T09:05:37.450,52976.37890567,GIRAFFE,ESO-VLT-U2,ADP.2015-07-21T08:03:17.137.fits,072.C-0348(A),SCIENCE_RBNSPEC_IDP,,,,84.6515833333319,-69.1058888888877
ADP.2015-07-21T08_03_20.433.fits,pos062,2003-12-03T09:05:37.450,52976.37890567,GIRAFFE,ESO-VLT-U2,ADP.2015-07-21T08:03:20.433.fits,072.C-0348(A),SCIENCE_RBNSPEC_IDP,,,,84.7745833333319,-69.0902222222211
ADP.2015-07-21T08_03_21.440.fits,pos016,2003-12-03T09:05:37.450,52976.37890567,GIRAFFE,ESO-VLT-U2,ADP.2015-07-21T08:03:21.440.fits,072.C-0348(A),SCIENCE_RBNSPEC_IDP,,,,84.6599166666652,-69.0659999999988
ADP.2015-07-21T08_03_21.533.fits,pos052,2003-12-03T09:05:37.450,52976.37890567,GIRAFFE,ESO-VLT-U2,ADP.2015-07-21T08:03:21.533.fits,072.C-0348(A),SCIENCE_RBNSPEC_IDP,,,,84.8264999999986,-69.1338055555544
ADP.2015-07-21T08_03_22.373.fits,pos094,2003-12-03T09:05:37.450,52976.37890567,GIRAFFE,ESO-VLT-U2,ADP.2015-07-21T08:03:22.373.fits,072.C-0348(A),SCIENCE_RBNSPEC_IDP,,,,84.4316249999985,-69.1702222222211
ADP.2015-07-21T08_03_22.393.fits,pos039,2003-12-03T09:05:37.450,52976.37890567,GIRAFFE,ESO-VLT-U2,ADP.2015-07-21T08:03:22.393.fits,072.C-0348(A),SCIENCE_RBNSPEC_IDP,,,,84.6252083333319,-69.1698888888877
ADP.2015-07-21T08_03_22.667.fits,pos032,2003-12-03T09:05:37.450,52976.37890567,GIRAFFE,ESO-VLT-U2,ADP.2015-07-21T08:03:22.667.fits,072.C-0348(A),SCIENCE_RBNSPEC_IDP,,,,84.6767916666652,-69.1178611111099
ADP.2015-07-21T08_03_23.093.fits,pos048,2003-12-03T09:05:37.450,52976.37890567,GIRAFFE,ESO-VLT-U2,ADP.2015-07-21T08:03:23.093.fits,072.C-0348(A),SCIENCE_RBNSPEC_IDP,,,,84.8036666666652,-69.1358611111099
ADP.2015-07-21T08_03_25.383.fits,pos028,2003-12-03T09:05:37.450,52976.37890567,GIRAFFE,ESO-VLT-U2,ADP.2015-07-21T08:03:25.383.fits,072.C-0348(A),SCIENCE_RBNSPEC_IDP,,,,84.5229999999985,-69.077972222221
ADP.2015-07-21T08_03_27.700.fits,pos027,2003-12-03T09:05:37.450,52976.37890567,GIRAFFE,ESO-VLT-U2,ADP.2015-07-21T08:03:27.700.fits,072.C-0348(A),SCIENCE_RBNSPEC_IDP,,,,84.5355416666652,-69.0666666666655
ADP.2015-07-21T08_03_28.820.fits,pos020,2003-12-03T09:05:37.450,52976.37890567,GIRAFFE,ESO-VLT-U2,ADP.2015-07-21T08:03:28.820.fits,072.C-0348(A),SCIENCE_RBNSPEC_IDP,,,,84.5796666666652,-69.0534722222211
ADP.2015-07-21T08_03_29.120.fits,pos088,2003-12-03T09:05:37.450,52976.37890567,GIRAFFE,ESO-VLT-U2,ADP.2015-07-21T08:03:29.120.fits,072.C-0348(A),SCIENCE_RBNSPEC_IDP,,,,84.5418749999986,-69.1336388888877
ADP.2015-07-21T08_03_29.317.fits,pos011,2003-12-03T09:05:37.450,52976.37890567,GIRAFFE,ESO-VLT-U2,ADP.2015-07-21T08:03:29.317.fits,072.C-0348(A),SCIENCE_RBNSPEC_IDP,,,,84.6347499999986,-69.0880277777766
ADP.2015-07-21T08_03_31.077.fits,pos095,2003-12-03T09:05:37.450,52976.37890567,GIRAFFE,ESO-VLT-U2,ADP.2015-07-21T08:03:31.077.fits,072.C-0348(A),SCIENCE_RBNSPEC_IDP,,,,84.4573333333319,-69.1796388888877
ADP.2015-07-21T08_03_31.717.fits,pos089,2003-12-03T09:05:37.450,52976.37890567,GIRAFFE,ESO-VLT-U2,ADP.2015-07-21T08:03:31.717.fits,072.C-0348(A),SCIENCE_RBNSPEC_IDP,,,,84.6809166666652,-69.0710833333322
ADP.2015-07-21T08_03_34.813.fits,pos005,2003-12-03T09:05:37.450,52976.37890567,GIRAFFE,ESO-VLT-U2,ADP.2015-07-21T08:03:34.813.fits,072.C-0348(A),SCIENCE_RBNSPEC_IDP,,,,84.7465416666652,-69.0858055555544
ADP.2015-07-21T08_03_35.087.fits,pos046,2003-12-03T09:05:37.450,52976.37890567,GIRAFFE,ESO-VLT-U2,ADP.2015-07-21T08:03:35.087.fits,072.C-0348(A),SCIENCE_RBNSPEC_IDP,,,,84.7854583333319,-69.1384722222211
ADP.2015-07-21T08_03_35.427.fits,pos079,2003-12-03T09:05:37.450,52976.37890567,GIRAFFE,ESO-VLT-U2,ADP.2015-07-21T08:03:35.427.fits,072.C-0348(A),SCIENCE_RBNSPEC_IDP,,,,84.6320833333319,-69.1225555555544
ADP.2015-07-21T08_03_36.973.fits,pos112,2003-12-03T09:05:37.450,52976.37890567,GIRAFFE,ESO-VLT-U2,ADP.2015-07-21T08:03:36.973.fits,072.C-0348(A),SCIENCE_RBNSPEC_IDP,,,,84.5739999999986,-69.1873888888877
ADP.2015-07-21T08_03_37.193.fits,pos114,2003-12-03T09:05:37.450,52976.37890567,GIRAFFE,ESO-VLT-U2,ADP.2015-07-21T08:03:37.193.fits,072.C-0348(A),SCIENCE_RBNSPEC_IDP,,,,84.7377083333319,-69.1015833333321
ADP.2015-07-21T08_03_37.717.fits,pos023,2003-12-03T09:05:37.450,52976.37890567,GIRAFFE,ESO-VLT-U2,ADP.2015-07-21T08:03:37.717.fits,072.C-0348(A),SCIENCE_RBNSPEC_IDP,,,,84.6211249999986,-69.0456111111099
ADP.2015-07-21T08_03_37.803.fits,pos057,2003-12-03T09:05:37.450,52976.37890567,GIRAFFE,ESO-VLT-U2,ADP.2015-07-21T08:03:37.803.fits,072.C-0348(A),SCIENCE_RBNSPEC_IDP,,,,84.8628333333319,-69.0949722222211
ADP.2015-07-21T08_03_37.930.fits,pos090,2003-12-03T09:05:37.450,52976.37890567,GIRAFFE,ESO-VLT-U2,ADP.2015-07-21T08:03:37.930.fits,072.C-0348(A),SCIENCE_RBNSPEC_IDP,,,,84.6707499999986,-69.2258055555544
ADP.2015-07-21T08_03_40.720.fits,pos033,2003-12-03T09:05:37.450,52976.37890567,GIRAFFE,ESO-VLT-U2,ADP.2015-07-21T08:03:40.720.fits,072.C-0348(A),SCIENCE_RBNSPEC_IDP,,,,84.6876666666652,-69.1152499999988
ADP.2015-07-21T08_03_40.833.fits,pos092,2003-12-03T09:05:37.450,52976.37890567,GIRAFFE,ESO-VLT-U2,ADP.2015-07-21T08:03:40.833.fits,072.C-0348(A),SCIENCE_RBNSPEC_IDP,,,,84.5849166666652,-69.2285555555544
ADP.2015-07-21T08_03_41.273.fits,pos034,2003-12-03T09:05:37.450,52976.37890567,GIRAFFE,ESO-VLT-U2,ADP.2015-07-21T08:03:41.273.fits,072.C-0348(A),SCIENCE_RBNSPEC_IDP,,,,84.5162499999986,-69.1184999999988
ADP.2015-07-21T08_03_43.893.fits,pos068,2003-12-03T09:05:37.450,52976.37890567,GIRAFFE,ESO-VLT-U2,ADP.2015-07-21T08:03:43.893.fits,072.C-0348(A),SCIENCE_RBNSPEC_IDP,,,,84.8513749999986,-69.0875833333322
ADP.2015-07-21T08_03_44.360.fits,pos074,2003-12-03T09:05:37.450,52976.37890567,GIRAFFE,ESO-VLT-U2,ADP.2015-07-21T08:03:44.360.fits,072.C-0348(A),SCIENCE_RBNSPEC_IDP,,,,84.6603749999986,-69.1648888888877
ADP.2015-07-21T08_03_46.753.fits,pos030,2003-12-03T09:05:37.450,52976.37890567,GIRAFFE,ESO-VLT-U2,ADP.2015-07-21T08:03:46.753.fits,072.C-0348(A),SCIENCE_RBNSPEC_IDP,,,,84.4849999999986,-69.0966388888877
ADP.2015-07-21T08_03_46.780.fits,pos075,2003-12-03T09:05:37.450,52976.37890567,GIRAFFE,ESO-VLT-U2,ADP.2015-07-21T08:03:46.780.fits,072.C-0348(A),SCIENCE_RBNSPEC_IDP,,,,84.7082083333319,-69.1202499999988
ADP.2015-07-21T08_03_47.327.fits,pos102,2003-12-03T09:05:37.450,52976.37890567,GIRAFFE,ESO-VLT-U2,ADP.2015-07-21T08:03:47.327.fits,072.C-0348(A),SCIENCE_RBNSPEC_IDP,,,,84.9646666666652,-69.1109444444433
ADP.2015-07-21T08_03_48.213.fits,pos061,2003-12-03T09:05:37.450,52976.37890567,GIRAFFE,ESO-VLT-U2,ADP.2015-07-21T08:03:48.213.fits,072.C-0348(A),SCIENCE_RBNSPEC_IDP,,,,84.7605833333319,-69.08911111111
ADP.2015-07-21T08_03_48.733.fits,pos118,2003-12-03T09:05:37.450,52976.37890567,GIRAFFE,ESO-VLT-U2,ADP.2015-07-21T08:03:48.733.fits,072.C-0348(A),SCIENCE_RBNSPEC_IDP,,,,84.6807916666652,-69.2833333333322
ADP.2015-07-21T08_03_48.767.fits,pos017,2003-12-03T09:05:37.450,52976.37890567,GIRAFFE,ESO-VLT-U2,ADP.2015-07-21T08:03:48.767.fits,072.C-0348(A),SCIENCE_RBNSPEC_IDP,,,,84.6474999999986,-69.0635833333322
ADP.2015-07-21T08_03_49.260.fits,pos026,2003-12-03T09:05:37.450,52976.37890567,GIRAFFE,ESO-VLT-U2,ADP.2015-07-21T08:03:49.260.fits,072.C-0348(A),SCIENCE_RBNSPEC_IDP,,,,84.5502083333319,-69.0372499999988
ADP.2015-07-21T08_03_49.933.fits,pos097,2003-12-03T09:05:37.450,52976.37890567,GIRAFFE,ESO-VLT-U2,ADP.2015-07-21T08:03:49.933.fits,072.C-0348(A),SCIENCE_RBNSPEC_IDP,,,,84.6660833333319,-69.02036111111
ADP.2015-07-21T08_03_51.617.fits,pos116,2003-12-03T09:05:37.450,52976.37890567,GIRAFFE,ESO-VLT-U2,ADP.2015-07-21T08:03:51.617.fits,072.C-0348(A),SCIENCE_RBNSPEC_IDP,,,,84.6619999999986,-69.1371111111099
ADP.2015-07-21T08_03_51.803.fits,pos083,2003-12-03T09:05:37.450,52976.37890567,GIRAFFE,ESO-VLT-U2,ADP.2015-07-21T08:03:51.803.fits,072.C-0348(A),SCIENCE_RBNSPEC_IDP,,,,84.6874166666652,-69.080722222221
ADP.2015-07-21T08_03_52.637.fits,pos035,2003-12-03T09:05:37.450,52976.37890567,GIRAFFE,ESO-VLT-U2,ADP.2015-07-21T08:03:52.637.fits,072.C-0348(A),SCIENCE_RBNSPEC_IDP,,,,84.6383333333319,-69.1146111111099
ADP.2015-07-21T08_03_53.147.fits,pos009,2003-12-03T09:05:37.450,52976.37890567,GIRAFFE,ESO-VLT-U2,ADP.2015-07-21T08:03:53.147.fits,072.C-0348(A),SCIENCE_RBNSPEC_IDP,,,,84.6669166666652,-69.1093333333321
ADP.2015-07-21T08_03_53.800.fits,pos040,2003-12-03T09:05:37.450,52976.37890567,GIRAFFE,ESO-VLT-U2,ADP.2015-07-21T08:03:53.800.fits,072.C-0348(A),SCIENCE_RBNSPEC_IDP,,,,84.5814999999985,-69.1674444444433
ADP.2015-07-21T08_03_55.037.fits,pos037,2003-12-03T09:05:37.450,52976.37890567,GIRAFFE,ESO-VLT-U2,ADP.2015-07-21T08:03:55.037.fits,072.C-0348(A),SCIENCE_RBNSPEC_IDP,,,,84.6101249999986,-69.1633888888877
ADP.2015-07-21T08_03_55.417.fits,pos108,2003-12-03T09:05:37.450,52976.37890567,GIRAFFE,ESO-VLT-U2,ADP.2015-07-21T08:03:55.417.fits,072.C-0348(A),SCIENCE_RBNSPEC_IDP,,,,84.3995833333319,-69.1121666666655
ADP.2015-07-21T08_03_55.717.fits,pos024,2003-12-03T09:05:37.450,52976.37890567,GIRAFFE,ESO-VLT-U2,ADP.2015-07-21T08:03:55.717.fits,072.C-0348(A),SCIENCE_RBNSPEC_IDP,,,,84.5998749999986,-69.041722222221
ADP.2015-07-21T08_03_56.250.fits,pos111,2003-12-03T09:05:37.450,52976.37890567,GIRAFFE,ESO-VLT-U2,ADP.2015-07-21T08:03:56.250.fits,072.C-0348(A),SCIENCE_RBNSPEC_IDP,,,,84.5764166666652,-69.2141944444433
ADP.2015-07-21T08_03_56.743.fits,pos065,2003-12-03T09:05:37.450,52976.37890567,GIRAFFE,ESO-VLT-U2,ADP.2015-07-21T08:03:56.743.fits,072.C-0348(A),SCIENCE_RBNSPEC_IDP,,,,84.7336249999986,-69.1094999999988
ADP.2015-07-21T08_03_56.830.fits,pos029,2003-12-03T09:05:37.450,52976.37890567,GIRAFFE,ESO-VLT-U2,ADP.2015-07-21T08:03:56.830.fits,072.C-0348(A),SCIENCE_RBNSPEC_IDP,,,,84.4964583333319,-69.0903333333322
ADP.2019-01-30T02_54_20.891.fits,59272,2008-12-27T07:28:33.257,54827.31149604,GIRAFFE,ESO-VLT-U2,ADP.2019-01-30T02:54:20.891.fits,182.D-0222(A),SCIENCE_RBNSPEC_STACK,,,,84.9101249999986,-68.9766666666655
ADP.2019-01-30T02_54_20.913.fits,48519,2008-12-27T07:28:33.257,54827.31149604,GIRAFFE,ESO-VLT-U2,ADP.2019-01-30T02:54:20.913.fits,182.D-0222(A),SCIENCE_RBNSPEC_STACK,,,,85.0844999999986,-69.0533055555544
ADP.2019-01-30T02_54_20.917.fits,26852,2008-12-27T07:28:33.257,54827.31149604,GIRAFFE,ESO-VLT-U2,ADP.2019-01-30T02:54:20.917.fits,182.D-0222(A),SCIENCE_RBNSPEC_STACK,,,,84.9259999999986,-69.2245555555544
ADP.2019-01-30T02_54_20.937.fits,22089,2008-12-27T07:28:33.257,54827.31149604,GIRAFFE,ESO-VLT-U2,ADP.2019-01-30T02:54:20.937.fits,182.D-0222(A),SCIENCE_RBNSPEC_STACK,,,,84.6634166666652,-69.2584166666655
ADP.2019-01-30T02_54_20.945.fits,42430,2008-12-27T07:28:33.257,54827.31149604,GIRAFFE,ESO-VLT-U2,ADP.2019-01-30T02:54:20.945.fits,182.D-0222(A),SCIENCE_RBNSPEC_STACK,,,,85.0729166666652,-69.1038055555544
ADP.2019-01-30T02_54_20.949.fits,62051,2008-12-27T07:28:33.257,54827.31149604,GIRAFFE,ESO-VLT-U2,ADP.2019-01-30T02:54:20.949.fits,182.D-0222(A),SCIENCE_RBNSPEC_STACK,,,,84.7537083333319,-68.958222222221
ADP.2019-01-30T02_54_20.953.fits,48101,2008-12-27T07:28:33.257,54827.31149604,GIRAFFE,ESO-VLT-U2,ADP.2019-01-30T02:54:20.953.fits,182.D-0222(A),SCIENCE_RBNSPEC_STACK,,,,85.0317499999986,-69.0566388888877
ADP.2019-01-30T02_54_20.957.fits,455,2008-12-27T07:28:33.257,54827.31149604,GIRAFFE,ESO-VLT-U2,ADP.2019-01-30T02:54:20.957.fits,182.D-0222(A),SCIENCE_RBNSPEC_STACK,,,,84.6656249999986,-69.0973611111099
ADP.2019-01-30T02_54_20.965.fits,48782,2008-12-27T07:28:33.257,54827.31149604,GIRAFFE,ESO-VLT-U2,ADP.2019-01-30T02:54:20.965.fits,182.D-0222(A),SCIENCE_RBNSPEC_STACK,,,,85.0430416666652,-69.0513611111099
ADP.2019-01-30T02_54_20.977.fits,21724,2008-12-27T07:28:33.257,54827.31149604,GIRAFFE,ESO-VLT-U2,ADP.2019-01-30T02:54:20.977.fits,182.D-0222(A),SCIENCE_RBNSPEC_STACK,,,,84.6783333333319,-69.2611666666655
ADP.2019-01-30T02_54_20.981.fits,151523,2008-12-27T07:28:33.257,54827.31149604,GIRAFFE,ESO-VLT-U2,ADP.2019-01-30T02:54:20.981.fits,182.D-0222(A),SCIENCE_RBNSPEC_STACK,,,,85.0055833333319,-69.1331944444433
ADP.2019-01-30T02_54_20.985.fits,318801,2008-12-27T07:28:33.257,54827.31149604,GIRAFFE,ESO-VLT-U2,ADP.2019-01-30T02:54:20.985.fits,182.D-0222(A),SCIENCE_RBNSPEC_STACK,,,,84.5712083333319,-69.0640833333322
ADP.2019-01-30T02_54_21.005.fits,314157,2008-12-27T07:28:33.257,54827.31149604,GIRAFFE,ESO-VLT-U2,ADP.2019-01-30T02:54:21.005.fits,182.D-0222(A),SCIENCE_RBNSPEC_STACK,,,,84.2435416666652,-69.1131111111099
ADP.2019-01-30T02_54_21.017.fits,52815,2008-12-27T07:28:33.257,54827.31149604,GIRAFFE,ESO-VLT-U2,ADP.2019-01-30T02:54:21.017.fits,182.D-0222(A),SCIENCE_RBNSPEC_STACK,,,,85.0017083333319,-69.0211666666655
ADP.2019-01-30T02_54_21.029.fits,225341,2008-12-27T07:28:33.257,54827.31149604,GIRAFFE,ESO-VLT-U2,ADP.2019-01-30T02:54:21.029.fits,182.D-0222(A),SCIENCE_RBNSPEC_STACK,,,,84.4641249999986,-69.2113333333322
ADP.2019-01-30T02_54_21.037.fits,58830,2008-12-27T07:28:33.257,54827.31149604,GIRAFFE,ESO-VLT-U2,ADP.2019-01-30T02:54:21.037.fits,182.D-0222(A),SCIENCE_RBNSPEC_STACK,,,,84.8029999999986,-68.9798055555544
ADP.2019-01-30T02_54_21.053.fits,174,2008-12-27T07:28:33.257,54827.31149604,GIRAFFE,ESO-VLT-U2,ADP.2019-01-30T02:54:21.053.fits,182.D-0222(A),SCIENCE_RBNSPEC_STACK,,,,84.7043749999986,-69.1054166666655
ADP.2019-01-30T02_54_21.057.fits,106649,2008-12-27T07:28:33.257,54827.31149604,GIRAFFE,ESO-VLT-U2,ADP.2019-01-30T02:54:21.057.fits,182.D-0222(A),SCIENCE_RBNSPEC_STACK,,,,85.0489999999986,-69.0104999999988
ADP.2019-01-30T02_54_21.061.fits,55,2008-12-27T07:28:33.257,54827.31149604,GIRAFFE,ESO-VLT-U2,ADP.2019-01-30T02:54:21.061.fits,182.D-0222(A),SCIENCE_RBNSPEC_STACK,,,,84.6747499999986,-69.0869444444433
ADP.2019-01-30T02_54_21.077.fits,21654,2008-12-27T07:28:33.257,54827.31149604,GIRAFFE,ESO-VLT-U2,ADP.2019-01-30T02:54:21.077.fits,182.D-0222(A),SCIENCE_RBNSPEC_STACK,,,,84.7750833333319,-69.2615555555544
ADP.2019-01-30T02_54_21.089.fits,108,2008-12-27T07:28:33.257,54827.31149604,GIRAFFE,ESO-VLT-U2,ADP.2019-01-30T02:54:21.089.fits,182.D-0222(A),SCIENCE_RBNSPEC_STACK,,,,84.6615833333319,-69.1036388888877
ADP.2019-01-30T02_54_21.093.fits,230296,2008-12-27T07:28:33.257,54827.31149604,GIRAFFE,ESO-VLT-U2,ADP.2019-01-30T02:54:21.093.fits,182.D-0222(A),SCIENCE_RBNSPEC_STACK,,,,84.2977499999986,-69.1752499999988
ADP.2019-01-30T02_54_21.097.fits,28440,2008-12-27T07:28:33.257,54827.31149604,GIRAFFE,ESO-VLT-U2,ADP.2019-01-30T02:54:21.097.fits,182.D-0222(A),SCIENCE_RBNSPEC_STACK,,,,84.9955416666652,-69.2125833333322
ADP.2019-01-30T02_54_21.101.fits,107388,2008-12-27T07:28:33.257,54827.31149604,GIRAFFE,ESO-VLT-U2,ADP.2019-01-30T02:54:21.101.fits,182.D-0222(A),SCIENCE_RBNSPEC_STACK,,,,85.0263333333319,-69.0003055555544
ADP.2019-01-30T02_54_21.109.fits,236375,2008-12-27T07:28:33.257,54827.31149604,GIRAFFE,ESO-VLT-U2,ADP.2019-01-30T02:54:21.109.fits,182.D-0222(A),SCIENCE_RBNSPEC_STACK,,,,84.3659583333319,-69.1341111111099
ADP.2019-01-30T02_54_21.125.fits,129186,2008-12-27T07:28:33.257,54827.31149604,GIRAFFE,ESO-VLT-U2,ADP.2019-01-30T02:54:21.125.fits,182.D-0222(A),SCIENCE_RBNSPEC_STACK,,,,84.9136249999986,-69.1956111111099
ADP.2019-01-30T02_54_21.129.fits,43615,2008-12-27T07:28:33.257,54827.31149604,GIRAFFE,ESO-VLT-U2,ADP.2019-01-30T02:54:21.129.fits,182.D-0222(A),SCIENCE_RBNSPEC_STACK,,,,85.1387916666652,-69.0937499999988
ADP.2019-01-30T02_54_21.137.fits,43264,2008-12-27T07:28:33.257,54827.31149604,GIRAFFE,ESO-VLT-U2,ADP.2019-01-30T02:54:21.137.fits,182.D-0222(A),SCIENCE_RBNSPEC_STACK,,,,84.8674166666652,-69.0973333333322
ADP.2019-01-30T02_54_21.145.fits,50269,2008-12-27T07:28:33.257,54827.31149604,GIRAFFE,ESO-VLT-U2,ADP.2019-01-30T02:54:21.145.fits,182.D-0222(A),SCIENCE_RBNSPEC_STACK,,,,85.1031249999986,-69.0400555555544
ADP.2019-01-30T02_54_21.153.fits,376858,2008-12-27T07:28:33.257,54827.31149604,GIRAFFE,ESO-VLT-U2,ADP.2019-01-30T02:54:21.153.fits,182.D-0222(A),SCIENCE_RBNSPEC_STACK,,,,84.5675416666652,-69.0677777777766
ADP.2019-01-30T02_54_21.161.fits,238243,2008-12-27T07:28:33.257,54827.31149604,GIRAFFE,ESO-VLT-U2,ADP.2019-01-30T02:54:21.161.fits,182.D-0222(A),SCIENCE_RBNSPEC_STACK,,,,84.3514166666652,-69.1214166666655
ADP.2019-01-30T02_54_21.165.fits,224390,2008-12-27T07:28:33.257,54827.31149604,GIRAFFE,ESO-VLT-U2,ADP.2019-01-30T02:54:21.165.fits,182.D-0222(A),SCIENCE_RBNSPEC_STACK,,,,84.3711666666652,-69.2177499999988
ADP.2019-01-30T02_54_21.169.fits,226495,2008-12-27T07:28:33.257,54827.31149604,GIRAFFE,ESO-VLT-U2,ADP.2019-01-30T02:54:21.169.fits,182.D-0222(A),SCIENCE_RBNSPEC_STACK,,,,84.3448749999986,-69.2027222222211
ADP.2019-01-30T02_54_21.173.fits,233316,2008-12-27T07:28:33.257,54827.31149604,GIRAFFE,ESO-VLT-U2,ADP.2019-01-30T02:54:21.173.fits,182.D-0222(A),SCIENCE_RBNSPEC_STACK,,,,84.4363333333319,-69.1550833333322
ADP.2019-01-30T02_54_21.185.fits,42,2008-12-27T07:28:33.257,54827.31149604,GIRAFFE,ESO-VLT-U2,ADP.2019-01-30T02:54:21.185.fits,182.D-0222(A),SCIENCE_RBNSPEC_STACK,,,,84.6856666666652,-69.0808888888877
ADP.2019-01-30T02_54_21.189.fits,50146,2008-12-27T07:28:33.257,54827.31149604,GIRAFFE,ESO-VLT-U2,ADP.2019-01-30T02:54:21.189.fits,182.D-0222(A),SCIENCE_RBNSPEC_STACK,,,,84.6645416666652,-69.0418888888877
ADP.2019-01-30T02_54_21.193.fits,56708,2008-12-27T07:28:33.257,54827.31149604,GIRAFFE,ESO-VLT-U2,ADP.2019-01-30T02:54:21.193.fits,182.D-0222(A),SCIENCE_RBNSPEC_STACK,,,,84.9218749999986,-68.99386111111
ADP.2019-01-30T02_54_21.197.fits,55098,2008-12-27T07:28:33.257,54827.31149604,GIRAFFE,ESO-VLT-U2,ADP.2019-01-30T02:54:21.197.fits,182.D-0222(A),SCIENCE_RBNSPEC_STACK,,,,84.8934166666652,-69.00536111111
ADP.2019-01-30T02_54_21.201.fits,54998,2008-12-27T07:28:33.257,54827.31149604,GIRAFFE,ESO-VLT-U2,ADP.2019-01-30T02:54:21.201.fits,182.D-0222(A),SCIENCE_RBNSPEC_STACK,,,,84.9924583333319,-69.0057499999988
ADP.2019-01-30T02_54_21.209.fits,139481,2008-12-27T07:28:33.257,54827.31149604,GIRAFFE,ESO-VLT-U2,ADP.2019-01-30T02:54:21.209.fits,182.D-0222(A),SCIENCE_RBNSPEC_STACK,,,,84.7725416666652,-68.9603333333322
ADP.2019-01-30T02_54_21.217.fits,29939,2008-12-27T07:28:33.257,54827.31149604,GIRAFFE,ESO-VLT-U2,ADP.2019-01-30T02:54:21.217.fits,182.D-0222(A),SCIENCE_RBNSPEC_STACK,,,,84.9836666666652,-69.2013888888877
ADP.2019-01-30T02_54_21.225.fits,51340,2008-12-27T07:28:33.257,54827.31149604,GIRAFFE,ESO-VLT-U2,ADP.2019-01-30T02:54:21.225.fits,182.D-0222(A),SCIENCE_RBNSPEC_STACK,,,,84.6814166666652,-69.032972222221
ADP.2019-01-30T02_54_21.229.fits,432,2008-12-27T07:28:33.257,54827.31149604,GIRAFFE,ESO-VLT-U2,ADP.2019-01-30T02:54:21.229.fits,182.D-0222(A),SCIENCE_RBNSPEC_STACK,,,,84.6709999999986,-69.1046388888877
ADP.2019-01-30T02_54_21.233.fits,328529,2008-12-27T07:28:33.257,54827.31149604,GIRAFFE,ESO-VLT-U2,ADP.2019-01-30T02:54:21.233.fits,182.D-0222(A),SCIENCE_RBNSPEC_STACK,,,,84.4776249999986,-68.9720555555544
ADP.2019-01-30T02_54_21.253.fits,95203,2008-12-27T07:28:33.257,54827.31149604,GIRAFFE,ESO-VLT-U2,ADP.2019-01-30T02:54:21.253.fits,182.D-0222(A),SCIENCE_RBNSPEC_STACK,,,,84.9736249999985,-69.1762777777766
ADP.2019-01-30T02_54_21.261.fits,370792,2008-12-27T07:28:33.257,54827.31149604,GIRAFFE,ESO-VLT-U2,ADP.2019-01-30T02:54:21.261.fits,182.D-0222(A),SCIENCE_RBNSPEC_STACK,,,,84.4261666666652,-69.1615277777766
ADP.2019-01-30T02_54_21.273.fits,139961,2008-12-27T07:28:33.257,54827.31149604,GIRAFFE,ESO-VLT-U2,ADP.2019-01-30T02:54:21.273.fits,182.D-0222(A),SCIENCE_RBNSPEC_STACK,,,,84.7767083333319,-68.9496388888877
ADP.2019-01-30T02_54_21.297.fits,169765,2008-12-27T07:28:33.257,54827.31149604,GIRAFFE,ESO-VLT-U2,ADP.2019-01-30T02:54:21.297.fits,182.D-0222(A),SCIENCE_RBNSPEC_STACK,,,,85.0131666666652,-68.9857777777766
ADP.2019-01-30T02_54_21.301.fits,148,2008-12-27T07:28:33.257,54827.31149604,GIRAFFE,ESO-VLT-U2,ADP.2019-01-30T02:54:21.301.fits,182.D-0222(A),SCIENCE_RBNSPEC_STACK,,,,84.7132916666652,-69.1114444444433
ADP.2019-01-30T02_54_21.329.fits,227980,2008-12-27T07:28:33.257,54827.31149604,GIRAFFE,ESO-VLT-U2,ADP.2019-01-30T02:54:21.329.fits,182.D-0222(A),SCIENCE_RBNSPEC_STACK,,,,84.4674583333319,-69.1920277777766
ADP.2019-01-30T02_54_21.345.fits,369487,2008-12-27T07:28:33.257,54827.31149604,GIRAFFE,ESO-VLT-U2,ADP.2019-01-30T02:54:21.345.fits,182.D-0222(A),SCIENCE_RBNSPEC_STACK,,,,84.4213333333319,-69.1771944444433
ADP.2019-01-30T02_54_21.349.fits,30812,2008-12-27T07:28:33.257,54827.31149604,GIRAFFE,ESO-VLT-U2,ADP.2019-01-30T02:54:21.349.fits,182.D-0222(A),SCIENCE_RBNSPEC_STACK,,,,85.0292083333319,-69.1948611111099
ADP.2019-01-30T02_54_21.357.fits,57370,2008-12-27T07:28:33.257,54827.31149604,GIRAFFE,ESO-VLT-U2,ADP.2019-01-30T02:54:21.357.fits,182.D-0222(A),SCIENCE_RBNSPEC_STACK,,,,84.9473333333319,-68.9894166666655
ADP.2019-01-30T02_54_21.361.fits,24778,2008-12-27T07:28:33.257,54827.31149604,GIRAFFE,ESO-VLT-U2,ADP.2019-01-30T02:54:21.361.fits,182.D-0222(A),SCIENCE_RBNSPEC_STACK,,,,84.9359166666652,-69.2387222222211
ADP.2019-01-30T02_54_21.365.fits,32302,2008-12-27T07:28:33.257,54827.31149604,GIRAFFE,ESO-VLT-U2,ADP.2019-01-30T02:54:21.365.fits,182.D-0222(A),SCIENCE_RBNSPEC_STACK,,,,85.0178749999986,-69.1841388888877
ADP.2019-01-30T02_54_21.377.fits,99015,2008-12-27T07:28:33.257,54827.31149604,GIRAFFE,ESO-VLT-U2,ADP.2019-01-30T02:54:21.377.fits,182.D-0222(A),SCIENCE_RBNSPEC_STACK,,,,84.6977499999986,-69.1203888888877
ADP.2019-01-30T02_54_21.381.fits,219405,2008-12-27T07:28:33.257,54827.31149604,GIRAFFE,ESO-VLT-U2,ADP.2019-01-30T02:54:21.381.fits,182.D-0222(A),SCIENCE_RBNSPEC_STACK,,,,84.5430833333319,-69.2523055555544
ADP.2019-01-30T02_54_21.385.fits,375869,2008-12-27T07:28:33.257,54827.31149604,GIRAFFE,ESO-VLT-U2,ADP.2019-01-30T02:54:21.385.fits,182.D-0222(A),SCIENCE_RBNSPEC_STACK,,,,84.2976666666653,-69.0844999999988
ADP.2019-01-30T02_54_21.389.fits,45892,2008-12-27T07:28:33.257,54827.31149604,GIRAFFE,ESO-VLT-U2,ADP.2019-01-30T02:54:21.389.fits,182.D-0222(A),SCIENCE_RBNSPEC_STACK,,,,84.6783333333319,-69.0754166666655
ADP.2019-01-30T02_54_21.397.fits,60977,2008-12-27T07:28:33.257,54827.31149604,GIRAFFE,ESO-VLT-U2,ADP.2019-01-30T02:54:21.397.fits,182.D-0222(A),SCIENCE_RBNSPEC_STACK,,,,84.7112083333319,-68.9653888888877
ADP.2019-01-30T02_54_21.401.fits,327633,2008-12-27T07:28:33.257,54827.31149604,GIRAFFE,ESO-VLT-U2,ADP.2019-01-30T02:54:21.401.fits,182.D-0222(A),SCIENCE_RBNSPEC_STACK,,,,84.4467916666652,-68.9803333333322
ADP.2019-01-30T02_54_21.405.fits,44340,2008-12-27T07:28:33.257,54827.31149604,GIRAFFE,ESO-VLT-U2,ADP.2019-01-30T02:54:21.405.fits,182.D-0222(A),SCIENCE_RBNSPEC_STACK,,,,85.0986249999985,-69.0873055555544
ADP.2019-01-30T02_54_21.409.fits,254403,2008-12-27T07:28:33.257,54827.31149604,GIRAFFE,ESO-VLT-U2,ADP.2019-01-30T02:54:21.409.fits,182.D-0222(A),SCIENCE_RBNSPEC_STACK,,,,84.3134999999986,-69.0077499999989
ADP.2019-01-30T02_54_21.413.fits,414198,2008-12-27T07:28:33.257,54827.31149604,GIRAFFE,ESO-VLT-U2,ADP.2019-01-30T02:54:21.413.fits,182.D-0222(A),SCIENCE_RBNSPEC_STACK,,,,84.3062499999986,-69.1429444444433
ADP.2019-01-30T02_54_21.425.fits,231454,2008-12-27T07:28:33.257,54827.31149604,GIRAFFE,ESO-VLT-U2,ADP.2019-01-30T02:54:21.425.fits,182.D-0222(A),SCIENCE_RBNSPEC_STACK,,,,84.4501666666653,-69.1673333333322
ADP.2019-01-30T02_54_21.437.fits,63175,2008-12-27T07:28:33.257,54827.31149604,GIRAFFE,ESO-VLT-U2,ADP.2019-01-30T02:54:21.437.fits,182.D-0222(A),SCIENCE_RBNSPEC_STACK,,,,84.8402499999986,-68.9504166666655
ADP.2019-01-30T02_54_21.441.fits,102131,2008-12-27T07:28:33.257,54827.31149604,GIRAFFE,ESO-VLT-U2,ADP.2019-01-30T02:54:21.441.fits,182.D-0222(A),SCIENCE_RBNSPEC_STACK,,,,84.6860833333319,-69.0735555555544
ADP.2019-01-30T02_54_21.449.fits,30552,2008-12-27T07:28:33.257,54827.31149604,GIRAFFE,ESO-VLT-U2,ADP.2019-01-30T02:54:21.449.fits,182.D-0222(A),SCIENCE_RBNSPEC_STACK,,,,85.0476666666652,-69.1968888888877
ADP.2019-01-30T02_54_21.461.fits,331,2008-12-27T07:28:33.257,54827.31149604,GIRAFFE,ESO-VLT-U2,ADP.2019-01-30T02:54:21.461.fits,182.D-0222(A),SCIENCE_RBNSPEC_STACK,,,,84.6508749999986,-69.1015833333322
ADP.2019-01-30T02_54_21.477.fits,259107,2008-12-27T07:28:33.257,54827.31149604,GIRAFFE,ESO-VLT-U2,ADP.2019-01-30T02:54:21.477.fits,182.D-0222(A),SCIENCE_RBNSPEC_STACK,,,,84.4116666666653,-68.9754999999988
ADP.2019-01-30T02_54_21.481.fits,324563,2008-12-27T07:28:33.257,54827.31149604,GIRAFFE,ESO-VLT-U2,ADP.2019-01-30T02:54:21.481.fits,182.D-0222(A),SCIENCE_RBNSPEC_STACK,,,,84.4782499999986,-69.0069166666655
ADP.2019-01-30T02_54_21.485.fits,413920,2008-12-27T07:28:33.257,54827.31149604,GIRAFFE,ESO-VLT-U2,ADP.2019-01-30T02:54:21.485.fits,182.D-0222(A),SCIENCE_RBNSPEC_STACK,,,,84.2696666666653,-69.1490555555544
ADP.2019-01-30T02_54_21.489.fits,34918,2008-12-27T07:28:33.257,54827.31149604,GIRAFFE,ESO-VLT-U2,ADP.2019-01-30T02:54:21.489.fits,182.D-0222(A),SCIENCE_RBNSPEC_STACK,,,,85.0282083333319,-69.1636944444433
ADP.2019-01-30T02_54_21.493.fits,33528,2008-12-27T07:28:33.257,54827.31149604,GIRAFFE,ESO-VLT-U2,ADP.2019-01-30T02:54:21.493.fits,182.D-0222(A),SCIENCE_RBNSPEC_STACK,,,,84.8964166666652,-69.1751944444433
ADP.2019-01-30T02_54_21.521.fits,233559,2008-12-27T07:28:33.257,54827.31149604,GIRAFFE,ESO-VLT-U2,ADP.2019-01-30T02:54:21.521.fits,182.D-0222(A),SCIENCE_RBNSPEC_STACK,,,,84.2734999999986,-69.1534444444433
ADP.2019-01-30T02_54_21.537.fits,295,2008-12-27T07:28:33.257,54827.31149604,GIRAFFE,ESO-VLT-U2,ADP.2019-01-30T02:54:21.537.fits,182.D-0222(A),SCIENCE_RBNSPEC_STACK,,,,84.6784166666652,-69.1089999999988
ADP.2019-01-30T02_54_21.545.fits,220815,2008-12-27T07:28:33.257,54827.31149604,GIRAFFE,ESO-VLT-U2,ADP.2019-01-30T02:54:21.545.fits,182.D-0222(A),SCIENCE_RBNSPEC_STACK,,,,84.5432499999986,-69.2426944444433
ADP.2019-01-30T02_54_21.557.fits,234351,2008-12-27T07:28:33.257,54827.31149604,GIRAFFE,ESO-VLT-U2,ADP.2019-01-30T02:54:21.557.fits,182.D-0222(A),SCIENCE_RBNSPEC_STACK,,,,84.3169999999986,-69.1479999999988
ADP.2019-01-30T02_54_21.561.fits,54810,2008-12-27T07:28:33.257,54827.31149604,GIRAFFE,ESO-VLT-U2,ADP.2019-01-30T02:54:21.561.fits,182.D-0222(A),SCIENCE_RBNSPEC_STACK,,,,84.8652083333319,-69.0073888888877
ADP.2019-01-30T02_54_21.565.fits,37565,2008-12-27T07:28:33.257,54827.31149604,GIRAFFE,ESO-VLT-U2,ADP.2019-01-30T02:54:21.565.fits,182.D-0222(A),SCIENCE_RBNSPEC_STACK,,,,85.0751249999986,-69.1433333333322
ADP.2019-01-30T02_54_21.577.fits,55047,2008-12-27T07:28:33.257,54827.31149604,GIRAFFE,ESO-VLT-U2,ADP.2019-01-30T02:54:21.577.fits,182.D-0222(A),SCIENCE_RBNSPEC_STACK,,,,84.9693333333319,-69.0054999999988
ADP.2019-01-30T02_54_21.597.fits,357,2008-12-27T07:28:33.257,54827.31149604,GIRAFFE,ESO-VLT-U2,ADP.2019-01-30T02:54:21.597.fits,182.D-0222(A),SCIENCE_RBNSPEC_STACK,,,,84.6946249999986,-69.0940833333322
ADP.2019-01-30T02_54_21.621.fits,23256,2008-12-27T07:28:33.257,54827.31149604,GIRAFFE,ESO-VLT-U2,ADP.2019-01-30T02:54:21.621.fits,182.D-0222(A),SCIENCE_RBNSPEC_STACK,,,,84.7622916666652,-69.2499999999988
ADP.2019-01-30T02_54_21.633.fits,5,2008-12-27T07:28:33.257,54827.31149604,GIRAFFE,ESO-VLT-U2,ADP.2019-01-30T02:54:21.633.fits,182.D-0222(A),SCIENCE_RBNSPEC_STACK,,,,84.6540416666652,-69.0854999999988
ADP.2019-01-30T02_54_21.637.fits,38898,2008-12-27T07:28:33.257,54827.31149604,GIRAFFE,ESO-VLT-U2,ADP.2019-01-30T02:54:21.637.fits,182.D-0222(A),SCIENCE_RBNSPEC_STACK,,,,85.1082916666652,-69.1328055555544
ADP.2019-01-30T02_54_21.641.fits,134482,2008-12-27T07:28:33.257,54827.31149604,GIRAFFE,ESO-VLT-U2,ADP.2019-01-30T02:54:21.641.fits,182.D-0222(A),SCIENCE_RBNSPEC_STACK,,,,84.6409166666652,-69.0766944444433
ADP.2019-01-30T02_54_21.645.fits,30408,2008-12-27T07:28:33.257,54827.31149604,GIRAFFE,ESO-VLT-U2,ADP.2019-01-30T02:54:21.645.fits,182.D-0222(A),SCIENCE_RBNSPEC_STACK,,,,84.9631666666652,-69.1981944444433
ADP.2019-01-30T02_54_21.653.fits,330351,2008-12-27T07:28:33.257,54827.31149604,GIRAFFE,ESO-VLT-U2,ADP.2019-01-30T02:54:21.653.fits,182.D-0222(A),SCIENCE_RBNSPEC_STACK,,,,84.4749999999986,-68.955472222221
ADP.2019-01-30T02_54_21.657.fits,231521,2008-12-27T07:28:33.257,54827.31149604,GIRAFFE,ESO-VLT-U2,ADP.2019-01-30T02:54:21.657.fits,182.D-0222(A),SCIENCE_RBNSPEC_STACK,,,,84.3766666666652,-69.1668055555544
ADP.2019-01-30T02_54_21.661.fits,128,2008-12-27T07:28:33.257,54827.31149604,GIRAFFE,ESO-VLT-U2,ADP.2019-01-30T02:54:21.661.fits,182.D-0222(A),SCIENCE_RBNSPEC_STACK,,,,84.6871249999986,-69.0925277777766
ADP.2019-01-30T02_54_21.665.fits,325158,2008-12-27T07:28:33.257,54827.31149604,GIRAFFE,ESO-VLT-U2,ADP.2019-01-30T02:54:21.665.fits,182.D-0222(A),SCIENCE_RBNSPEC_STACK,,,,84.4428333333319,-69.001722222221
ADP.2019-01-30T02_54_21.673.fits,134704,2008-12-27T07:28:33.257,54827.31149604,GIRAFFE,ESO-VLT-U2,ADP.2019-01-30T02:54:21.673.fits,182.D-0222(A),SCIENCE_RBNSPEC_STACK,,,,85.0748333333319,-69.0713888888877
ADP.2019-01-30T02_54_21.677.fits,31212,2008-12-27T07:28:33.257,54827.31149604,GIRAFFE,ESO-VLT-U2,ADP.2019-01-30T02:54:21.677.fits,182.D-0222(A),SCIENCE_RBNSPEC_STACK,,,,84.9731249999986,-69.1919444444433
ADP.2019-01-30T02_54_21.681.fits,226091,2008-12-27T07:28:33.257,54827.31149604,GIRAFFE,ESO-VLT-U2,ADP.2019-01-30T02:54:21.681.fits,182.D-0222(A),SCIENCE_RBNSPEC_STACK,,,,84.3497916666652,-69.2058888888877
ADP.2019-01-30T02_54_21.685.fits,250079,2008-12-27T07:28:33.257,54827.31149604,GIRAFFE,ESO-VLT-U2,ADP.2019-01-30T02:54:21.685.fits,182.D-0222(A),SCIENCE_RBNSPEC_STACK,,,,84.3283749999986,-69.0369444444433
ADP.2019-01-30T02_54_21.693.fits,448,2008-12-27T07:28:33.257,54827.31149604,GIRAFFE,ESO-VLT-U2,ADP.2019-01-30T02:54:21.693.fits,182.D-0222(A),SCIENCE_RBNSPEC_STACK,,,,84.6981249999986,-69.1094722222211
ADP.2019-01-30T02_54_21.697.fits,103576,2008-12-27T07:28:33.257,54827.31149604,GIRAFFE,ESO-VLT-U2,ADP.2019-01-30T02:54:21.697.fits,182.D-0222(A),SCIENCE_RBNSPEC_STACK,,,,84.6622499999986,-69.0533611111099
ADP.2019-01-30T02_54_21.701.fits,140,2008-12-27T07:28:33.257,54827.31149604,GIRAFFE,ESO-VLT-U2,ADP.2019-01-30T02:54:21.701.fits,182.D-0222(A),SCIENCE_RBNSPEC_STACK,,,,84.6500833333319,-69.1046666666655
ADP.2019-01-30T02_54_21.705.fits,312191,2008-12-27T07:28:33.257,54827.31149604,GIRAFFE,ESO-VLT-U2,ADP.2019-01-30T02:54:21.705.fits,182.D-0222(A),SCIENCE_RBNSPEC_STACK,,,,84.3207083333319,-69.1317499999988
ADP.2019-01-30T02_54_21.713.fits,313769,2008-12-27T07:28:33.257,54827.31149604,GIRAFFE,ESO-VLT-U2,ADP.2019-01-30T02:54:21.713.fits,182.D-0222(A),SCIENCE_RBNSPEC_STACK,,,,84.3606666666652,-69.1171388888877
ADP.2019-01-30T02_54_21.717.fits,32343,2008-12-27T07:28:33.257,54827.31149604,GIRAFFE,ESO-VLT-U2,ADP.2019-01-30T02:54:21.717.fits,182.D-0222(A),SCIENCE_RBNSPEC_STACK,,,,84.9738749999986,-69.1839444444433
ADP.2019-01-30T02_54_21.721.fits,230831,2008-12-27T07:28:33.257,54827.31149604,GIRAFFE,ESO-VLT-U2,ADP.2019-01-30T02:54:21.721.fits,182.D-0222(A),SCIENCE_RBNSPEC_STACK,,,,84.4047916666652,-69.1716944444433
ADP.2019-01-30T02_54_21.733.fits,422,2008-12-27T07:28:33.257,54827.31149604,GIRAFFE,ESO-VLT-U2,ADP.2019-01-30T02:54:21.733.fits,182.D-0222(A),SCIENCE_RBNSPEC_STACK,,,,84.6635416666652,-69.1003055555544
ADP.2019-01-30T02_54_21.737.fits,134,2008-12-27T07:28:33.257,54827.31149604,GIRAFFE,ESO-VLT-U2,ADP.2019-01-30T02:54:21.737.fits,182.D-0222(A),SCIENCE_RBNSPEC_STACK,,,,84.6754166666652,-69.0959444444433
ADP.2019-01-30T02_54_21.741.fits,35066,2008-12-27T07:28:33.257,54827.31149604,GIRAFFE,ESO-VLT-U2,ADP.2019-01-30T02:54:21.741.fits,182.D-0222(A),SCIENCE_RBNSPEC_STACK,,,,85.1035833333319,-69.1622499999988
ADP.2019-01-30T02_54_21.749.fits,27271,2008-12-27T07:28:33.257,54827.31149604,GIRAFFE,ESO-VLT-U2,ADP.2019-01-30T02:54:21.749.fits,182.D-0222(A),SCIENCE_RBNSPEC_STACK,,,,84.8786666666652,-69.2215555555544
ADP.2019-01-30T02_54_21.753.fits,26838,2008-12-27T07:28:33.257,54827.31149604,GIRAFFE,ESO-VLT-U2,ADP.2019-01-30T02:54:21.753.fits,182.D-0222(A),SCIENCE_RBNSPEC_STACK,,,,84.7709166666652,-69.2249166666655
ADP.2019-01-30T02_54_21.769.fits,259473,2008-12-27T07:28:33.257,54827.31149604,GIRAFFE,ESO-VLT-U2,ADP.2019-01-30T02:54:21.769.fits,182.D-0222(A),SCIENCE_RBNSPEC_STACK,,,,84.3863333333319,-68.9730555555544
ADP.2019-01-30T02_54_21.773.fits,350,2008-12-27T07:28:33.257,54827.31149604,GIRAFFE,ESO-VLT-U2,ADP.2019-01-30T02:54:21.773.fits,182.D-0222(A),SCIENCE_RBNSPEC_STACK,,,,84.6847916666652,-69.1113055555544
ADP.2019-01-30T02_54_21.777.fits,240891,2008-12-27T07:28:33.257,54827.31149604,GIRAFFE,ESO-VLT-U2,ADP.2019-01-30T02:54:21.777.fits,182.D-0222(A),SCIENCE_RBNSPEC_STACK,,,,84.4225833333319,-69.1029166666655
ADP.2019-01-30T02_54_21.781.fits,128127,2008-12-27T07:28:33.257,54827.31149604,GIRAFFE,ESO-VLT-U2,ADP.2019-01-30T02:54:21.781.fits,182.D-0222(A),SCIENCE_RBNSPEC_STACK,,,,84.5930416666652,-69.2208888888877
ADP.2019-01-30T03_50_19.044.fits,309971,2008-12-19T03:31:36.913,54819.14695502,GIRAFFE,ESO-VLT-U2,ADP.2019-01-30T03:50:19.044.fits,182.D-0222(A),SCIENCE_RBNSPEC_STACK,,,,84.3936249999986,-69.1526111111099
ADP.2019-01-30T03_50_19.053.fits,225831,2008-12-19T03:31:36.913,54819.14695502,GIRAFFE,ESO-VLT-U2,ADP.2019-01-30T03:50:19.053.fits,182.D-0222(A),SCIENCE_RBNSPEC_STACK,,,,84.5771666666652,-69.2078055555544
ADP.2019-01-30T03_50_19.057.fits,130617,2008-12-19T02:14:12.945,54819.09320538,GIRAFFE,ESO-VLT-U2,ADP.2019-01-30T03:50:19.057.fits,182.D-0222(A),SCIENCE_RBNSPEC_STACK,,,,84.7005416666652,-69.1625277777766
ADP.2019-01-30T03_50_19.066.fits,314019,2008-12-19T02:14:12.945,54819.09320538,GIRAFFE,ESO-VLT-U2,ADP.2019-01-30T03:50:19.066.fits,182.D-0222(A),SCIENCE_RBNSPEC_STACK,,,,84.3704999999986,-69.1146666666655
ADP.2019-01-30T03_50_19.070.fits,253166,2008-12-19T00:50:32.249,54819.03509548,GIRAFFE,ESO-VLT-U2,ADP.2019-01-30T03:50:19.070.fits,182.D-0222(A),SCIENCE_RBNSPEC_STACK,,,,84.5609999999986,-69.0160277777766
ADP.2019-01-30T03_50_19.079.fits,50540,2008-12-19T03:31:36.913,54819.14695502,GIRAFFE,ESO-VLT-U2,ADP.2019-01-30T03:50:19.079.fits,182.D-0222(A),SCIENCE_RBNSPEC_STACK,,,,84.8526666666652,-69.0386944444433
ADP.2019-01-30T03_50_19.083.fits,455,2008-12-19T07:05:46.148,54819.29567301,GIRAFFE,ESO-VLT-U2,ADP.2019-01-30T03:50:19.083.fits,182.D-0222(A),SCIENCE_RBNSPEC_STACK,,,,84.6656249999986,-69.0973611111099
ADP.2019-01-30T03_50_19.092.fits,43322,2008-12-19T03:31:36.913,54819.14695502,GIRAFFE,ESO-VLT-U2,ADP.2019-01-30T03:50:19.092.fits,182.D-0222(A),SCIENCE_RBNSPEC_STACK,,,,84.7476666666652,-69.0971111111099
ADP.2019-01-30T03_50_19.096.fits,397,2008-12-19T03:31:36.913,54819.14695502,GIRAFFE,ESO-VLT-U2,ADP.2019-01-30T03:50:19.096.fits,182.D-0222(A),SCIENCE_RBNSPEC_STACK,,,,84.6749583333319,-69.1148333333322
ADP.2019-01-30T03_50_19.100.fits,240891,2008-12-19T07:05:46.148,54819.29567301,GIRAFFE,ESO-VLT-U2,ADP.2019-01-30T03:50:19.100.fits,182.D-0222(A),SCIENCE_RBNSPEC_STACK,,,,84.4225833333319,-69.1029166666655
ADP.2019-01-30T03_50_19.104.fits,140,2008-12-19T07:05:46.148,54819.29567301,GIRAFFE,ESO-VLT-U2,ADP.2019-01-30T03:50:19.104.fits,182.D-0222(A),SCIENCE_RBNSPEC_STACK,,,,84.6500833333319,-69.1046666666655
ADP.2019-01-30T03_50_19.108.fits,370148,2008-12-19T05:38:54.466,54819.23535263,GIRAFFE,ESO-VLT-U2,ADP.2019-01-30T03:50:19.108.fits,182.D-0222(A),SCIENCE_RBNSPEC_STACK,,,,84.5666666666652,-69.1698055555544
ADP.2019-01-30T03_50_19.117.fits,132126,2008-12-19T02:14:12.945,54819.09320538,GIRAFFE,ESO-VLT-U2,ADP.2019-01-30T03:50:19.117.fits,182.D-0222(A),SCIENCE_RBNSPEC_STACK,,,,84.9687916666652,-69.1273888888877
ADP.2019-01-30T03_50_19.121.fits,158,2008-12-19T02:14:12.945,54819.09320538,GIRAFFE,ESO-VLT-U2,ADP.2019-01-30T03:50:19.121.fits,182.D-0222(A),SCIENCE_RBNSPEC_STACK,,,,84.6496666666652,-69.0930277777766
ADP.2019-01-30T03_50_19.125.fits,38523,2008-12-19T02:14:12.945,54819.09320538,GIRAFFE,ESO-VLT-U2,ADP.2019-01-30T03:50:19.125.fits,182.D-0222(A),SCIENCE_RBNSPEC_STACK,,,,84.7469999999986,-69.136722222221
ADP.2019-01-30T03_50_19.129.fits,935941,2008-12-19T00:50:32.249,54819.03509548,GIRAFFE,ESO-VLT-U2,ADP.2019-01-30T03:50:19.129.fits,182.D-0222(A),SCIENCE_RBNSPEC_STACK,,,,84.5514166666652,-69.0159166666655
ADP.2019-01-30T03_50_19.133.fits,30789,2008-12-19T03:31:36.913,54819.14695502,GIRAFFE,ESO-VLT-U2,ADP.2019-01-30T03:50:19.133.fits,182.D-0222(A),SCIENCE_RBNSPEC_STACK,,,,84.6332916666652,-69.195722222221
ADP.2019-01-30T03_50_19.137.fits,440178,2008-12-19T03:31:36.913,54819.14695502,GIRAFFE,ESO-VLT-U2,ADP.2019-01-30T03:50:19.137.fits,182.D-0222(A),SCIENCE_RBNSPEC_STACK,,,,84.4588749999986,-69.1670833333322
ADP.2019-01-30T03_50_19.141.fits,48519,2008-12-19T07:05:46.148,54819.29567301,GIRAFFE,ESO-VLT-U2,ADP.2019-01-30T03:50:19.141.fits,182.D-0222(A),SCIENCE_RBNSPEC_STACK,,,,85.0844999999986,-69.0533055555544
ADP.2019-01-30T03_50_19.145.fits,254403,2008-12-19T07:05:46.148,54819.29567301,GIRAFFE,ESO-VLT-U2,ADP.2019-01-30T03:50:19.145.fits,182.D-0222(A),SCIENCE_RBNSPEC_STACK,,,,84.3134999999986,-69.0077499999989
ADP.2019-01-30T03_50_19.149.fits,99143,2008-12-19T03:31:36.913,54819.14695502,GIRAFFE,ESO-VLT-U2,ADP.2019-01-30T03:50:19.149.fits,182.D-0222(A),SCIENCE_RBNSPEC_STACK,,,,84.6647916666653,-69.1181388888877
ADP.2019-01-30T03_50_19.153.fits,30346,2008-12-19T00:50:32.249,54819.03509548,GIRAFFE,ESO-VLT-U2,ADP.2019-01-30T03:50:19.153.fits,182.D-0222(A),SCIENCE_RBNSPEC_STACK,,,,84.9132083333319,-69.1986666666655
ADP.2019-01-30T03_50_19.157.fits,56285,2008-12-19T02:14:12.945,54819.09320538,GIRAFFE,ESO-VLT-U2,ADP.2019-01-30T03:50:19.157.fits,182.D-0222(A),SCIENCE_RBNSPEC_STACK,,,,84.7016249999986,-68.9971666666655
ADP.2019-01-30T03_50_19.161.fits,40342,2008-12-19T05:38:54.466,54819.23535263,GIRAFFE,ESO-VLT-U2,ADP.2019-01-30T03:50:19.161.fits,182.D-0222(A),SCIENCE_RBNSPEC_STACK,,,,84.6845416666652,-69.1212499999988
ADP.2019-01-30T03_50_19.165.fits,376858,2008-12-19T07:05:46.148,54819.29567301,GIRAFFE,ESO-VLT-U2,ADP.2019-01-30T03:50:19.165.fits,182.D-0222(A),SCIENCE_RBNSPEC_STACK,,,,84.5675416666652,-69.0677777777766
ADP.2019-01-30T03_50_19.169.fits,153742,2008-12-19T00:50:32.249,54819.03509548,GIRAFFE,ESO-VLT-U2,ADP.2019-01-30T03:50:19.169.fits,182.D-0222(A),SCIENCE_RBNSPEC_STACK,,,,84.6828749999986,-69.0545277777766
ADP.2019-01-30T03_50_19.173.fits,412,2008-12-19T02:14:12.945,54819.09320538,GIRAFFE,ESO-VLT-U2,ADP.2019-01-30T03:50:19.173.fits,182.D-0222(A),SCIENCE_RBNSPEC_STACK,,,,84.6690833333319,-69.0864444444433
ADP.2019-01-30T03_50_19.177.fits,91,2008-12-19T03:31:36.913,54819.14695502,GIRAFFE,ESO-VLT-U2,ADP.2019-01-30T03:50:19.177.fits,182.D-0222(A),SCIENCE_RBNSPEC_STACK,,,,84.6928749999986,-69.0997777777766
ADP.2019-01-30T03_50_19.181.fits,250079,2008-12-19T07:05:46.148,54819.29567301,GIRAFFE,ESO-VLT-U2,ADP.2019-01-30T03:50:19.181.fits,182.D-0222(A),SCIENCE_RBNSPEC_STACK,,,,84.3283749999986,-69.0369444444433
ADP.2019-01-30T03_50_19.185.fits,238243,2008-12-19T07:05:46.148,54819.29567301,GIRAFFE,ESO-VLT-U2,ADP.2019-01-30T03:50:19.185.fits,182.D-0222(A),SCIENCE_RBNSPEC_STACK,,,,84.3514166666652,-69.1214166666655
ADP.2019-01-30T03_50_19.189.fits,54998,2008-12-19T07:05:46.148,54819.29567301,GIRAFFE,ESO-VLT-U2,ADP.2019-01-30T03:50:19.189.fits,182.D-0222(A),SCIENCE_RBNSPEC_STACK,,,,84.9924583333319,-69.0057499999988
ADP.2019-01-30T03_50_19.193.fits,266,2008-12-19T05:38:54.466,54819.23535263,GIRAFFE,ESO-VLT-U2,ADP.2019-01-30T03:50:19.193.fits,182.D-0222(A),SCIENCE_RBNSPEC_STACK,,,,84.6742083333319,-69.0921944444433
ADP.2019-01-30T03_50_19.197.fits,99015,2008-12-19T07:05:46.148,54819.29567301,GIRAFFE,ESO-VLT-U2,ADP.2019-01-30T03:50:19.197.fits,182.D-0222(A),SCIENCE_RBNSPEC_STACK,,,,84.6977499999986,-69.1203888888877
ADP.2019-01-30T03_50_19.201.fits,97511,2008-12-19T02:14:12.945,54819.09320538,GIRAFFE,ESO-VLT-U2,ADP.2019-01-30T03:50:19.201.fits,182.D-0222(A),SCIENCE_RBNSPEC_STACK,,,,84.6797499999986,-69.1431944444433
ADP.2019-01-30T03_50_19.205.fits,327633,2008-12-19T07:05:46.148,54819.29567301,GIRAFFE,ESO-VLT-U2,ADP.2019-01-30T03:50:19.205.fits,182.D-0222(A),SCIENCE_RBNSPEC_STACK,,,,84.4467916666652,-68.9803333333322
ADP.2019-01-30T03_50_19.209.fits,313769,2008-12-19T07:05:46.148,54819.29567301,GIRAFFE,ESO-VLT-U2,ADP.2019-01-30T03:50:19.209.fits,182.D-0222(A),SCIENCE_RBNSPEC_STACK,,,,84.3606666666652,-69.1171388888877
ADP.2019-01-30T03_50_19.213.fits,234700,2008-12-19T02:14:12.945,54819.09320538,GIRAFFE,ESO-VLT-U2,ADP.2019-01-30T03:50:19.213.fits,182.D-0222(A),SCIENCE_RBNSPEC_STACK,,,,84.4204583333319,-69.1456111111099
ADP.2019-01-30T03_50_19.217.fits,102393,2008-12-19T03:31:36.913,54819.14695502,GIRAFFE,ESO-VLT-U2,ADP.2019-01-30T03:50:19.217.fits,182.D-0222(A),SCIENCE_RBNSPEC_STACK,,,,84.6614583333319,-69.0700833333322
ADP.2019-01-30T03_50_19.221.fits,43322,2008-12-19T02:14:12.945,54819.09320538,GIRAFFE,ESO-VLT-U2,ADP.2019-01-30T03:50:19.221.fits,182.D-0222(A),SCIENCE_RBNSPEC_STACK,,,,84.7476666666652,-69.0971111111099
ADP.2019-01-30T03_50_19.225.fits,376697,2008-12-19T05:38:54.466,54819.23535263,GIRAFFE,ESO-VLT-U2,ADP.2019-01-30T03:50:19.225.fits,182.D-0222(A),SCIENCE_RBNSPEC_STACK,,,,84.5694999999986,-69.0705555555544
ADP.2019-01-30T03_50_19.229.fits,130617,2008-12-19T03:31:36.913,54819.14695502,GIRAFFE,ESO-VLT-U2,ADP.2019-01-30T03:50:19.229.fits,182.D-0222(A),SCIENCE_RBNSPEC_STACK,,,,84.7005416666652,-69.1625277777766
ADP.2019-01-30T03_50_19.233.fits,49698,2008-12-19T02:14:12.945,54819.09320538,GIRAFFE,ESO-VLT-U2,ADP.2019-01-30T03:50:19.233.fits,182.D-0222(A),SCIENCE_RBNSPEC_STACK,,,,84.6375833333319,-69.0452777777766
ADP.2019-01-30T03_50_19.237.fits,462291,2008-12-19T03:31:36.913,54819.14695502,GIRAFFE,ESO-VLT-U2,ADP.2019-01-30T03:50:19.237.fits,182.D-0222(A),SCIENCE_RBNSPEC_STACK,,,,84.3702916666653,-69.1184444444433
ADP.2019-01-30T03_50_19.241.fits,228315,2008-12-19T02:14:12.945,54819.09320538,GIRAFFE,ESO-VLT-U2,ADP.2019-01-30T03:50:19.241.fits,182.D-0222(A),SCIENCE_RBNSPEC_STACK,,,,84.5200833333319,-69.1895833333322
ADP.2019-01-30T03_50_19.245.fits,38523,2008-12-19T03:31:36.913,54819.14695502,GIRAFFE,ESO-VLT-U2,ADP.2019-01-30T03:50:19.245.fits,182.D-0222(A),SCIENCE_RBNSPEC_STACK,,,,84.7469999999986,-69.136722222221
ADP.2019-01-30T03_50_19.249.fits,125,2008-12-19T02:14:12.945,54819.09320538,GIRAFFE,ESO-VLT-U2,ADP.2019-01-30T03:50:19.249.fits,182.D-0222(A),SCIENCE_RBNSPEC_STACK,,,,84.7168749999986,-69.0927222222211
ADP.2019-01-30T03_50_19.253.fits,259,2008-12-19T02:14:12.945,54819.09320538,GIRAFFE,ESO-VLT-U2,ADP.2019-01-30T03:50:19.253.fits,182.D-0222(A),SCIENCE_RBNSPEC_STACK,,,,84.6861249999986,-69.0871944444433
ADP.2019-01-30T03_50_19.257.fits,171193,2008-12-19T00:50:32.249,54819.03509548,GIRAFFE,ESO-VLT-U2,ADP.2019-01-30T03:50:19.257.fits,182.D-0222(A),SCIENCE_RBNSPEC_STACK,,,,84.5801666666652,-69.1001388888877
ADP.2019-01-30T03_50_19.261.fits,318,2008-12-19T00:50:32.249,54819.03509548,GIRAFFE,ESO-VLT-U2,ADP.2019-01-30T03:50:19.261.fits,182.D-0222(A),SCIENCE_RBNSPEC_STACK,,,,84.6903749999986,-69.1042499999988
ADP.2019-01-30T03_50_19.265.fits,63175,2008-12-19T07:05:46.148,54819.29567301,GIRAFFE,ESO-VLT-U2,ADP.2019-01-30T03:50:19.265.fits,182.D-0222(A),SCIENCE_RBNSPEC_STACK,,,,84.8402499999986,-68.9504166666655
ADP.2019-01-30T03_50_19.269.fits,38526,2008-12-19T03:31:36.913,54819.14695502,GIRAFFE,ESO-VLT-U2,ADP.2019-01-30T03:50:19.269.fits,182.D-0222(A),SCIENCE_RBNSPEC_STACK,,,,84.7039583333319,-69.1367777777766
ADP.2019-01-30T03_50_19.273.fits,242538,2008-12-19T03:31:36.913,54819.14695502,GIRAFFE,ESO-VLT-U2,ADP.2019-01-30T03:50:19.273.fits,182.D-0222(A),SCIENCE_RBNSPEC_STACK,,,,84.4336666666652,-69.0908333333322
ADP.2019-01-30T03_50_19.277.fits,151336,2008-12-19T03:31:36.913,54819.14695502,GIRAFFE,ESO-VLT-U2,ADP.2019-01-30T03:50:19.277.fits,182.D-0222(A),SCIENCE_RBNSPEC_STACK,,,,84.6252916666652,-69.1409999999988
ADP.2019-01-30T03_50_19.281.fits,226091,2008-12-19T07:05:46.148,54819.29567301,GIRAFFE,ESO-VLT-U2,ADP.2019-01-30T03:50:19.281.fits,182.D-0222(A),SCIENCE_RBNSPEC_STACK,,,,84.3497916666652,-69.2058888888877
ADP.2019-01-30T03_50_19.285.fits,23256,2008-12-19T07:05:46.148,54819.29567301,GIRAFFE,ESO-VLT-U2,ADP.2019-01-30T03:50:19.285.fits,182.D-0222(A),SCIENCE_RBNSPEC_STACK,,,,84.7622916666652,-69.2499999999988
ADP.2019-01-30T03_50_19.289.fits,41709,2008-12-19T03:31:36.913,54819.14695502,GIRAFFE,ESO-VLT-U2,ADP.2019-01-30T03:50:19.289.fits,182.D-0222(A),SCIENCE_RBNSPEC_STACK,,,,84.8760833333319,-69.1100833333322
ADP.2019-01-30T03_50_19.293.fits,370868,2008-12-19T00:50:32.249,54819.03509548,GIRAFFE,ESO-VLT-U2,ADP.2019-01-30T03:50:19.293.fits,182.D-0222(A),SCIENCE_RBNSPEC_STACK,,,,84.4632499999986,-69.1603888888877
ADP.2019-01-30T03_50_19.297.fits,44340,2008-12-19T07:05:46.148,54819.29567301,GIRAFFE,ESO-VLT-U2,ADP.2019-01-30T03:50:19.297.fits,182.D-0222(A),SCIENCE_RBNSPEC_STACK,,,,85.0986249999985,-69.0873055555544
ADP.2019-01-30T03_50_19.301.fits,259,2008-12-19T03:31:36.913,54819.14695502,GIRAFFE,ESO-VLT-U2,ADP.2019-01-30T03:50:19.301.fits,182.D-0222(A),SCIENCE_RBNSPEC_STACK,,,,84.6861249999986,-69.0871944444433
ADP.2019-01-30T03_50_19.305.fits,36744,2008-12-19T03:31:36.913,54819.14695502,GIRAFFE,ESO-VLT-U2,ADP.2019-01-30T03:50:19.305.fits,182.D-0222(A),SCIENCE_RBNSPEC_STACK,,,,84.9103749999986,-69.1501388888877
ADP.2019-01-30T03_50_19.309.fits,51,2008-12-19T00:50:32.249,54819.03509548,GIRAFFE,ESO-VLT-U2,ADP.2019-01-30T03:50:19.309.fits,182.D-0222(A),SCIENCE_RBNSPEC_STACK,,,,84.6517499999986,-69.1159722222211
ADP.2019-01-30T03_50_19.313.fits,134893,2008-12-19T03:31:36.913,54819.14695502,GIRAFFE,ESO-VLT-U2,ADP.2019-01-30T03:50:19.313.fits,182.D-0222(A),SCIENCE_RBNSPEC_STACK,,,,84.9050416666652,-69.06786111111
ADP.2019-01-30T03_50_19.317.fits,350,2008-12-19T07:05:46.148,54819.29567301,GIRAFFE,ESO-VLT-U2,ADP.2019-01-30T03:50:19.317.fits,182.D-0222(A),SCIENCE_RBNSPEC_STACK,,,,84.6847916666652,-69.1113055555544
ADP.2019-01-30T03_50_19.321.fits,37163,2008-12-19T02:14:12.945,54819.09320538,GIRAFFE,ESO-VLT-U2,ADP.2019-01-30T03:50:19.321.fits,182.D-0222(A),SCIENCE_RBNSPEC_STACK,,,,84.9022083333319,-69.1469166666655
ADP.2019-01-30T03_50_19.325.fits,227,2008-12-19T05:38:54.466,54819.23535263,GIRAFFE,ESO-VLT-U2,ADP.2019-01-30T03:50:19.325.fits,182.D-0222(A),SCIENCE_RBNSPEC_STACK,,,,84.6397916666653,-69.0893611111099
ADP.2019-01-30T03_50_19.329.fits,241490,2008-12-19T03:31:36.913,54819.14695502,GIRAFFE,ESO-VLT-U2,ADP.2019-01-30T03:50:19.329.fits,182.D-0222(A),SCIENCE_RBNSPEC_STACK,,,,84.4183749999986,-69.0983333333322
ADP.2019-01-30T03_50_19.333.fits,454683,2008-12-19T05:38:54.466,54819.23535263,GIRAFFE,ESO-VLT-U2,ADP.2019-01-30T03:50:19.333.fits,182.D-0222(A),SCIENCE_RBNSPEC_STACK,,,,84.5701666666652,-69.0658611111099
ADP.2019-01-30T03_50_19.337.fits,48101,2008-12-19T07:05:46.148,54819.29567301,GIRAFFE,ESO-VLT-U2,ADP.2019-01-30T03:50:19.337.fits,182.D-0222(A),SCIENCE_RBNSPEC_STACK,,,,85.0317499999986,-69.0566388888877
ADP.2019-01-30T03_50_19.341.fits,45371,2008-12-19T05:38:54.466,54819.23535263,GIRAFFE,ESO-VLT-U2,ADP.2019-01-30T03:50:19.341.fits,182.D-0222(A),SCIENCE_RBNSPEC_STACK,,,,84.6126666666652,-69.0796111111099
ADP.2019-01-30T03_50_19.345.fits,235944,2008-12-19T05:38:54.466,54819.23535263,GIRAFFE,ESO-VLT-U2,ADP.2019-01-30T03:50:19.345.fits,182.D-0222(A),SCIENCE_RBNSPEC_STACK,,,,84.3906666666652,-69.1369999999988
ADP.2019-01-30T03_50_19.349.fits,100034,2008-12-19T05:38:54.466,54819.23535263,GIRAFFE,ESO-VLT-U2,ADP.2019-01-30T03:50:19.349.fits,182.D-0222(A),SCIENCE_RBNSPEC_STACK,,,,84.5869583333319,-69.1047777777766
ADP.2019-01-30T03_50_19.353.fits,42222,2008-12-19T05:38:54.466,54819.23535263,GIRAFFE,ESO-VLT-U2,ADP.2019-01-30T03:50:19.353.fits,182.D-0222(A),SCIENCE_RBNSPEC_STACK,,,,84.7919166666652,-69.1059444444433
ADP.2019-01-30T03_50_19.357.fits,61,2008-12-19T05:38:54.466,54819.23535263,GIRAFFE,ESO-VLT-U2,ADP.2019-01-30T03:50:19.357.fits,182.D-0222(A),SCIENCE_RBNSPEC_STACK,,,,84.7133749999986,-69.0997777777766
ADP.2019-01-30T03_50_19.361.fits,378,2008-12-19T00:50:32.249,54819.03509548,GIRAFFE,ESO-VLT-U2,ADP.2019-01-30T03:50:19.361.fits,182.D-0222(A),SCIENCE_RBNSPEC_STACK,,,,84.7018333333319,-69.1101111111099
ADP.2019-01-30T03_50_19.365.fits,326,2008-12-19T05:38:54.466,54819.23535263,GIRAFFE,ESO-VLT-U2,ADP.2019-01-30T03:50:19.365.fits,182.D-0222(A),SCIENCE_RBNSPEC_STACK,,,,84.6303333333319,-69.0991388888877
ADP.2019-01-30T03_50_19.369.fits,45887,2008-12-19T00:50:32.249,54819.03509548,GIRAFFE,ESO-VLT-U2,ADP.2019-01-30T03:50:19.369.fits,182.D-0222(A),SCIENCE_RBNSPEC_STACK,,,,84.9155833333319,-69.0750555555544
ADP.2019-01-30T03_50_19.373.fits,246383,2008-12-19T03:31:36.913,54819.14695502,GIRAFFE,ESO-VLT-U2,ADP.2019-01-30T03:50:19.373.fits,182.D-0222(A),SCIENCE_RBNSPEC_STACK,,,,84.4857499999986,-69.0634999999988
ADP.2019-01-30T03_50_19.377.fits,38898,2008-12-19T07:05:46.148,54819.29567301,GIRAFFE,ESO-VLT-U2,ADP.2019-01-30T03:50:19.377.fits,182.D-0222(A),SCIENCE_RBNSPEC_STACK,,,,85.1082916666652,-69.1328055555544
ADP.2019-01-30T03_50_19.381.fits,315840,2008-12-19T00:50:32.249,54819.03509548,GIRAFFE,ESO-VLT-U2,ADP.2019-01-30T03:50:19.381.fits,182.D-0222(A),SCIENCE_RBNSPEC_STACK,,,,84.4075416666652,-69.0959722222211
ADP.2019-01-30T03_50_19.385.fits,47085,2008-12-19T00:50:32.249,54819.03509548,GIRAFFE,ESO-VLT-U2,ADP.2019-01-30T03:50:19.385.fits,182.D-0222(A),SCIENCE_RBNSPEC_STACK,,,,84.6359583333319,-69.0655277777766
ADP.2019-01-30T03_50_19.389.fits,475,2008-12-19T03:31:36.913,54819.14695502,GIRAFFE,ESO-VLT-U2,ADP.2019-01-30T03:50:19.389.fits,182.D-0222(A),SCIENCE_RBNSPEC_STACK,,,,84.6922083333319,-69.1065277777766
ADP.2019-01-30T03_50_19.393.fits,167927,2008-12-19T00:50:32.249,54819.03509548,GIRAFFE,ESO-VLT-U2,ADP.2019-01-30T03:50:19.393.fits,182.D-0222(A),SCIENCE_RBNSPEC_STACK,,,,84.6292499999986,-69.0210555555544
ADP.2019-01-30T03_50_19.397.fits,229,2008-12-19T02:14:12.945,54819.09320538,GIRAFFE,ESO-VLT-U2,ADP.2019-01-30T03:50:19.397.fits,182.D-0222(A),SCIENCE_RBNSPEC_STACK,,,,84.7157083333319,-69.1003055555544
ADP.2019-01-30T03_50_19.401.fits,125,2008-12-19T03:31:36.913,54819.14695502,GIRAFFE,ESO-VLT-U2,ADP.2019-01-30T03:50:19.401.fits,182.D-0222(A),SCIENCE_RBNSPEC_STACK,,,,84.7168749999986,-69.0927222222211
ADP.2019-01-30T03_50_19.405.fits,50540,2008-12-19T02:14:12.945,54819.09320538,GIRAFFE,ESO-VLT-U2,ADP.2019-01-30T03:50:19.405.fits,182.D-0222(A),SCIENCE_RBNSPEC_STACK,,,,84.8526666666652,-69.0386944444433
ADP.2019-01-30T03_50_19.409.fits,416172,2008-12-19T03:31:36.913,54819.14695502,GIRAFFE,ESO-VLT-U2,ADP.2019-01-30T03:50:19.409.fits,182.D-0222(A),SCIENCE_RBNSPEC_STACK,,,,84.5350833333319,-69.0956944444433
ADP.2019-01-30T03_50_19.413.fits,169677,2008-12-19T00:50:32.249,54819.03509548,GIRAFFE,ESO-VLT-U2,ADP.2019-01-30T03:50:19.413.fits,182.D-0222(A),SCIENCE_RBNSPEC_STACK,,,,84.6724583333319,-69.0502222222211
ADP.2019-01-30T03_50_19.417.fits,153660,2008-12-19T00:50:32.249,54819.03509548,GIRAFFE,ESO-VLT-U2,ADP.2019-01-30T03:50:19.417.fits,182.D-0222(A),SCIENCE_RBNSPEC_STACK,,,,84.8197916666652,-69.0576388888877
ADP.2019-01-30T03_50_19.421.fits,45668,2008-12-19T05:38:54.466,54819.23535263,GIRAFFE,ESO-VLT-U2,ADP.2019-01-30T03:50:19.421.fits,182.D-0222(A),SCIENCE_RBNSPEC_STACK,,,,84.8797083333319,-69.0768888888877
ADP.2019-01-30T03_50_19.425.fits,231454,2008-12-19T07:05:46.148,54819.29567301,GIRAFFE,ESO-VLT-U2,ADP.2019-01-30T03:50:19.425.fits,182.D-0222(A),SCIENCE_RBNSPEC_STACK,,,,84.4501666666653,-69.1673333333322
ADP.2019-01-30T03_50_19.429.fits,95203,2008-12-19T07:05:46.148,54819.29567301,GIRAFFE,ESO-VLT-U2,ADP.2019-01-30T03:50:19.429.fits,182.D-0222(A),SCIENCE_RBNSPEC_STACK,,,,84.9736249999985,-69.1762777777766
ADP.2019-01-30T03_50_19.433.fits,102138,2008-12-19T00:50:32.249,54819.03509548,GIRAFFE,ESO-VLT-U2,ADP.2019-01-30T03:50:19.433.fits,182.D-0222(A),SCIENCE_RBNSPEC_STACK,,,,84.6709999999986,-69.0735555555544
ADP.2019-01-30T03_50_19.437.fits,233550,2008-12-19T05:38:54.466,54819.23535263,GIRAFFE,ESO-VLT-U2,ADP.2019-01-30T03:50:19.437.fits,182.D-0222(A),SCIENCE_RBNSPEC_STACK,,,,84.4405833333319,-69.1536944444433
ADP.2019-01-30T03_50_19.441.fits,414198,2008-12-19T07:05:46.148,54819.29567301,GIRAFFE,ESO-VLT-U2,ADP.2019-01-30T03:50:19.441.fits,182.D-0222(A),SCIENCE_RBNSPEC_STACK,,,,84.3062499999986,-69.1429444444433
ADP.2019-01-30T03_50_19.445.fits,307084,2008-12-19T05:38:54.466,54819.23535263,GIRAFFE,ESO-VLT-U2,ADP.2019-01-30T03:50:19.445.fits,182.D-0222(A),SCIENCE_RBNSPEC_STACK,,,,84.5369166666652,-69.1777777777766
ADP.2019-01-30T03_50_19.449.fits,93009,2008-12-19T03:31:36.913,54819.14695502,GIRAFFE,ESO-VLT-U2,ADP.2019-01-30T03:50:19.449.fits,182.D-0222(A),SCIENCE_RBNSPEC_STACK,,,,84.6613749999986,-69.2090833333321
ADP.2019-01-30T03_50_19.453.fits,29804,2008-12-19T02:14:12.945,54819.09320538,GIRAFFE,ESO-VLT-U2,ADP.2019-01-30T03:50:19.453.fits,182.D-0222(A),SCIENCE_RBNSPEC_STACK,,,,84.7880833333319,-69.20286111111
ADP.2019-01-30T03_50_19.457.fits,259473,2008-12-19T07:05:46.148,54819.29567301,GIRAFFE,ESO-VLT-U2,ADP.2019-01-30T03:50:19.457.fits,182.D-0222(A),SCIENCE_RBNSPEC_STACK,,,,84.3863333333319,-68.9730555555544
ADP.2019-01-30T03_50_19.461.fits,170444,2008-12-19T00:50:32.249,54819.03509548,GIRAFFE,ESO-VLT-U2,ADP.2019-01-30T03:50:19.461.fits,182.D-0222(A),SCIENCE_RBNSPEC_STACK,,,,84.6843333333319,-69.0076388888877
ADP.2019-01-30T03_50_19.465.fits,417192,2008-12-19T02:14:12.945,54819.09320538,GIRAFFE,ESO-VLT-U2,ADP.2019-01-30T03:50:19.465.fits,182.D-0222(A),SCIENCE_RBNSPEC_STACK,,,,84.5740833333319,-69.0655277777766
ADP.2019-01-30T03_50_19.469.fits,179,2008-12-19T03:31:36.913,54819.14695502,GIRAFFE,ESO-VLT-U2,ADP.2019-01-30T03:50:19.469.fits,182.D-0222(A),SCIENCE_RBNSPEC_STACK,,,,84.6862499999986,-69.0958611111099
ADP.2019-01-30T03_50_19.473.fits,413731,2008-12-19T02:14:12.945,54819.09320538,GIRAFFE,ESO-VLT-U2,ADP.2019-01-30T03:50:19.473.fits,182.D-0222(A),SCIENCE_RBNSPEC_STACK,,,,84.4446249999986,-69.1531111111099
ADP.2019-01-30T03_50_19.477.fits,30812,2008-12-19T07:05:46.148,54819.29567301,GIRAFFE,ESO-VLT-U2,ADP.2019-01-30T03:50:19.477.fits,182.D-0222(A),SCIENCE_RBNSPEC_STACK,,,,85.0292083333319,-69.1948611111099
ADP.2019-01-30T03_50_19.481.fits,26852,2008-12-19T07:05:46.148,54819.29567301,GIRAFFE,ESO-VLT-U2,ADP.2019-01-30T03:50:19.481.fits,182.D-0222(A),SCIENCE_RBNSPEC_STACK,,,,84.9259999999986,-69.2245555555544
ADP.2019-01-30T03_50_19.485.fits,314556,2008-12-19T03:31:36.913,54819.14695502,GIRAFFE,ESO-VLT-U2,ADP.2019-01-30T03:50:19.485.fits,182.D-0222(A),SCIENCE_RBNSPEC_STACK,,,,84.4034166666652,-69.109222222221
ADP.2019-01-30T03_50_19.489.fits,137,2008-12-19T05:38:54.466,54819.23535263,GIRAFFE,ESO-VLT-U2,ADP.2019-01-30T03:50:19.489.fits,182.D-0222(A),SCIENCE_RBNSPEC_STACK,,,,84.6919583333319,-69.1043055555544
ADP.2019-01-30T03_50_19.493.fits,44148,2008-12-19T05:38:54.466,54819.23535263,GIRAFFE,ESO-VLT-U2,ADP.2019-01-30T03:50:19.493.fits,182.D-0222(A),SCIENCE_RBNSPEC_STACK,,,,84.8597916666652,-69.0898611111099
ADP.2019-01-30T03_50_19.497.fits,56285,2008-12-19T03:31:36.913,54819.14695502,GIRAFFE,ESO-VLT-U2,ADP.2019-01-30T03:50:19.497.fits,182.D-0222(A),SCIENCE_RBNSPEC_STACK,,,,84.7016249999986,-68.9971666666655
ADP.2019-01-30T03_50_19.501.fits,104089,2008-12-19T00:50:32.249,54819.03509548,GIRAFFE,ESO-VLT-U2,ADP.2019-01-30T03:50:19.501.fits,182.D-0222(A),SCIENCE_RBNSPEC_STACK,,,,84.7445833333319,-69.0457499999988
ADP.2019-01-30T03_50_19.505.fits,99245,2008-12-19T00:50:32.249,54819.03509548,GIRAFFE,ESO-VLT-U2,ADP.2019-01-30T03:50:19.505.fits,182.D-0222(A),SCIENCE_RBNSPEC_STACK,,,,84.6709999999986,-69.1166388888877
ADP.2019-01-30T03_50_19.509.fits,328529,2008-12-19T07:05:46.148,54819.29567301,GIRAFFE,ESO-VLT-U2,ADP.2019-01-30T03:50:19.509.fits,182.D-0222(A),SCIENCE_RBNSPEC_STACK,,,,84.4776249999986,-68.9720555555544
ADP.2019-01-30T03_50_19.513.fits,226,2008-12-19T05:38:54.466,54819.23535263,GIRAFFE,ESO-VLT-U2,ADP.2019-01-30T03:50:19.513.fits,182.D-0222(A),SCIENCE_RBNSPEC_STACK,,,,84.6344999999986,-69.0956944444433
ADP.2019-01-30T03_50_19.517.fits,60977,2008-12-19T07:05:46.148,54819.29567301,GIRAFFE,ESO-VLT-U2,ADP.2019-01-30T03:50:19.517.fits,182.D-0222(A),SCIENCE_RBNSPEC_STACK,,,,84.7112083333319,-68.9653888888877
ADP.2019-01-30T03_50_19.521.fits,30933,2008-12-19T00:50:32.249,54819.03509548,GIRAFFE,ESO-VLT-U2,ADP.2019-01-30T03:50:19.521.fits,182.D-0222(A),SCIENCE_RBNSPEC_STACK,,,,84.9492916666652,-69.1941944444433
ADP.2019-01-30T03_50_19.525.fits,107388,2008-12-19T07:05:46.148,54819.29567301,GIRAFFE,ESO-VLT-U2,ADP.2019-01-30T03:50:19.525.fits,182.D-0222(A),SCIENCE_RBNSPEC_STACK,,,,85.0263333333319,-69.0003055555544
ADP.2019-01-30T03_50_19.529.fits,107,2008-12-19T03:31:36.913,54819.14695502,GIRAFFE,ESO-VLT-U2,ADP.2019-01-30T03:50:19.529.fits,182.D-0222(A),SCIENCE_RBNSPEC_STACK,,,,84.6227083333319,-69.0892222222211
ADP.2019-01-30T03_50_19.533.fits,148,2008-12-19T07:05:46.148,54819.29567301,GIRAFFE,ESO-VLT-U2,ADP.2019-01-30T03:50:19.533.fits,182.D-0222(A),SCIENCE_RBNSPEC_STACK,,,,84.7132916666652,-69.1114444444433
ADP.2019-01-30T03_50_19.537.fits,44825,2008-12-19T03:31:36.913,54819.14695502,GIRAFFE,ESO-VLT-U2,ADP.2019-01-30T03:50:19.537.fits,182.D-0222(A),SCIENCE_RBNSPEC_STACK,,,,84.9074583333319,-69.0835833333322
ADP.2019-01-30T03_50_19.541.fits,227980,2008-12-19T07:05:46.148,54819.29567301,GIRAFFE,ESO-VLT-U2,ADP.2019-01-30T03:50:19.541.fits,182.D-0222(A),SCIENCE_RBNSPEC_STACK,,,,84.4674583333319,-69.1920277777766
ADP.2019-01-30T03_50_19.545.fits,40750,2008-12-19T03:31:36.913,54819.14695502,GIRAFFE,ESO-VLT-U2,ADP.2019-01-30T03:50:19.545.fits,182.D-0222(A),SCIENCE_RBNSPEC_STACK,,,,84.6872499999986,-69.1179166666655
ADP.2019-01-30T03_50_19.549.fits,304143,2008-12-19T03:31:36.913,54819.14695502,GIRAFFE,ESO-VLT-U2,ADP.2019-01-30T03:50:19.549.fits,182.D-0222(A),SCIENCE_RBNSPEC_STACK,,,,84.5650833333319,-69.2033888888877
ADP.2019-01-30T03_50_19.553.fits,170957,2008-12-19T05:38:54.466,54819.23535263,GIRAFFE,ESO-VLT-U2,ADP.2019-01-30T03:50:19.553.fits,182.D-0222(A),SCIENCE_RBNSPEC_STACK,,,,84.9079999999986,-69.1961111111099
ADP.2019-01-30T03_50_19.557.fits,314019,2008-12-19T03:31:36.913,54819.14695502,GIRAFFE,ESO-VLT-U2,ADP.2019-01-30T03:50:19.557.fits,182.D-0222(A),SCIENCE_RBNSPEC_STACK,,,,84.3704999999986,-69.1146666666655
ADP.2019-01-30T03_50_19.561.fits,29804,2008-12-19T03:31:36.913,54819.14695502,GIRAFFE,ESO-VLT-U2,ADP.2019-01-30T03:50:19.561.fits,182.D-0222(A),SCIENCE_RBNSPEC_STACK,,,,84.7880833333319,-69.20286111111
ADP.2019-01-30T03_50_19.565.fits,30251,2008-12-19T00:50:32.249,54819.03509548,GIRAFFE,ESO-VLT-U2,ADP.2019-01-30T03:50:19.565.fits,182.D-0222(A),SCIENCE_RBNSPEC_STACK,,,,84.6392083333319,-69.1997222222211
ADP.2019-01-30T03_50_19.569.fits,40750,2008-12-19T02:14:12.945,54819.09320538,GIRAFFE,ESO-VLT-U2,ADP.2019-01-30T03:50:19.569.fits,182.D-0222(A),SCIENCE_RBNSPEC_STACK,,,,84.6872499999986,-69.1179166666655
ADP.2019-01-30T03_50_19.573.fits,43107,2008-12-19T03:31:36.913,54819.14695502,GIRAFFE,ESO-VLT-U2,ADP.2019-01-30T03:50:19.573.fits,182.D-0222(A),SCIENCE_RBNSPEC_STACK,,,,84.7839999999986,-69.09886111111
ADP.2019-01-30T03_50_19.577.fits,174,2008-12-19T07:05:46.148,54819.29567301,GIRAFFE,ESO-VLT-U2,ADP.2019-01-30T03:50:19.577.fits,182.D-0222(A),SCIENCE_RBNSPEC_STACK,,,,84.7043749999986,-69.1054166666655
ADP.2019-01-30T03_50_19.581.fits,48767,2008-12-19T02:14:12.945,54819.09320538,GIRAFFE,ESO-VLT-U2,ADP.2019-01-30T03:50:19.581.fits,182.D-0222(A),SCIENCE_RBNSPEC_STACK,,,,84.8990416666652,-69.0518611111099
ADP.2019-01-30T03_50_19.585.fits,241786,2008-12-19T05:38:54.466,54819.23535263,GIRAFFE,ESO-VLT-U2,ADP.2019-01-30T03:50:19.585.fits,182.D-0222(A),SCIENCE_RBNSPEC_STACK,,,,84.4758333333319,-69.0961388888877
ADP.2019-01-30T03_50_19.589.fits,136365,2008-12-19T02:14:12.945,54819.09320538,GIRAFFE,ESO-VLT-U2,ADP.2019-01-30T03:50:19.589.fits,182.D-0222(A),SCIENCE_RBNSPEC_STACK,,,,84.8020833333319,-69.0359722222211
ADP.2019-01-30T03_50_19.593.fits,454235,2008-12-19T03:31:36.913,54819.14695502,GIRAFFE,ESO-VLT-U2,ADP.2019-01-30T03:50:19.593.fits,182.D-0222(A),SCIENCE_RBNSPEC_STACK,,,,84.3897499999986,-69.1205277777766
ADP.2019-01-30T03_50_19.597.fits,141,2008-12-19T03:31:36.913,54819.14695502,GIRAFFE,ESO-VLT-U2,ADP.2019-01-30T03:50:19.597.fits,182.D-0222(A),SCIENCE_RBNSPEC_STACK,,,,84.6302499999986,-69.0980555555544
ADP.2019-01-30T03_50_19.601.fits,377,2008-12-19T00:50:32.249,54819.03509548,GIRAFFE,ESO-VLT-U2,ADP.2019-01-30T03:50:19.601.fits,182.D-0222(A),SCIENCE_RBNSPEC_STACK,,,,84.6267916666652,-69.0915277777766
ADP.2019-01-30T03_50_19.605.fits,375869,2008-12-19T07:05:46.148,54819.29567301,GIRAFFE,ESO-VLT-U2,ADP.2019-01-30T03:50:19.605.fits,182.D-0222(A),SCIENCE_RBNSPEC_STACK,,,,84.2976666666653,-69.0844999999988
ADP.2019-01-30T03_50_19.609.fits,374660,2008-12-19T00:50:32.249,54819.03509548,GIRAFFE,ESO-VLT-U2,ADP.2019-01-30T03:50:19.609.fits,182.D-0222(A),SCIENCE_RBNSPEC_STACK,,,,84.4445833333319,-69.1054166666655
ADP.2019-01-30T03_50_19.613.fits,43264,2008-12-19T07:05:46.148,54819.29567301,GIRAFFE,ESO-VLT-U2,ADP.2019-01-30T03:50:19.613.fits,182.D-0222(A),SCIENCE_RBNSPEC_STACK,,,,84.8674166666652,-69.0973333333322
ADP.2019-01-30T03_50_19.617.fits,55047,2008-12-19T07:05:46.148,54819.29567301,GIRAFFE,ESO-VLT-U2,ADP.2019-01-30T03:50:19.617.fits,182.D-0222(A),SCIENCE_RBNSPEC_STACK,,,,84.9693333333319,-69.0054999999988
ADP.2019-01-30T03_50_19.621.fits,312191,2008-12-19T07:05:46.148,54819.29567301,GIRAFFE,ESO-VLT-U2,ADP.2019-01-30T03:50:19.621.fits,182.D-0222(A),SCIENCE_RBNSPEC_STACK,,,,84.3207083333319,-69.1317499999988
ADP.2019-01-30T03_50_19.625.fits,275,2008-12-19T05:38:54.466,54819.23535263,GIRAFFE,ESO-VLT-U2,ADP.2019-01-30T03:50:19.625.fits,182.D-0222(A),SCIENCE_RBNSPEC_STACK,,,,84.6318749999986,-69.0908333333322
ADP.2019-01-30T03_50_19.629.fits,230995,2008-12-19T00:50:32.249,54819.03509548,GIRAFFE,ESO-VLT-U2,ADP.2019-01-30T03:50:19.629.fits,182.D-0222(A),SCIENCE_RBNSPEC_STACK,,,,84.5388333333319,-69.1706388888877
ADP.2019-01-30T03_50_19.633.fits,295,2008-12-19T07:05:46.148,54819.29567301,GIRAFFE,ESO-VLT-U2,ADP.2019-01-30T03:50:19.633.fits,182.D-0222(A),SCIENCE_RBNSPEC_STACK,,,,84.6784166666652,-69.1089999999988
ADP.2019-01-30T03_50_19.637.fits,324563,2008-12-19T07:05:46.148,54819.29567301,GIRAFFE,ESO-VLT-U2,ADP.2019-01-30T03:50:19.637.fits,182.D-0222(A),SCIENCE_RBNSPEC_STACK,,,,84.4782499999986,-69.0069166666655
ADP.2019-01-30T03_50_19.641.fits,136642,2008-12-19T02:14:12.945,54819.09320538,GIRAFFE,ESO-VLT-U2,ADP.2019-01-30T03:50:19.641.fits,182.D-0222(A),SCIENCE_RBNSPEC_STACK,,,,84.6712499999986,-69.0294444444433
ADP.2019-01-30T03_50_19.645.fits,101545,2008-12-19T00:50:32.249,54819.03509548,GIRAFFE,ESO-VLT-U2,ADP.2019-01-30T03:50:19.645.fits,182.D-0222(A),SCIENCE_RBNSPEC_STACK,,,,84.7275833333319,-69.0818611111099
ADP.2019-01-30T03_50_19.649.fits,36320,2008-12-19T05:38:54.466,54819.23535263,GIRAFFE,ESO-VLT-U2,ADP.2019-01-30T03:50:19.649.fits,182.D-0222(A),SCIENCE_RBNSPEC_STACK,,,,84.6216666666652,-69.1538055555544
ADP.2019-01-30T03_50_19.653.fits,243403,2008-12-19T03:31:36.913,54819.14695502,GIRAFFE,ESO-VLT-U2,ADP.2019-01-30T03:50:19.653.fits,182.D-0222(A),SCIENCE_RBNSPEC_STACK,,,,84.5426249999986,-69.0846388888877
ADP.2019-01-30T03_50_19.657.fits,5,2008-12-19T07:05:46.148,54819.29567301,GIRAFFE,ESO-VLT-U2,ADP.2019-01-30T03:50:19.657.fits,182.D-0222(A),SCIENCE_RBNSPEC_STACK,,,,84.6540416666652,-69.0854999999988
ADP.2019-01-30T03_50_19.661.fits,136245,2008-12-19T03:31:36.913,54819.14695502,GIRAFFE,ESO-VLT-U2,ADP.2019-01-30T03:50:19.661.fits,182.D-0222(A),SCIENCE_RBNSPEC_STACK,,,,84.5122499999986,-69.0386388888877
ADP.2019-01-30T03_50_19.665.fits,152071,2008-12-19T00:50:32.249,54819.03509548,GIRAFFE,ESO-VLT-U2,ADP.2019-01-30T03:50:19.665.fits,182.D-0222(A),SCIENCE_RBNSPEC_STACK,,,,84.7454166666652,-69.1116944444433
ADP.2019-01-30T03_50_19.669.fits,93009,2008-12-19T02:14:12.945,54819.09320538,GIRAFFE,ESO-VLT-U2,ADP.2019-01-30T03:50:19.669.fits,182.D-0222(A),SCIENCE_RBNSPEC_STACK,,,,84.6613749999986,-69.2090833333321
ADP.2019-01-30T03_50_19.673.fits,99143,2008-12-19T02:14:12.945,54819.09320538,GIRAFFE,ESO-VLT-U2,ADP.2019-01-30T03:50:19.673.fits,182.D-0222(A),SCIENCE_RBNSPEC_STACK,,,,84.6647916666653,-69.1181388888877
ADP.2019-01-30T03_50_19.677.fits,40236,2008-12-19T00:50:32.249,54819.03509548,GIRAFFE,ESO-VLT-U2,ADP.2019-01-30T03:50:19.677.fits,182.D-0222(A),SCIENCE_RBNSPEC_STACK,,,,84.7359166666652,-69.1221111111099
ADP.2019-01-30T03_50_19.681.fits,413920,2008-12-19T07:05:46.148,54819.29567301,GIRAFFE,ESO-VLT-U2,ADP.2019-01-30T03:50:19.681.fits,182.D-0222(A),SCIENCE_RBNSPEC_STACK,,,,84.2696666666653,-69.1490555555544
ADP.2019-01-30T03_50_19.685.fits,307701,2008-12-19T05:38:54.466,54819.23535263,GIRAFFE,ESO-VLT-U2,ADP.2019-01-30T03:50:19.685.fits,182.D-0222(A),SCIENCE_RBNSPEC_STACK,,,,84.4105833333319,-69.1721944444433
ADP.2019-01-30T03_50_19.689.fits,414524,2008-12-19T02:14:12.945,54819.09320538,GIRAFFE,ESO-VLT-U2,ADP.2019-01-30T03:50:19.689.fits,182.D-0222(A),SCIENCE_RBNSPEC_STACK,,,,84.4657916666652,-69.1357499999988
ADP.2019-01-30T03_50_19.693.fits,38079,2008-12-19T03:31:36.913,54819.14695502,GIRAFFE,ESO-VLT-U2,ADP.2019-01-30T03:50:19.693.fits,182.D-0222(A),SCIENCE_RBNSPEC_STACK,,,,84.7210416666652,-69.1402222222211
ADP.2019-01-30T03_50_19.697.fits,29410,2008-12-19T03:31:36.913,54819.14695502,GIRAFFE,ESO-VLT-U2,ADP.2019-01-30T03:50:19.697.fits,182.D-0222(A),SCIENCE_RBNSPEC_STACK,,,,84.5874166666652,-69.2058888888877
ADP.2019-01-30T03_50_19.701.fits,440,2008-12-19T00:50:32.249,54819.03509548,GIRAFFE,ESO-VLT-U2,ADP.2019-01-30T03:50:19.701.fits,182.D-0222(A),SCIENCE_RBNSPEC_STACK,,,,84.6865416666652,-69.1159722222211
ADP.2019-01-30T03_50_19.705.fits,371389,2008-12-19T00:50:32.249,54819.03509548,GIRAFFE,ESO-VLT-U2,ADP.2019-01-30T03:50:19.705.fits,182.D-0222(A),SCIENCE_RBNSPEC_STACK,,,,84.4424583333319,-69.1528888888877
ADP.2019-01-30T03_50_19.709.fits,310299,2008-12-19T03:31:36.913,54819.14695502,GIRAFFE,ESO-VLT-U2,ADP.2019-01-30T03:50:19.709.fits,182.D-0222(A),SCIENCE_RBNSPEC_STACK,,,,84.3912083333319,-69.1495277777766
ADP.2019-01-30T03_50_19.713.fits,369487,2008-12-19T07:05:46.148,54819.29567301,GIRAFFE,ESO-VLT-U2,ADP.2019-01-30T03:50:19.713.fits,182.D-0222(A),SCIENCE_RBNSPEC_STACK,,,,84.4213333333319,-69.1771944444433
ADP.2019-01-30T03_50_19.717.fits,39452,2008-12-19T03:31:36.913,54819.14695502,GIRAFFE,ESO-VLT-U2,ADP.2019-01-30T03:50:19.717.fits,182.D-0222(A),SCIENCE_RBNSPEC_STACK,,,,84.9859166666652,-69.1285555555544
ADP.2019-01-30T03_50_19.721.fits,99137,2008-12-19T03:31:36.913,54819.14695502,GIRAFFE,ESO-VLT-U2,ADP.2019-01-30T03:50:19.721.fits,182.D-0222(A),SCIENCE_RBNSPEC_STACK,,,,84.6550833333319,-69.118222222221
ADP.2019-01-30T03_50_19.725.fits,450,2008-12-19T00:50:32.249,54819.03509548,GIRAFFE,ESO-VLT-U2,ADP.2019-01-30T03:50:19.725.fits,182.D-0222(A),SCIENCE_RBNSPEC_STACK,,,,84.6822083333319,-69.1075277777766
ADP.2019-01-30T03_50_19.729.fits,310785,2008-12-19T00:50:32.249,54819.03509548,GIRAFFE,ESO-VLT-U2,ADP.2019-01-30T03:50:19.729.fits,182.D-0222(A),SCIENCE_RBNSPEC_STACK,,,,84.5025416666653,-69.1449722222211
ADP.2019-01-30T03_50_19.733.fits,134390,2008-12-19T00:50:32.249,54819.03509548,GIRAFFE,ESO-VLT-U2,ADP.2019-01-30T03:50:19.733.fits,182.D-0222(A),SCIENCE_RBNSPEC_STACK,,,,84.6765416666652,-69.0786388888877
ADP.2019-01-30T03_50_19.737.fits,150015,2008-12-19T03:31:36.913,54819.14695502,GIRAFFE,ESO-VLT-U2,ADP.2019-01-30T03:50:19.737.fits,182.D-0222(A),SCIENCE_RBNSPEC_STACK,,,,84.9127499999986,-69.1976666666655
ADP.2019-01-30T03_50_19.741.fits,290,2008-12-19T00:50:32.249,54819.03509548,GIRAFFE,ESO-VLT-U2,ADP.2019-01-30T03:50:19.741.fits,182.D-0222(A),SCIENCE_RBNSPEC_STACK,,,,84.6224583333319,-69.0997499999988
ADP.2019-01-30T03_50_19.745.fits,239715,2008-12-19T02:14:12.945,54819.09320538,GIRAFFE,ESO-VLT-U2,ADP.2019-01-30T03:50:19.745.fits,182.D-0222(A),SCIENCE_RBNSPEC_STACK,,,,84.3859166666653,-69.1113055555544
ADP.2019-01-30T03_50_19.749.fits,136245,2008-12-19T02:14:12.945,54819.09320538,GIRAFFE,ESO-VLT-U2,ADP.2019-01-30T03:50:19.749.fits,182.D-0222(A),SCIENCE_RBNSPEC_STACK,,,,84.5122499999986,-69.0386388888877
ADP.2019-01-30T03_50_19.753.fits,12,2008-12-19T05:38:54.466,54819.23535263,GIRAFFE,ESO-VLT-U2,ADP.2019-01-30T03:50:19.753.fits,182.D-0222(A),SCIENCE_RBNSPEC_STACK,,,,84.6400833333319,-69.0806944444433
ADP.2019-01-30T03_50_19.757.fits,48336,2008-12-19T05:38:54.466,54819.23535263,GIRAFFE,ESO-VLT-U2,ADP.2019-01-30T03:50:19.757.fits,182.D-0222(A),SCIENCE_RBNSPEC_STACK,,,,84.6365833333319,-69.0554166666655
ADP.2019-01-30T03_50_19.761.fits,45892,2008-12-19T07:05:46.148,54819.29567301,GIRAFFE,ESO-VLT-U2,ADP.2019-01-30T03:50:19.761.fits,182.D-0222(A),SCIENCE_RBNSPEC_STACK,,,,84.6783333333319,-69.0754166666655
ADP.2019-01-30T03_50_19.765.fits,105279,2008-12-19T00:50:32.249,54819.03509548,GIRAFFE,ESO-VLT-U2,ADP.2019-01-30T03:50:19.765.fits,182.D-0222(A),SCIENCE_RBNSPEC_STACK,,,,84.6697916666652,-69.0302222222211
ADP.2019-01-30T03_50_19.769.fits,38082,2008-12-19T00:50:32.249,54819.03509548,GIRAFFE,ESO-VLT-U2,ADP.2019-01-30T03:50:19.769.fits,182.D-0222(A),SCIENCE_RBNSPEC_STACK,,,,84.6696666666652,-69.1402499999988
ADP.2019-01-30T03_50_19.773.fits,143,2008-12-19T02:14:12.945,54819.09320538,GIRAFFE,ESO-VLT-U2,ADP.2019-01-30T03:50:19.773.fits,182.D-0222(A),SCIENCE_RBNSPEC_STACK,,,,84.6738749999986,-69.1077777777766
ADP.2019-01-30T03_50_19.777.fits,55,2008-12-19T07:05:46.148,54819.29567301,GIRAFFE,ESO-VLT-U2,ADP.2019-01-30T03:50:19.777.fits,182.D-0222(A),SCIENCE_RBNSPEC_STACK,,,,84.6747499999986,-69.0869444444433
ADP.2019-01-30T03_50_19.781.fits,48012,2008-12-19T05:38:54.466,54819.23535263,GIRAFFE,ESO-VLT-U2,ADP.2019-01-30T03:50:19.781.fits,182.D-0222(A),SCIENCE_RBNSPEC_STACK,,,,84.6575416666652,-69.0580277777766
ADP.2019-01-30T03_50_19.785.fits,105677,2008-12-19T00:50:32.249,54819.03509548,GIRAFFE,ESO-VLT-U2,ADP.2019-01-30T03:50:19.785.fits,182.D-0222(A),SCIENCE_RBNSPEC_STACK,,,,84.7874166666652,-69.0247499999988
ADP.2019-01-30T03_50_19.789.fits,322154,2008-12-19T02:14:12.945,54819.09320538,GIRAFFE,ESO-VLT-U2,ADP.2019-01-30T03:50:19.789.fits,182.D-0222(A),SCIENCE_RBNSPEC_STACK,,,,84.4761249999986,-69.0290555555544
ADP.2019-01-30T03_50_19.793.fits,306416,2008-12-19T02:14:12.945,54819.09320538,GIRAFFE,ESO-VLT-U2,ADP.2019-01-30T03:50:19.793.fits,182.D-0222(A),SCIENCE_RBNSPEC_STACK,,,,84.4623749999986,-69.1834166666655
ADP.2019-01-30T03_50_19.797.fits,443,2008-12-19T05:38:54.466,54819.23535263,GIRAFFE,ESO-VLT-U2,ADP.2019-01-30T03:50:19.797.fits,182.D-0222(A),SCIENCE_RBNSPEC_STACK,,,,84.6885416666652,-69.1152222222211
ADP.2019-01-30T03_50_19.801.fits,380195,2008-12-19T00:50:32.249,54819.03509548,GIRAFFE,ESO-VLT-U2,ADP.2019-01-30T03:50:19.801.fits,182.D-0222(A),SCIENCE_RBNSPEC_STACK,,,,84.5326249999986,-69.0158611111099
ADP.2019-01-30T03_50_19.805.fits,318942,2008-12-19T05:38:54.466,54819.23535263,GIRAFFE,ESO-VLT-U2,ADP.2019-01-30T03:50:19.805.fits,182.D-0222(A),SCIENCE_RBNSPEC_STACK,,,,84.5275416666652,-69.0625555555544
ADP.2019-01-30T03_50_19.809.fits,94,2008-12-19T00:50:32.249,54819.03509548,GIRAFFE,ESO-VLT-U2,ADP.2019-01-30T03:50:19.809.fits,182.D-0222(A),SCIENCE_RBNSPEC_STACK,,,,84.7126666666652,-69.0985277777766
ADP.2019-01-30T03_50_19.813.fits,373237,2008-12-19T00:50:32.249,54819.03509548,GIRAFFE,ESO-VLT-U2,ADP.2019-01-30T03:50:19.813.fits,182.D-0222(A),SCIENCE_RBNSPEC_STACK,,,,84.5206666666652,-69.1261666666655
ADP.2019-01-30T03_50_19.817.fits,231521,2008-12-19T07:05:46.148,54819.29567301,GIRAFFE,ESO-VLT-U2,ADP.2019-01-30T03:50:19.817.fits,182.D-0222(A),SCIENCE_RBNSPEC_STACK,,,,84.3766666666652,-69.1668055555544
ADP.2019-01-30T03_50_19.821.fits,158,2008-12-19T03:31:36.913,54819.14695502,GIRAFFE,ESO-VLT-U2,ADP.2019-01-30T03:50:19.821.fits,182.D-0222(A),SCIENCE_RBNSPEC_STACK,,,,84.6496666666652,-69.0930277777766
ADP.2019-01-30T03_50_19.825.fits,136365,2008-12-19T03:31:36.913,54819.14695502,GIRAFFE,ESO-VLT-U2,ADP.2019-01-30T03:50:19.825.fits,182.D-0222(A),SCIENCE_RBNSPEC_STACK,,,,84.8020833333319,-69.0359722222211
ADP.2019-01-30T03_50_19.829.fits,97567,2008-12-19T00:50:32.249,54819.03509548,GIRAFFE,ESO-VLT-U2,ADP.2019-01-30T03:50:19.829.fits,182.D-0222(A),SCIENCE_RBNSPEC_STACK,,,,84.6759583333319,-69.1423055555544
ADP.2019-01-30T03_50_19.833.fits,376883,2008-12-19T00:50:32.249,54819.03509548,GIRAFFE,ESO-VLT-U2,ADP.2019-01-30T03:50:19.833.fits,182.D-0222(A),SCIENCE_RBNSPEC_STACK,,,,84.5759583333319,-69.0673333333322
ADP.2019-01-30T03_50_19.837.fits,309335,2008-12-19T00:50:32.249,54819.03509548,GIRAFFE,ESO-VLT-U2,ADP.2019-01-30T03:50:19.837.fits,182.D-0222(A),SCIENCE_RBNSPEC_STACK,,,,84.4508749999986,-69.1587499999988
ADP.2019-01-30T03_50_19.841.fits,152094,2008-12-19T03:31:36.913,54819.14695502,GIRAFFE,ESO-VLT-U2,ADP.2019-01-30T03:50:19.841.fits,182.D-0222(A),SCIENCE_RBNSPEC_STACK,,,,84.9904583333319,-69.1100555555544
ADP.2019-01-30T03_50_19.845.fits,101866,2008-12-19T00:50:32.249,54819.03509548,GIRAFFE,ESO-VLT-U2,ADP.2019-01-30T03:50:19.845.fits,182.D-0222(A),SCIENCE_RBNSPEC_STACK,,,,84.6390833333319,-69.0773055555544
ADP.2019-01-30T03_50_19.849.fits,422,2008-12-19T07:05:46.148,54819.29567301,GIRAFFE,ESO-VLT-U2,ADP.2019-01-30T03:50:19.849.fits,182.D-0222(A),SCIENCE_RBNSPEC_STACK,,,,84.6635416666652,-69.1003055555544
ADP.2019-01-30T03_50_19.853.fits,102131,2008-12-19T07:05:46.148,54819.29567301,GIRAFFE,ESO-VLT-U2,ADP.2019-01-30T03:50:19.853.fits,182.D-0222(A),SCIENCE_RBNSPEC_STACK,,,,84.6860833333319,-69.0735555555544
ADP.2019-01-30T03_50_19.857.fits,98254,2008-12-19T05:38:54.466,54819.23535263,GIRAFFE,ESO-VLT-U2,ADP.2019-01-30T03:50:19.857.fits,182.D-0222(A),SCIENCE_RBNSPEC_STACK,,,,84.6858749999986,-69.1323888888877
ADP.2019-01-30T03_50_19.861.fits,325158,2008-12-19T07:05:46.148,54819.29567301,GIRAFFE,ESO-VLT-U2,ADP.2019-01-30T03:50:19.861.fits,182.D-0222(A),SCIENCE_RBNSPEC_STACK,,,,84.4428333333319,-69.001722222221
ADP.2019-01-30T03_50_19.865.fits,432,2008-12-19T07:05:46.148,54819.29567301,GIRAFFE,ESO-VLT-U2,ADP.2019-01-30T03:50:19.865.fits,182.D-0222(A),SCIENCE_RBNSPEC_STACK,,,,84.6709999999986,-69.1046388888877
ADP.2019-01-30T03_50_19.869.fits,317556,2008-12-19T05:38:54.466,54819.23535263,GIRAFFE,ESO-VLT-U2,ADP.2019-01-30T03:50:19.869.fits,182.D-0222(A),SCIENCE_RBNSPEC_STACK,,,,84.4668333333319,-69.0777222222211
ADP.2019-01-30T03_50_19.873.fits,138,2008-12-19T05:38:54.466,54819.23535263,GIRAFFE,ESO-VLT-U2,ADP.2019-01-30T03:50:19.873.fits,182.D-0222(A),SCIENCE_RBNSPEC_STACK,,,,84.6747499999986,-69.108222222221
ADP.2019-01-30T03_50_19.877.fits,35815,2008-12-19T05:38:54.466,54819.23535263,GIRAFFE,ESO-VLT-U2,ADP.2019-01-30T03:50:19.877.fits,182.D-0222(A),SCIENCE_RBNSPEC_STACK,,,,84.6654166666652,-69.1577222222211
ADP.2019-01-30T03_50_19.881.fits,42,2008-12-19T07:05:46.148,54819.29567301,GIRAFFE,ESO-VLT-U2,ADP.2019-01-30T03:50:19.881.fits,182.D-0222(A),SCIENCE_RBNSPEC_STACK,,,,84.6856666666652,-69.0808888888877
ADP.2019-01-30T03_50_19.885.fits,354,2008-12-19T03:31:36.913,54819.14695502,GIRAFFE,ESO-VLT-U2,ADP.2019-01-30T03:50:19.885.fits,182.D-0222(A),SCIENCE_RBNSPEC_STACK,,,,84.6835833333319,-69.0831666666655
ADP.2019-01-30T03_50_19.889.fits,43232,2008-12-19T02:14:12.945,54819.09320538,GIRAFFE,ESO-VLT-U2,ADP.2019-01-30T03:50:19.889.fits,182.D-0222(A),SCIENCE_RBNSPEC_STACK,,,,84.8532916666652,-69.0976388888877
ADP.2019-01-30T03_50_19.893.fits,50,2008-12-19T03:31:36.913,54819.14695502,GIRAFFE,ESO-VLT-U2,ADP.2019-01-30T03:50:19.893.fits,182.D-0222(A),SCIENCE_RBNSPEC_STACK,,,,84.6618749999986,-69.1137222222211
ADP.2019-01-30T03_50_19.897.fits,34918,2008-12-19T07:05:46.148,54819.29567301,GIRAFFE,ESO-VLT-U2,ADP.2019-01-30T03:50:19.897.fits,182.D-0222(A),SCIENCE_RBNSPEC_STACK,,,,85.0282083333319,-69.1636944444433
ADP.2019-01-30T03_50_19.901.fits,107108,2008-12-19T03:31:36.913,54819.14695502,GIRAFFE,ESO-VLT-U2,ADP.2019-01-30T03:50:19.901.fits,182.D-0222(A),SCIENCE_RBNSPEC_STACK,,,,84.6895416666652,-69.0048055555544
ADP.2019-01-30T03_50_19.905.fits,181,2008-12-19T00:50:32.249,54819.03509548,GIRAFFE,ESO-VLT-U2,ADP.2019-01-30T03:50:19.905.fits,182.D-0222(A),SCIENCE_RBNSPEC_STACK,,,,84.6536249999986,-69.1127777777766
ADP.2019-01-30T03_50_19.909.fits,150230,2008-12-19T05:38:54.466,54819.23535263,GIRAFFE,ESO-VLT-U2,ADP.2019-01-30T03:50:19.909.fits,182.D-0222(A),SCIENCE_RBNSPEC_STACK,,,,84.6185416666652,-69.1886388888877
ADP.2019-01-30T03_50_19.913.fits,31550,2008-12-19T00:50:32.249,54819.03509548,GIRAFFE,ESO-VLT-U2,ADP.2019-01-30T03:50:19.913.fits,182.D-0222(A),SCIENCE_RBNSPEC_STACK,,,,84.7189999999986,-69.1901111111099
ADP.2019-01-30T03_50_19.917.fits,134704,2008-12-19T07:05:46.148,54819.29567301,GIRAFFE,ESO-VLT-U2,ADP.2019-01-30T03:50:19.917.fits,182.D-0222(A),SCIENCE_RBNSPEC_STACK,,,,85.0748333333319,-69.0713888888877
ADP.2019-01-30T03_50_19.921.fits,240,2008-12-19T03:31:36.913,54819.14695502,GIRAFFE,ESO-VLT-U2,ADP.2019-01-30T03:50:19.921.fits,182.D-0222(A),SCIENCE_RBNSPEC_STACK,,,,84.6814999999986,-69.0914722222211
ADP.2019-01-30T03_50_19.925.fits,35066,2008-12-19T07:05:46.148,54819.29567301,GIRAFFE,ESO-VLT-U2,ADP.2019-01-30T03:50:19.925.fits,182.D-0222(A),SCIENCE_RBNSPEC_STACK,,,,85.1035833333319,-69.1622499999988
ADP.2019-01-30T03_50_19.929.fits,430,2008-12-19T00:50:32.249,54819.03509548,GIRAFFE,ESO-VLT-U2,ADP.2019-01-30T03:50:19.929.fits,182.D-0222(A),SCIENCE_RBNSPEC_STACK,,,,84.6468333333319,-69.0866944444433
ADP.2019-01-30T03_50_19.933.fits,150015,2008-12-19T02:14:12.945,54819.09320538,GIRAFFE,ESO-VLT-U2,ADP.2019-01-30T03:50:19.933.fits,182.D-0222(A),SCIENCE_RBNSPEC_STACK,,,,84.9127499999986,-69.1976666666655
ADP.2019-01-30T03_50_19.937.fits,209,2008-12-19T05:38:54.466,54819.23535263,GIRAFFE,ESO-VLT-U2,ADP.2019-01-30T03:50:19.937.fits,182.D-0222(A),SCIENCE_RBNSPEC_STACK,,,,84.6556666666652,-69.0892222222211
ADP.2019-01-30T03_50_19.941.fits,152251,2008-12-19T00:50:32.249,54819.03509548,GIRAFFE,ESO-VLT-U2,ADP.2019-01-30T03:50:19.941.fits,182.D-0222(A),SCIENCE_RBNSPEC_STACK,,,,84.5882083333319,-69.1047222222211
ADP.2019-01-30T03_50_19.945.fits,362,2008-12-19T05:38:54.466,54819.23535263,GIRAFFE,ESO-VLT-U2,ADP.2019-01-30T03:50:19.945.fits,182.D-0222(A),SCIENCE_RBNSPEC_STACK,,,,84.6964583333319,-69.1099444444433
ADP.2019-01-30T03_50_19.949.fits,43276,2008-12-19T05:38:54.466,54819.23535263,GIRAFFE,ESO-VLT-U2,ADP.2019-01-30T03:50:19.949.fits,182.D-0222(A),SCIENCE_RBNSPEC_STACK,,,,84.9324583333319,-69.0971111111099
ADP.2019-01-30T03_50_19.953.fits,22089,2008-12-19T07:05:46.148,54819.29567301,GIRAFFE,ESO-VLT-U2,ADP.2019-01-30T03:50:19.953.fits,182.D-0222(A),SCIENCE_RBNSPEC_STACK,,,,84.6634166666652,-69.2584166666655
ADP.2019-01-30T03_50_19.957.fits,32343,2008-12-19T07:05:46.148,54819.29567301,GIRAFFE,ESO-VLT-U2,ADP.2019-01-30T03:50:19.957.fits,182.D-0222(A),SCIENCE_RBNSPEC_STACK,,,,84.9738749999986,-69.1839444444433
ADP.2019-01-30T03_50_19.961.fits,91,2008-12-19T02:14:12.945,54819.09320538,GIRAFFE,ESO-VLT-U2,ADP.2019-01-30T03:50:19.961.fits,182.D-0222(A),SCIENCE_RBNSPEC_STACK,,,,84.6928749999986,-69.0997777777766
ADP.2019-01-30T03_50_19.965.fits,79,2008-12-19T03:31:36.913,54819.14695502,GIRAFFE,ESO-VLT-U2,ADP.2019-01-30T03:50:19.965.fits,182.D-0222(A),SCIENCE_RBNSPEC_STACK,,,,84.6535416666652,-69.08286111111
ADP.2019-01-30T03_50_19.969.fits,50,2008-12-19T02:14:12.945,54819.09320538,GIRAFFE,ESO-VLT-U2,ADP.2019-01-30T03:50:19.969.fits,182.D-0222(A),SCIENCE_RBNSPEC_STACK,,,,84.6618749999986,-69.1137222222211
ADP.2019-01-30T03_50_19.973.fits,454,2008-12-19T00:50:32.249,54819.03509548,GIRAFFE,ESO-VLT-U2,ADP.2019-01-30T03:50:19.973.fits,182.D-0222(A),SCIENCE_RBNSPEC_STACK,,,,84.6862499999986,-69.0947222222211
ADP.2019-01-30T03_50_19.977.fits,45752,2008-12-19T05:38:54.466,54819.23535263,GIRAFFE,ESO-VLT-U2,ADP.2019-01-30T03:50:19.977.fits,182.D-0222(A),SCIENCE_RBNSPEC_STACK,,,,84.7432499999986,-69.0764166666655
ADP.2019-01-30T03_50_19.981.fits,107116,2008-12-19T02:14:12.945,54819.09320538,GIRAFFE,ESO-VLT-U2,ADP.2019-01-30T03:50:19.981.fits,182.D-0222(A),SCIENCE_RBNSPEC_STACK,,,,84.7787916666652,-69.0045555555544
ADP.2019-01-30T03_50_19.985.fits,233559,2008-12-19T07:05:46.148,54819.29567301,GIRAFFE,ESO-VLT-U2,ADP.2019-01-30T03:50:19.985.fits,182.D-0222(A),SCIENCE_RBNSPEC_STACK,,,,84.2734999999986,-69.1534444444433
ADP.2019-01-30T03_50_19.989.fits,50164,2008-12-19T05:38:54.466,54819.23535263,GIRAFFE,ESO-VLT-U2,ADP.2019-01-30T03:50:19.989.fits,182.D-0222(A),SCIENCE_RBNSPEC_STACK,,,,84.7062499999986,-69.041722222221
ADP.2019-01-30T03_50_19.993.fits,101727,2008-12-19T02:14:12.945,54819.09320538,GIRAFFE,ESO-VLT-U2,ADP.2019-01-30T03:50:19.993.fits,182.D-0222(A),SCIENCE_RBNSPEC_STACK,,,,84.6254583333319,-69.0790277777766
ADP.2019-01-30T03_50_19.997.fits,231910,2008-12-19T02:14:12.945,54819.09320538,GIRAFFE,ESO-VLT-U2,ADP.2019-01-30T03:50:19.997.fits,182.D-0222(A),SCIENCE_RBNSPEC_STACK,,,,84.4134999999986,-69.1641944444433
ADP.2019-01-30T03_50_20.001.fits,304143,2008-12-19T02:14:12.945,54819.09320538,GIRAFFE,ESO-VLT-U2,ADP.2019-01-30T03:50:20.001.fits,182.D-0222(A),SCIENCE_RBNSPEC_STACK,,,,84.5650833333319,-69.2033888888877
ADP.2019-01-30T03_50_20.005.fits,230831,2008-12-19T07:05:46.148,54819.29567301,GIRAFFE,ESO-VLT-U2,ADP.2019-01-30T03:50:20.005.fits,182.D-0222(A),SCIENCE_RBNSPEC_STACK,,,,84.4047916666652,-69.1716944444433
ADP.2019-01-30T03_50_20.009.fits,246865,2008-12-19T00:50:32.249,54819.03509548,GIRAFFE,ESO-VLT-U2,ADP.2019-01-30T03:50:20.009.fits,182.D-0222(A),SCIENCE_RBNSPEC_STACK,,,,84.4991666666652,-69.0598611111099
ADP.2019-01-30T03_50_20.013.fits,162600,2008-12-19T05:38:54.466,54819.23535263,GIRAFFE,ESO-VLT-U2,ADP.2019-01-30T03:50:20.013.fits,182.D-0222(A),SCIENCE_RBNSPEC_STACK,,,,84.5281249999986,-69.1024166666655
ADP.2019-01-30T03_50_20.017.fits,309,2008-12-19T00:50:32.249,54819.03509548,GIRAFFE,ESO-VLT-U2,ADP.2019-01-30T03:50:20.017.fits,182.D-0222(A),SCIENCE_RBNSPEC_STACK,,,,84.6676666666652,-69.0918611111099
ADP.2019-01-30T03_50_20.021.fits,408,2008-12-19T00:50:32.249,54819.03509548,GIRAFFE,ESO-VLT-U2,ADP.2019-01-30T03:50:20.021.fits,182.D-0222(A),SCIENCE_RBNSPEC_STACK,,,,84.6953749999986,-69.1073888888877
ADP.2019-01-30T03_50_20.025.fits,448,2008-12-19T07:05:46.148,54819.29567301,GIRAFFE,ESO-VLT-U2,ADP.2019-01-30T03:50:20.025.fits,182.D-0222(A),SCIENCE_RBNSPEC_STACK,,,,84.6981249999986,-69.1094722222211
ADP.2019-01-30T03_50_20.029.fits,105192,2008-12-19T05:38:54.466,54819.23535263,GIRAFFE,ESO-VLT-U2,ADP.2019-01-30T03:50:20.029.fits,182.D-0222(A),SCIENCE_RBNSPEC_STACK,,,,84.7797083333319,-69.0313055555544
ADP.2019-01-30T03_50_20.033.fits,53400,2008-12-19T03:31:36.913,54819.14695502,GIRAFFE,ESO-VLT-U2,ADP.2019-01-30T03:50:20.033.fits,182.D-0222(A),SCIENCE_RBNSPEC_STACK,,,,84.8906666666652,-69.0171944444433
ADP.2019-01-30T03_50_20.037.fits,163061,2008-12-19T05:38:54.466,54819.23535263,GIRAFFE,ESO-VLT-U2,ADP.2019-01-30T03:50:20.037.fits,182.D-0222(A),SCIENCE_RBNSPEC_STACK,,,,84.6764999999986,-69.0735277777766
ADP.2019-01-30T03_50_20.041.fits,224,2008-12-19T03:31:36.913,54819.14695502,GIRAFFE,ESO-VLT-U2,ADP.2019-01-30T03:50:20.041.fits,182.D-0222(A),SCIENCE_RBNSPEC_STACK,,,,84.7159166666652,-69.0963333333322
ADP.2019-01-30T03_50_20.048.fits,139481,2008-12-19T07:05:46.148,54819.29567301,GIRAFFE,ESO-VLT-U2,ADP.2019-01-30T03:50:20.048.fits,182.D-0222(A),SCIENCE_RBNSPEC_STACK,,,,84.7725416666652,-68.9603333333322
ADP.2019-01-30T03_50_20.052.fits,108,2008-12-19T07:05:46.148,54819.29567301,GIRAFFE,ESO-VLT-U2,ADP.2019-01-30T03:50:20.052.fits,182.D-0222(A),SCIENCE_RBNSPEC_STACK,,,,84.6615833333319,-69.1036388888877
ADP.2019-01-30T03_50_20.056.fits,154129,2008-12-19T00:50:32.249,54819.03509548,GIRAFFE,ESO-VLT-U2,ADP.2019-01-30T03:50:20.056.fits,182.D-0222(A),SCIENCE_RBNSPEC_STACK,,,,84.8365416666652,-69.03661111111
ADP.2019-01-30T03_50_20.060.fits,107,2008-12-19T02:14:12.945,54819.09320538,GIRAFFE,ESO-VLT-U2,ADP.2019-01-30T03:50:20.060.fits,182.D-0222(A),SCIENCE_RBNSPEC_STACK,,,,84.6227083333319,-69.0892222222211
ADP.2019-01-30T03_50_20.064.fits,309697,2008-12-19T05:38:54.466,54819.23535263,GIRAFFE,ESO-VLT-U2,ADP.2019-01-30T03:50:20.064.fits,182.D-0222(A),SCIENCE_RBNSPEC_STACK,,,,84.5349999999986,-69.1552777777766
ADP.2019-01-30T03_50_20.068.fits,224,2008-12-19T02:14:12.945,54819.09320538,GIRAFFE,ESO-VLT-U2,ADP.2019-01-30T03:50:20.068.fits,182.D-0222(A),SCIENCE_RBNSPEC_STACK,,,,84.7159166666652,-69.0963333333322
ADP.2019-01-30T03_50_20.072.fits,93944,2008-12-19T05:38:54.466,54819.23535263,GIRAFFE,ESO-VLT-U2,ADP.2019-01-30T03:50:20.072.fits,182.D-0222(A),SCIENCE_RBNSPEC_STACK,,,,84.9179999999986,-69.1954999999988
ADP.2019-01-30T03_50_20.076.fits,297,2008-12-19T00:50:32.249,54819.03509548,GIRAFFE,ESO-VLT-U2,ADP.2019-01-30T03:50:20.076.fits,182.D-0222(A),SCIENCE_RBNSPEC_STACK,,,,84.6319166666652,-69.0969166666655
ADP.2019-01-30T03_50_20.080.fits,322154,2008-12-19T03:31:36.913,54819.14695502,GIRAFFE,ESO-VLT-U2,ADP.2019-01-30T03:50:20.080.fits,182.D-0222(A),SCIENCE_RBNSPEC_STACK,,,,84.4761249999986,-69.0290555555544
ADP.2019-01-30T03_50_20.084.fits,135981,2008-12-19T00:50:32.249,54819.03509548,GIRAFFE,ESO-VLT-U2,ADP.2019-01-30T03:50:20.084.fits,182.D-0222(A),SCIENCE_RBNSPEC_STACK,,,,84.6945833333319,-69.0445833333322
ADP.2019-01-30T03_50_20.088.fits,93864,2008-12-19T00:50:32.249,54819.03509548,GIRAFFE,ESO-VLT-U2,ADP.2019-01-30T03:50:20.088.fits,182.D-0222(A),SCIENCE_RBNSPEC_STACK,,,,84.9257083333319,-69.1968888888877
ADP.2019-01-30T03_50_20.092.fits,228937,2008-12-19T05:38:54.466,54819.23535263,GIRAFFE,ESO-VLT-U2,ADP.2019-01-30T03:50:20.092.fits,182.D-0222(A),SCIENCE_RBNSPEC_STACK,,,,84.5761666666652,-69.1851111111099
ADP.2019-01-30T03_50_20.096.fits,239219,2008-12-19T05:38:54.466,54819.23535263,GIRAFFE,ESO-VLT-U2,ADP.2019-01-30T03:50:20.096.fits,182.D-0222(A),SCIENCE_RBNSPEC_STACK,,,,84.5262083333319,-69.114722222221
ADP.2019-01-30T03_50_20.100.fits,50146,2008-12-19T07:05:46.148,54819.29567301,GIRAFFE,ESO-VLT-U2,ADP.2019-01-30T03:50:20.100.fits,182.D-0222(A),SCIENCE_RBNSPEC_STACK,,,,84.6645416666652,-69.0418888888877
ADP.2019-01-30T03_50_20.104.fits,225831,2008-12-19T02:14:12.945,54819.09320538,GIRAFFE,ESO-VLT-U2,ADP.2019-01-30T03:50:20.104.fits,182.D-0222(A),SCIENCE_RBNSPEC_STACK,,,,84.5771666666652,-69.2078055555544
ADP.2019-01-30T03_50_20.108.fits,237253,2008-12-19T05:38:54.466,54819.23535263,GIRAFFE,ESO-VLT-U2,ADP.2019-01-30T03:50:20.108.fits,182.D-0222(A),SCIENCE_RBNSPEC_STACK,,,,84.4583333333319,-69.1283611111099
ADP.2019-01-30T03_50_20.112.fits,234812,2008-12-19T00:50:32.249,54819.03509548,GIRAFFE,ESO-VLT-U2,ADP.2019-01-30T03:50:20.112.fits,182.D-0222(A),SCIENCE_RBNSPEC_STACK,,,,84.4758333333319,-69.1448333333322
ADP.2019-01-30T03_50_20.116.fits,42430,2008-12-19T07:05:46.148,54819.29567301,GIRAFFE,ESO-VLT-U2,ADP.2019-01-30T03:50:20.116.fits,182.D-0222(A),SCIENCE_RBNSPEC_STACK,,,,85.0729166666652,-69.1038055555544
ADP.2019-01-30T03_50_20.120.fits,129105,2008-12-19T03:31:36.913,54819.14695502,GIRAFFE,ESO-VLT-U2,ADP.2019-01-30T03:50:20.120.fits,182.D-0222(A),SCIENCE_RBNSPEC_STACK,,,,84.9241249999986,-69.1968888888877
ADP.2019-01-30T03_50_20.124.fits,46893,2008-12-19T05:38:54.466,54819.23535263,GIRAFFE,ESO-VLT-U2,ADP.2019-01-30T03:50:20.124.fits,182.D-0222(A),SCIENCE_RBNSPEC_STACK,,,,84.8967499999986,-69.0668055555544
ADP.2019-01-30T03_50_20.128.fits,53649,2008-12-19T05:38:54.466,54819.23535263,GIRAFFE,ESO-VLT-U2,ADP.2019-01-30T03:50:20.128.fits,182.D-0222(A),SCIENCE_RBNSPEC_STACK,,,,84.7375833333319,-69.0158611111099
ADP.2019-01-30T03_50_20.132.fits,397,2008-12-19T02:14:12.945,54819.09320538,GIRAFFE,ESO-VLT-U2,ADP.2019-01-30T03:50:20.132.fits,182.D-0222(A),SCIENCE_RBNSPEC_STACK,,,,84.6749583333319,-69.1148333333322
ADP.2019-01-30T03_50_20.136.fits,49698,2008-12-19T03:31:36.913,54819.14695502,GIRAFFE,ESO-VLT-U2,ADP.2019-01-30T03:50:20.136.fits,182.D-0222(A),SCIENCE_RBNSPEC_STACK,,,,84.6375833333319,-69.0452777777766
ADP.2019-01-30T03_50_20.140.fits,365,2008-12-19T00:50:32.249,54819.03509548,GIRAFFE,ESO-VLT-U2,ADP.2019-01-30T03:50:20.140.fits,182.D-0222(A),SCIENCE_RBNSPEC_STACK,,,,84.6636666666652,-69.1108055555544
ADP.2019-01-30T03_50_20.144.fits,106,2008-12-19T05:38:54.466,54819.23535263,GIRAFFE,ESO-VLT-U2,ADP.2019-01-30T03:50:20.144.fits,182.D-0222(A),SCIENCE_RBNSPEC_STACK,,,,84.6884166666652,-69.0967499999988
ADP.2019-01-30T03_50_20.148.fits,234700,2008-12-19T03:31:36.913,54819.14695502,GIRAFFE,ESO-VLT-U2,ADP.2019-01-30T03:50:20.148.fits,182.D-0222(A),SCIENCE_RBNSPEC_STACK,,,,84.4204583333319,-69.1456111111099
ADP.2019-01-30T03_50_20.152.fits,39452,2008-12-19T02:14:12.945,54819.09320538,GIRAFFE,ESO-VLT-U2,ADP.2019-01-30T03:50:20.152.fits,182.D-0222(A),SCIENCE_RBNSPEC_STACK,,,,84.9859166666652,-69.1285555555544
ADP.2019-01-30T03_50_20.156.fits,28591,2008-12-19T02:14:12.945,54819.09320538,GIRAFFE,ESO-VLT-U2,ADP.2019-01-30T03:50:20.156.fits,182.D-0222(A),SCIENCE_RBNSPEC_STACK,,,,84.6829999999986,-69.2120555555544
ADP.2019-01-30T03_50_20.160.fits,242912,2008-12-19T00:50:32.249,54819.03509548,GIRAFFE,ESO-VLT-U2,ADP.2019-01-30T03:50:20.160.fits,182.D-0222(A),SCIENCE_RBNSPEC_STACK,,,,84.4759166666652,-69.0882777777766
ADP.2019-01-30T03_50_20.164.fits,46020,2008-12-19T02:14:12.945,54819.09320538,GIRAFFE,ESO-VLT-U2,ADP.2019-01-30T03:50:20.164.fits,182.D-0222(A),SCIENCE_RBNSPEC_STACK,,,,84.9399166666652,-69.0739444444433
ADP.2019-01-30T03_50_20.168.fits,357,2008-12-19T07:05:46.148,54819.29567301,GIRAFFE,ESO-VLT-U2,ADP.2019-01-30T03:50:20.168.fits,182.D-0222(A),SCIENCE_RBNSPEC_STACK,,,,84.6946249999986,-69.0940833333322
ADP.2019-01-30T03_50_20.172.fits,132126,2008-12-19T03:31:36.913,54819.14695502,GIRAFFE,ESO-VLT-U2,ADP.2019-01-30T03:50:20.172.fits,182.D-0222(A),SCIENCE_RBNSPEC_STACK,,,,84.9687916666652,-69.1273888888877
ADP.2019-01-30T03_50_20.176.fits,57370,2008-12-19T07:05:46.148,54819.29567301,GIRAFFE,ESO-VLT-U2,ADP.2019-01-30T03:50:20.176.fits,182.D-0222(A),SCIENCE_RBNSPEC_STACK,,,,84.9473333333319,-68.9894166666655
ADP.2019-01-30T03_50_20.180.fits,53624,2008-12-19T00:50:32.249,54819.03509548,GIRAFFE,ESO-VLT-U2,ADP.2019-01-30T03:50:20.180.fits,182.D-0222(A),SCIENCE_RBNSPEC_STACK,,,,84.7847916666652,-69.0159444444433
ADP.2019-01-30T03_50_20.184.fits,245467,2008-12-19T03:31:36.913,54819.14695502,GIRAFFE,ESO-VLT-U2,ADP.2019-01-30T03:50:20.184.fits,182.D-0222(A),SCIENCE_RBNSPEC_STACK,,,,84.4175833333319,-69.0700277777766
ADP.2019-01-30T03_50_20.188.fits,36946,2008-12-19T05:38:54.466,54819.23535263,GIRAFFE,ESO-VLT-U2,ADP.2019-01-30T03:50:20.188.fits,182.D-0222(A),SCIENCE_RBNSPEC_STACK,,,,84.8901249999986,-69.1486111111099
ADP.2019-01-30T03_50_20.192.fits,35266,2008-12-19T05:38:54.466,54819.23535263,GIRAFFE,ESO-VLT-U2,ADP.2019-01-30T03:50:20.192.fits,182.D-0222(A),SCIENCE_RBNSPEC_STACK,,,,84.5945833333319,-69.16161111111
ADP.2019-01-30T03_50_20.196.fits,34135,2008-12-19T03:31:36.913,54819.14695502,GIRAFFE,ESO-VLT-U2,ADP.2019-01-30T03:50:20.196.fits,182.D-0222(A),SCIENCE_RBNSPEC_STACK,,,,84.6926666666652,-69.1707499999988
ADP.2019-01-30T03_50_20.200.fits,39560,2008-12-19T05:38:54.466,54819.23535263,GIRAFFE,ESO-VLT-U2,ADP.2019-01-30T03:50:20.200.fits,182.D-0222(A),SCIENCE_RBNSPEC_STACK,,,,84.7005416666652,-69.1281944444433
ADP.2019-01-30T03_50_20.204.fits,463286,2008-12-19T05:38:54.466,54819.23535263,GIRAFFE,ESO-VLT-U2,ADP.2019-01-30T03:50:20.204.fits,182.D-0222(A),SCIENCE_RBNSPEC_STACK,,,,84.4174583333319,-69.1794722222211
ADP.2019-01-30T03_50_20.208.fits,233,2008-12-19T00:50:32.249,54819.03509548,GIRAFFE,ESO-VLT-U2,ADP.2019-01-30T03:50:20.208.fits,182.D-0222(A),SCIENCE_RBNSPEC_STACK,,,,84.6584166666652,-69.0856944444433
ADP.2019-01-30T03_50_20.212.fits,228,2008-12-19T05:38:54.466,54819.23535263,GIRAFFE,ESO-VLT-U2,ADP.2019-01-30T03:50:20.212.fits,182.D-0222(A),SCIENCE_RBNSPEC_STACK,,,,84.6440833333319,-69.1146388888877
ADP.2019-01-30T03_50_20.216.fits,229,2008-12-19T03:31:36.913,54819.14695502,GIRAFFE,ESO-VLT-U2,ADP.2019-01-30T03:50:20.216.fits,182.D-0222(A),SCIENCE_RBNSPEC_STACK,,,,84.7157083333319,-69.1003055555544
ADP.2019-01-30T03_50_20.220.fits,51340,2008-12-19T07:05:46.148,54819.29567301,GIRAFFE,ESO-VLT-U2,ADP.2019-01-30T03:50:20.220.fits,182.D-0222(A),SCIENCE_RBNSPEC_STACK,,,,84.6814166666652,-69.032972222221
ADP.2019-01-30T03_50_20.224.fits,31981,2008-12-19T05:38:54.466,54819.23535263,GIRAFFE,ESO-VLT-U2,ADP.2019-01-30T03:50:20.224.fits,182.D-0222(A),SCIENCE_RBNSPEC_STACK,,,,84.6038333333319,-69.1871666666655
ADP.2019-01-30T03_50_20.228.fits,415879,2008-12-19T05:38:54.466,54819.23535263,GIRAFFE,ESO-VLT-U2,ADP.2019-01-30T03:50:20.228.fits,182.D-0222(A),SCIENCE_RBNSPEC_STACK,,,,84.4626249999986,-69.1029444444433
ADP.2019-01-30T03_50_20.232.fits,417192,2008-12-19T03:31:36.913,54819.14695502,GIRAFFE,ESO-VLT-U2,ADP.2019-01-30T03:50:20.232.fits,182.D-0222(A),SCIENCE_RBNSPEC_STACK,,,,84.5740833333319,-69.0655277777766
ADP.2019-01-30T03_50_20.236.fits,37163,2008-12-19T03:31:36.913,54819.14695502,GIRAFFE,ESO-VLT-U2,ADP.2019-01-30T03:50:20.236.fits,182.D-0222(A),SCIENCE_RBNSPEC_STACK,,,,84.9022083333319,-69.1469166666655
ADP.2019-01-30T03_50_20.240.fits,40791,2008-12-19T00:50:32.249,54819.03509548,GIRAFFE,ESO-VLT-U2,ADP.2019-01-30T03:50:20.240.fits,182.D-0222(A),SCIENCE_RBNSPEC_STACK,,,,84.9133749999986,-69.1171944444433
ADP.2019-01-30T03_50_20.244.fits,107116,2008-12-19T03:31:36.913,54819.14695502,GIRAFFE,ESO-VLT-U2,ADP.2019-01-30T03:50:20.244.fits,182.D-0222(A),SCIENCE_RBNSPEC_STACK,,,,84.7787916666652,-69.0045555555544
ADP.2019-01-30T03_50_20.248.fits,245467,2008-12-19T02:14:12.945,54819.09320538,GIRAFFE,ESO-VLT-U2,ADP.2019-01-30T03:50:20.248.fits,182.D-0222(A),SCIENCE_RBNSPEC_STACK,,,,84.4175833333319,-69.0700277777766
ADP.2019-01-30T03_50_20.252.fits,34327,2008-12-19T00:50:32.249,54819.03509548,GIRAFFE,ESO-VLT-U2,ADP.2019-01-30T03:50:20.252.fits,182.D-0222(A),SCIENCE_RBNSPEC_STACK,,,,84.6700833333319,-69.1691666666655
ADP.2019-01-30T03_50_20.256.fits,240,2008-12-19T02:14:12.945,54819.09320538,GIRAFFE,ESO-VLT-U2,ADP.2019-01-30T03:50:20.256.fits,182.D-0222(A),SCIENCE_RBNSPEC_STACK,,,,84.6814999999986,-69.0914722222211
ADP.2019-01-30T03_50_20.260.fits,314525,2008-12-19T05:38:54.466,54819.23535263,GIRAFFE,ESO-VLT-U2,ADP.2019-01-30T03:50:20.260.fits,182.D-0222(A),SCIENCE_RBNSPEC_STACK,,,,84.5501249999986,-69.1095277777766
ADP.2019-01-30T03_50_20.264.fits,36244,2008-12-19T03:31:36.913,54819.14695502,GIRAFFE,ESO-VLT-U2,ADP.2019-01-30T03:50:20.264.fits,182.D-0222(A),SCIENCE_RBNSPEC_STACK,,,,84.9087083333319,-69.1540277777766
ADP.2019-01-30T03_50_20.268.fits,293,2008-12-19T00:50:32.249,54819.03509548,GIRAFFE,ESO-VLT-U2,ADP.2019-01-30T03:50:20.268.fits,182.D-0222(A),SCIENCE_RBNSPEC_STACK,,,,84.6890833333319,-69.0901111111099
ADP.2019-01-30T03_50_20.272.fits,331,2008-12-19T07:05:46.148,54819.29567301,GIRAFFE,ESO-VLT-U2,ADP.2019-01-30T03:50:20.272.fits,182.D-0222(A),SCIENCE_RBNSPEC_STACK,,,,84.6508749999986,-69.1015833333322
ADP.2019-01-30T03_50_20.276.fits,33528,2008-12-19T07:05:46.148,54819.29567301,GIRAFFE,ESO-VLT-U2,ADP.2019-01-30T03:50:20.276.fits,182.D-0222(A),SCIENCE_RBNSPEC_STACK,,,,84.8964166666652,-69.1751944444433
ADP.2019-01-30T03_50_20.280.fits,55148,2008-12-19T03:31:36.913,54819.14695502,GIRAFFE,ESO-VLT-U2,ADP.2019-01-30T03:50:20.280.fits,182.D-0222(A),SCIENCE_RBNSPEC_STACK,,,,84.7650416666652,-69.0052499999988
ADP.2019-01-30T03_50_20.284.fits,39087,2008-12-19T00:50:32.249,54819.03509548,GIRAFFE,ESO-VLT-U2,ADP.2019-01-30T03:50:20.284.fits,182.D-0222(A),SCIENCE_RBNSPEC_STACK,,,,84.6655416666652,-69.132222222221
ADP.2019-01-30T03_50_20.288.fits,55996,2008-12-19T02:14:12.945,54819.09320538,GIRAFFE,ESO-VLT-U2,ADP.2019-01-30T03:50:20.288.fits,182.D-0222(A),SCIENCE_RBNSPEC_STACK,,,,84.5973749999986,-68.9993611111099
ADP.2019-01-30T03_50_20.292.fits,99137,2008-12-19T02:14:12.945,54819.09320538,GIRAFFE,ESO-VLT-U2,ADP.2019-01-30T03:50:20.292.fits,182.D-0222(A),SCIENCE_RBNSPEC_STACK,,,,84.6550833333319,-69.118222222221
ADP.2019-01-30T03_50_20.296.fits,52729,2008-12-19T00:50:32.249,54819.03509548,GIRAFFE,ESO-VLT-U2,ADP.2019-01-30T03:50:20.296.fits,182.D-0222(A),SCIENCE_RBNSPEC_STACK,,,,84.8175833333319,-69.0222777777766
ADP.2019-01-30T03_50_20.300.fits,34677,2008-12-19T00:50:32.249,54819.03509548,GIRAFFE,ESO-VLT-U2,ADP.2019-01-30T03:50:20.300.fits,182.D-0222(A),SCIENCE_RBNSPEC_STACK,,,,84.7751249999986,-69.1662222222211
ADP.2019-01-30T03_50_20.304.fits,32302,2008-12-19T07:05:46.148,54819.29567301,GIRAFFE,ESO-VLT-U2,ADP.2019-01-30T03:50:20.304.fits,182.D-0222(A),SCIENCE_RBNSPEC_STACK,,,,85.0178749999986,-69.1841388888877
ADP.2019-01-30T03_50_20.308.fits,39275,2008-12-19T00:50:32.249,54819.03509548,GIRAFFE,ESO-VLT-U2,ADP.2019-01-30T03:50:20.308.fits,182.D-0222(A),SCIENCE_RBNSPEC_STACK,,,,84.5927916666652,-69.1307777777766
ADP.2019-01-30T03_50_20.312.fits,259107,2008-12-19T07:05:46.148,54819.29567301,GIRAFFE,ESO-VLT-U2,ADP.2019-01-30T03:50:20.312.fits,182.D-0222(A),SCIENCE_RBNSPEC_STACK,,,,84.4116666666653,-68.9754999999988
ADP.2019-01-30T03_50_20.316.fits,49777,2008-12-19T00:50:32.249,54819.03509548,GIRAFFE,ESO-VLT-U2,ADP.2019-01-30T03:50:20.316.fits,182.D-0222(A),SCIENCE_RBNSPEC_STACK,,,,84.7217083333319,-69.0446666666655
ADP.2019-01-30T03_50_20.320.fits,42864,2008-12-19T05:38:54.466,54819.23535263,GIRAFFE,ESO-VLT-U2,ADP.2019-01-30T03:50:20.320.fits,182.D-0222(A),SCIENCE_RBNSPEC_STACK,,,,84.6066666666652,-69.1011944444433
ADP.2019-01-30T03_50_20.324.fits,150030,2008-12-19T03:31:36.913,54819.14695502,GIRAFFE,ESO-VLT-U2,ADP.2019-01-30T03:50:20.324.fits,182.D-0222(A),SCIENCE_RBNSPEC_STACK,,,,84.8122083333319,-69.1974999999988
ADP.2019-01-30T03_50_20.328.fits,243403,2008-12-19T02:14:12.945,54819.09320538,GIRAFFE,ESO-VLT-U2,ADP.2019-01-30T03:50:20.328.fits,182.D-0222(A),SCIENCE_RBNSPEC_STACK,,,,84.5426249999986,-69.0846388888877
ADP.2019-01-30T03_50_20.332.fits,171354,2008-12-19T05:38:54.466,54819.23535263,GIRAFFE,ESO-VLT-U2,ADP.2019-01-30T03:50:20.332.fits,182.D-0222(A),SCIENCE_RBNSPEC_STACK,,,,84.7698333333319,-69.0693888888877
ADP.2019-01-30T03_50_20.336.fits,136642,2008-12-19T03:31:36.913,54819.14695502,GIRAFFE,ESO-VLT-U2,ADP.2019-01-30T03:50:20.336.fits,182.D-0222(A),SCIENCE_RBNSPEC_STACK,,,,84.6712499999986,-69.0294444444433
ADP.2019-01-30T03_50_20.340.fits,371932,2008-12-19T03:31:36.913,54819.14695502,GIRAFFE,ESO-VLT-U2,ADP.2019-01-30T03:50:20.340.fits,182.D-0222(A),SCIENCE_RBNSPEC_STACK,,,,84.3987499999986,-69.1445277777766
ADP.2019-01-30T03_50_20.344.fits,321026,2008-12-19T03:31:36.913,54819.14695502,GIRAFFE,ESO-VLT-U2,ADP.2019-01-30T03:50:20.344.fits,182.D-0222(A),SCIENCE_RBNSPEC_STACK,,,,84.4917916666652,-69.0398611111099
ADP.2019-01-30T03_50_20.348.fits,39831,2008-12-19T05:38:54.466,54819.23535263,GIRAFFE,ESO-VLT-U2,ADP.2019-01-30T03:50:20.348.fits,182.D-0222(A),SCIENCE_RBNSPEC_STACK,,,,84.6346249999986,-69.1256111111099
ADP.2019-01-30T03_50_20.352.fits,230957,2008-12-19T02:14:12.945,54819.09320538,GIRAFFE,ESO-VLT-U2,ADP.2019-01-30T03:50:20.352.fits,182.D-0222(A),SCIENCE_RBNSPEC_STACK,,,,84.4319166666653,-69.1708611111099
ADP.2019-01-30T03_50_20.356.fits,151485,2008-12-19T05:38:54.466,54819.23535263,GIRAFFE,ESO-VLT-U2,ADP.2019-01-30T03:50:20.356.fits,182.D-0222(A),SCIENCE_RBNSPEC_STACK,,,,84.7009166666653,-69.1348888888877
ADP.2019-01-30T03_50_20.360.fits,48767,2008-12-19T03:31:36.913,54819.14695502,GIRAFFE,ESO-VLT-U2,ADP.2019-01-30T03:50:20.360.fits,182.D-0222(A),SCIENCE_RBNSPEC_STACK,,,,84.8990416666652,-69.0518611111099
ADP.2019-01-30T03_50_20.364.fits,46020,2008-12-19T03:31:36.913,54819.14695502,GIRAFFE,ESO-VLT-U2,ADP.2019-01-30T03:50:20.364.fits,182.D-0222(A),SCIENCE_RBNSPEC_STACK,,,,84.9399166666652,-69.0739444444433
ADP.2019-01-30T03_50_20.368.fits,134431,2008-12-19T05:38:54.466,54819.23535263,GIRAFFE,ESO-VLT-U2,ADP.2019-01-30T03:50:20.368.fits,182.D-0222(A),SCIENCE_RBNSPEC_STACK,,,,84.8978749999985,-69.0774166666655
ADP.2019-01-30T03_50_20.372.fits,37094,2008-12-19T00:50:32.249,54819.03509548,GIRAFFE,ESO-VLT-U2,ADP.2019-01-30T03:50:20.372.fits,182.D-0222(A),SCIENCE_RBNSPEC_STACK,,,,84.6716249999986,-69.1477499999988
ADP.2019-01-30T03_50_20.376.fits,371296,2008-12-19T00:50:32.249,54819.03509548,GIRAFFE,ESO-VLT-U2,ADP.2019-01-30T03:50:20.376.fits,182.D-0222(A),SCIENCE_RBNSPEC_STACK,,,,84.4533749999986,-69.1543888888877
ADP.2019-01-30T03_50_20.380.fits,462291,2008-12-19T02:14:12.945,54819.09320538,GIRAFFE,ESO-VLT-U2,ADP.2019-01-30T03:50:20.380.fits,182.D-0222(A),SCIENCE_RBNSPEC_STACK,,,,84.3702916666653,-69.1184444444433
ADP.2019-01-30T03_50_20.384.fits,179,2008-12-19T02:14:12.945,54819.09320538,GIRAFFE,ESO-VLT-U2,ADP.2019-01-30T03:50:20.384.fits,182.D-0222(A),SCIENCE_RBNSPEC_STACK,,,,84.6862499999986,-69.0958611111099
ADP.2019-01-30T03_50_20.388.fits,24778,2008-12-19T07:05:46.148,54819.29567301,GIRAFFE,ESO-VLT-U2,ADP.2019-01-30T03:50:20.388.fits,182.D-0222(A),SCIENCE_RBNSPEC_STACK,,,,84.9359166666652,-69.2387222222211
ADP.2019-01-30T03_50_20.392.fits,305088,2008-12-19T03:31:36.913,54819.14695502,GIRAFFE,ESO-VLT-U2,ADP.2019-01-30T03:50:20.392.fits,182.D-0222(A),SCIENCE_RBNSPEC_STACK,,,,84.5482499999986,-69.1951111111099
ADP.2019-01-30T03_50_20.396.fits,128,2008-12-19T07:05:46.148,54819.29567301,GIRAFFE,ESO-VLT-U2,ADP.2019-01-30T03:50:20.396.fits,182.D-0222(A),SCIENCE_RBNSPEC_STACK,,,,84.6871249999986,-69.0925277777766
ADP.2019-01-30T03_50_20.400.fits,55098,2008-12-19T07:05:46.148,54819.29567301,GIRAFFE,ESO-VLT-U2,ADP.2019-01-30T03:50:20.400.fits,182.D-0222(A),SCIENCE_RBNSPEC_STACK,,,,84.8934166666652,-69.00536111111
ADP.2019-01-30T03_50_20.404.fits,26838,2008-12-19T07:05:46.148,54819.29567301,GIRAFFE,ESO-VLT-U2,ADP.2019-01-30T03:50:20.404.fits,182.D-0222(A),SCIENCE_RBNSPEC_STACK,,,,84.7709166666652,-69.2249166666655
ADP.2019-01-30T03_50_20.408.fits,46629,2008-12-19T05:38:54.466,54819.23535263,GIRAFFE,ESO-VLT-U2,ADP.2019-01-30T03:50:20.408.fits,182.D-0222(A),SCIENCE_RBNSPEC_STACK,,,,84.6166249999986,-69.0692499999988
ADP.2019-01-30T03_50_20.412.fits,42842,2008-12-19T05:38:54.466,54819.23535263,GIRAFFE,ESO-VLT-U2,ADP.2019-01-30T03:50:20.412.fits,182.D-0222(A),SCIENCE_RBNSPEC_STACK,,,,84.5599166666652,-69.10136111111
ADP.2019-01-30T03_50_20.416.fits,241798,2008-12-19T05:38:54.466,54819.23535263,GIRAFFE,ESO-VLT-U2,ADP.2019-01-30T03:50:20.416.fits,182.D-0222(A),SCIENCE_RBNSPEC_STACK,,,,84.5738333333319,-69.0960555555544
ADP.2019-01-30T03_50_20.420.fits,340,2008-12-19T00:50:32.249,54819.03509548,GIRAFFE,ESO-VLT-U2,ADP.2019-01-30T03:50:20.420.fits,182.D-0222(A),SCIENCE_RBNSPEC_STACK,,,,84.6672916666652,-69.0870555555544
ADP.2019-01-30T03_50_20.424.fits,346,2008-12-19T05:38:54.466,54819.23535263,GIRAFFE,ESO-VLT-U2,ADP.2019-01-30T03:50:20.424.fits,182.D-0222(A),SCIENCE_RBNSPEC_STACK,,,,84.6604999999985,-69.1083055555544
ADP.2019-01-30T03_50_20.428.fits,53008,2008-12-19T00:50:32.249,54819.03509548,GIRAFFE,ESO-VLT-U2,ADP.2019-01-30T03:50:20.428.fits,182.D-0222(A),SCIENCE_RBNSPEC_STACK,,,,84.8328333333319,-69.0201944444433
ADP.2019-01-30T03_50_20.432.fits,370792,2008-12-19T07:05:46.148,54819.29567301,GIRAFFE,ESO-VLT-U2,ADP.2019-01-30T03:50:20.432.fits,182.D-0222(A),SCIENCE_RBNSPEC_STACK,,,,84.4261666666652,-69.1615277777766
ADP.2019-01-30T03_50_20.436.fits,81,2008-12-19T05:38:54.466,54819.23535263,GIRAFFE,ESO-VLT-U2,ADP.2019-01-30T03:50:20.436.fits,182.D-0222(A),SCIENCE_RBNSPEC_STACK,,,,84.6713749999985,-69.086972222221
ADP.2019-01-30T03_50_20.440.fits,403,2008-12-19T00:50:32.249,54819.03509548,GIRAFFE,ESO-VLT-U2,ADP.2019-01-30T03:50:20.440.fits,182.D-0222(A),SCIENCE_RBNSPEC_STACK,,,,84.7128749999985,-69.1135277777766
ADP.2019-01-30T03_50_20.444.fits,214,2008-12-19T05:38:54.466,54819.23535263,GIRAFFE,ESO-VLT-U2,ADP.2019-01-30T03:50:20.444.fits,182.D-0222(A),SCIENCE_RBNSPEC_STACK,,,,84.6543333333319,-69.1140555555544
ADP.2019-01-30T03_50_20.448.fits,243537,2008-12-19T00:50:32.249,54819.03509548,GIRAFFE,ESO-VLT-U2,ADP.2019-01-30T03:50:20.448.fits,182.D-0222(A),SCIENCE_RBNSPEC_STACK,,,,84.4014166666652,-69.0836388888877
ADP.2019-01-30T03_50_20.452.fits,141,2008-12-19T02:14:12.945,54819.09320538,GIRAFFE,ESO-VLT-U2,ADP.2019-01-30T03:50:20.452.fits,182.D-0222(A),SCIENCE_RBNSPEC_STACK,,,,84.6302499999986,-69.0980555555544
ADP.2019-01-30T03_50_20.456.fits,219405,2008-12-19T07:05:46.148,54819.29567301,GIRAFFE,ESO-VLT-U2,ADP.2019-01-30T03:50:20.456.fits,182.D-0222(A),SCIENCE_RBNSPEC_STACK,,,,84.5430833333319,-69.2523055555544
ADP.2019-01-30T03_50_20.460.fits,414524,2008-12-19T03:31:36.913,54819.14695502,GIRAFFE,ESO-VLT-U2,ADP.2019-01-30T03:50:20.460.fits,182.D-0222(A),SCIENCE_RBNSPEC_STACK,,,,84.4657916666652,-69.1357499999988
ADP.2019-01-30T03_50_20.464.fits,41709,2008-12-19T02:14:12.945,54819.09320538,GIRAFFE,ESO-VLT-U2,ADP.2019-01-30T03:50:20.464.fits,182.D-0222(A),SCIENCE_RBNSPEC_STACK,,,,84.8760833333319,-69.1100833333322
ADP.2019-01-30T03_50_20.468.fits,134465,2008-12-19T02:14:12.945,54819.09320538,GIRAFFE,ESO-VLT-U2,ADP.2019-01-30T03:50:20.468.fits,182.D-0222(A),SCIENCE_RBNSPEC_STACK,,,,84.6564583333319,-69.0770833333322
ADP.2019-01-30T03_50_20.472.fits,246383,2008-12-19T02:14:12.945,54819.09320538,GIRAFFE,ESO-VLT-U2,ADP.2019-01-30T03:50:20.472.fits,182.D-0222(A),SCIENCE_RBNSPEC_STACK,,,,84.4857499999986,-69.0634999999988
ADP.2019-01-30T03_50_20.476.fits,39438,2008-12-19T00:50:32.249,54819.03509548,GIRAFFE,ESO-VLT-U2,ADP.2019-01-30T03:50:20.476.fits,182.D-0222(A),SCIENCE_RBNSPEC_STACK,,,,84.7091666666652,-69.1291944444433
ADP.2019-01-30T03_50_20.480.fits,268,2008-12-19T03:31:36.913,54819.14695502,GIRAFFE,ESO-VLT-U2,ADP.2019-01-30T03:50:20.480.fits,182.D-0222(A),SCIENCE_RBNSPEC_STACK,,,,84.6367916666652,-69.095722222221
ADP.2019-01-30T03_50_20.484.fits,38625,2008-12-19T05:38:54.466,54819.23535263,GIRAFFE,ESO-VLT-U2,ADP.2019-01-30T03:50:20.484.fits,182.D-0222(A),SCIENCE_RBNSPEC_STACK,,,,84.6142083333319,-69.1359444444433
ADP.2019-01-30T03_50_20.488.fits,314556,2008-12-19T02:14:12.945,54819.09320538,GIRAFFE,ESO-VLT-U2,ADP.2019-01-30T03:50:20.488.fits,182.D-0222(A),SCIENCE_RBNSPEC_STACK,,,,84.4034166666652,-69.109222222221
ADP.2019-01-30T03_50_20.492.fits,318294,2008-12-19T02:14:12.945,54819.09320538,GIRAFFE,ESO-VLT-U2,ADP.2019-01-30T03:50:20.492.fits,182.D-0222(A),SCIENCE_RBNSPEC_STACK,,,,84.5734999999986,-69.0699999999988
ADP.2019-01-30T03_50_20.496.fits,38010,2008-12-19T00:50:32.249,54819.03509548,GIRAFFE,ESO-VLT-U2,ADP.2019-01-30T03:50:20.496.fits,182.D-0222(A),SCIENCE_RBNSPEC_STACK,,,,84.6280833333319,-69.1408611111099
ADP.2019-01-30T03_50_20.500.fits,106649,2008-12-19T07:05:46.148,54819.29567301,GIRAFFE,ESO-VLT-U2,ADP.2019-01-30T03:50:20.500.fits,182.D-0222(A),SCIENCE_RBNSPEC_STACK,,,,85.0489999999986,-69.0104999999988
ADP.2019-01-30T03_50_20.504.fits,925081,2008-12-19T05:38:54.466,54819.23535263,GIRAFFE,ESO-VLT-U2,ADP.2019-01-30T03:50:20.504.fits,182.D-0222(A),SCIENCE_RBNSPEC_STACK,,,,84.6619583333319,-69.1373888888877
ADP.2019-01-30T03_50_20.508.fits,102764,2008-12-19T00:50:32.249,54819.03509548,GIRAFFE,ESO-VLT-U2,ADP.2019-01-30T03:50:20.508.fits,182.D-0222(A),SCIENCE_RBNSPEC_STACK,,,,84.6470416666652,-69.0650277777766
ADP.2019-01-30T03_50_20.512.fits,29410,2008-12-19T02:14:12.945,54819.09320538,GIRAFFE,ESO-VLT-U2,ADP.2019-01-30T03:50:20.512.fits,182.D-0222(A),SCIENCE_RBNSPEC_STACK,,,,84.5874166666652,-69.2058888888877
ADP.2019-01-30T03_50_20.516.fits,372194,2008-12-19T05:38:54.466,54819.23535263,GIRAFFE,ESO-VLT-U2,ADP.2019-01-30T03:50:20.516.fits,182.D-0222(A),SCIENCE_RBNSPEC_STACK,,,,84.5016666666652,-69.1410833333322
ADP.2019-01-30T03_50_20.520.fits,34135,2008-12-19T02:14:12.945,54819.09320538,GIRAFFE,ESO-VLT-U2,ADP.2019-01-30T03:50:20.520.fits,182.D-0222(A),SCIENCE_RBNSPEC_STACK,,,,84.6926666666652,-69.1707499999988
ADP.2019-01-30T03_50_20.524.fits,287,2008-12-19T00:50:32.249,54819.03509548,GIRAFFE,ESO-VLT-U2,ADP.2019-01-30T03:50:20.524.fits,182.D-0222(A),SCIENCE_RBNSPEC_STACK,,,,84.6366666666652,-69.0902499999988
ADP.2019-01-30T03_50_20.528.fits,151336,2008-12-19T02:14:12.945,54819.09320538,GIRAFFE,ESO-VLT-U2,ADP.2019-01-30T03:50:20.528.fits,182.D-0222(A),SCIENCE_RBNSPEC_STACK,,,,84.6252916666652,-69.1409999999988
ADP.2019-01-30T03_50_20.532.fits,413731,2008-12-19T03:31:36.913,54819.14695502,GIRAFFE,ESO-VLT-U2,ADP.2019-01-30T03:50:20.532.fits,182.D-0222(A),SCIENCE_RBNSPEC_STACK,,,,84.4446249999986,-69.1531111111099
ADP.2019-01-30T03_50_20.536.fits,230615,2008-12-19T05:38:54.466,54819.23535263,GIRAFFE,ESO-VLT-U2,ADP.2019-01-30T03:50:20.536.fits,182.D-0222(A),SCIENCE_RBNSPEC_STACK,,,,84.4725833333319,-69.1731944444433
ADP.2019-01-30T03_50_20.540.fits,32666,2008-12-19T02:14:12.945,54819.09320538,GIRAFFE,ESO-VLT-U2,ADP.2019-01-30T03:50:20.540.fits,182.D-0222(A),SCIENCE_RBNSPEC_STACK,,,,84.8492083333319,-69.1817777777766
ADP.2019-01-30T03_50_20.544.fits,232985,2008-12-19T02:14:12.945,54819.09320538,GIRAFFE,ESO-VLT-U2,ADP.2019-01-30T03:50:20.544.fits,182.D-0222(A),SCIENCE_RBNSPEC_STACK,,,,84.4502499999986,-69.1573333333322
ADP.2019-01-30T03_50_20.548.fits,310299,2008-12-19T02:14:12.945,54819.09320538,GIRAFFE,ESO-VLT-U2,ADP.2019-01-30T03:50:20.548.fits,182.D-0222(A),SCIENCE_RBNSPEC_STACK,,,,84.3912083333319,-69.1495277777766
ADP.2019-01-30T03_50_20.552.fits,84,2008-12-19T03:31:36.913,54819.14695502,GIRAFFE,ESO-VLT-U2,ADP.2019-01-30T03:50:20.552.fits,182.D-0222(A),SCIENCE_RBNSPEC_STACK,,,,84.6346666666652,-69.0899444444433
ADP.2019-01-30T03_50_20.556.fits,303,2008-12-19T05:38:54.466,54819.23535263,GIRAFFE,ESO-VLT-U2,ADP.2019-01-30T03:50:20.556.fits,182.D-0222(A),SCIENCE_RBNSPEC_STACK,,,,84.6631249999986,-69.0849166666655
ADP.2019-01-30T03_50_20.560.fits,460013,2008-12-19T00:50:32.249,54819.03509548,GIRAFFE,ESO-VLT-U2,ADP.2019-01-30T03:50:20.560.fits,182.D-0222(A),SCIENCE_RBNSPEC_STACK,,,,84.5649583333319,-69.0672777777766
ADP.2019-01-30T03_50_20.564.fits,230957,2008-12-19T03:31:36.913,54819.14695502,GIRAFFE,ESO-VLT-U2,ADP.2019-01-30T03:50:20.564.fits,182.D-0222(A),SCIENCE_RBNSPEC_STACK,,,,84.4319166666653,-69.1708611111099
ADP.2019-01-30T03_50_20.568.fits,230296,2008-12-19T07:05:46.148,54819.29567301,GIRAFFE,ESO-VLT-U2,ADP.2019-01-30T03:50:20.568.fits,182.D-0222(A),SCIENCE_RBNSPEC_STACK,,,,84.2977499999986,-69.1752499999988
ADP.2019-01-30T03_50_20.572.fits,235627,2008-12-19T02:14:12.945,54819.09320538,GIRAFFE,ESO-VLT-U2,ADP.2019-01-30T03:50:20.572.fits,182.D-0222(A),SCIENCE_RBNSPEC_STACK,,,,84.4873749999986,-69.1392222222211
ADP.2019-01-30T03_50_20.576.fits,370967,2008-12-19T00:50:32.249,54819.03509548,GIRAFFE,ESO-VLT-U2,ADP.2019-01-30T03:50:20.576.fits,182.D-0222(A),SCIENCE_RBNSPEC_STACK,,,,84.5279999999986,-69.1590277777766
ADP.2019-01-30T03_50_20.580.fits,38526,2008-12-19T02:14:12.945,54819.09320538,GIRAFFE,ESO-VLT-U2,ADP.2019-01-30T03:50:20.580.fits,182.D-0222(A),SCIENCE_RBNSPEC_STACK,,,,84.7039583333319,-69.1367777777766
ADP.2019-01-30T03_50_20.584.fits,225341,2008-12-19T07:05:46.148,54819.29567301,GIRAFFE,ESO-VLT-U2,ADP.2019-01-30T03:50:20.584.fits,182.D-0222(A),SCIENCE_RBNSPEC_STACK,,,,84.4641249999986,-69.2113333333322
ADP.2019-01-30T03_50_20.588.fits,99823,2008-12-19T05:38:54.466,54819.23535263,GIRAFFE,ESO-VLT-U2,ADP.2019-01-30T03:50:20.588.fits,182.D-0222(A),SCIENCE_RBNSPEC_STACK,,,,84.6168749999986,-69.1080555555544
ADP.2019-01-30T03_50_20.592.fits,454235,2008-12-19T02:14:12.945,54819.09320538,GIRAFFE,ESO-VLT-U2,ADP.2019-01-30T03:50:20.592.fits,182.D-0222(A),SCIENCE_RBNSPEC_STACK,,,,84.3897499999986,-69.1205277777766
ADP.2019-01-30T03_50_20.596.fits,312100,2008-12-19T00:50:32.249,54819.03509548,GIRAFFE,ESO-VLT-U2,ADP.2019-01-30T03:50:20.596.fits,182.D-0222(A),SCIENCE_RBNSPEC_STACK,,,,84.4187499999986,-69.1326944444433
ADP.2019-01-30T03_50_20.600.fits,234371,2008-12-19T05:38:54.466,54819.23535263,GIRAFFE,ESO-VLT-U2,ADP.2019-01-30T03:50:20.600.fits,182.D-0222(A),SCIENCE_RBNSPEC_STACK,,,,84.5196249999986,-69.1480555555544
ADP.2019-01-30T03_50_20.604.fits,48697,2008-12-19T03:31:36.913,54819.14695502,GIRAFFE,ESO-VLT-U2,ADP.2019-01-30T03:50:20.604.fits,182.D-0222(A),SCIENCE_RBNSPEC_STACK,,,,84.5850416666652,-69.05286111111
ADP.2019-01-30T03_50_20.608.fits,241490,2008-12-19T02:14:12.945,54819.09320538,GIRAFFE,ESO-VLT-U2,ADP.2019-01-30T03:50:20.608.fits,182.D-0222(A),SCIENCE_RBNSPEC_STACK,,,,84.4183749999986,-69.0983333333322
ADP.2019-01-30T03_50_20.612.fits,318801,2008-12-19T07:05:46.148,54819.29567301,GIRAFFE,ESO-VLT-U2,ADP.2019-01-30T03:50:20.612.fits,182.D-0222(A),SCIENCE_RBNSPEC_STACK,,,,84.5712083333319,-69.0640833333322
ADP.2019-01-30T03_50_20.616.fits,97138,2008-12-19T05:38:54.466,54819.23535263,GIRAFFE,ESO-VLT-U2,ADP.2019-01-30T03:50:20.616.fits,182.D-0222(A),SCIENCE_RBNSPEC_STACK,,,,84.7037083333319,-69.1486666666655
ADP.2019-01-30T03_50_20.620.fits,53400,2008-12-19T02:14:12.945,54819.09320538,GIRAFFE,ESO-VLT-U2,ADP.2019-01-30T03:50:20.620.fits,182.D-0222(A),SCIENCE_RBNSPEC_STACK,,,,84.8906666666652,-69.0171944444433
ADP.2019-01-30T03_50_20.624.fits,97981,2008-12-19T00:50:32.249,54819.03509548,GIRAFFE,ESO-VLT-U2,ADP.2019-01-30T03:50:20.624.fits,182.D-0222(A),SCIENCE_RBNSPEC_STACK,,,,84.7007916666653,-69.1363333333322
ADP.2019-01-30T03_50_20.628.fits,46262,2008-12-19T02:14:12.945,54819.09320538,GIRAFFE,ESO-VLT-U2,ADP.2019-01-30T03:50:20.628.fits,182.D-0222(A),SCIENCE_RBNSPEC_STACK,,,,84.6499583333319,-69.0723888888877
ADP.2019-01-30T03_50_20.632.fits,28440,2008-12-19T07:05:46.148,54819.29567301,GIRAFFE,ESO-VLT-U2,ADP.2019-01-30T03:50:20.632.fits,182.D-0222(A),SCIENCE_RBNSPEC_STACK,,,,84.9955416666652,-69.2125833333322
ADP.2019-01-30T03_50_20.636.fits,134,2008-12-19T07:05:46.148,54819.29567301,GIRAFFE,ESO-VLT-U2,ADP.2019-01-30T03:50:20.636.fits,182.D-0222(A),SCIENCE_RBNSPEC_STACK,,,,84.6754166666652,-69.0959444444433
ADP.2019-01-30T03_50_20.640.fits,316549,2008-12-19T02:14:12.945,54819.09320538,GIRAFFE,ESO-VLT-U2,ADP.2019-01-30T03:50:20.640.fits,182.D-0222(A),SCIENCE_RBNSPEC_STACK,,,,84.3781666666653,-69.0881944444433
ADP.2019-01-30T03_50_20.644.fits,330351,2008-12-19T07:05:46.148,54819.29567301,GIRAFFE,ESO-VLT-U2,ADP.2019-01-30T03:50:20.644.fits,182.D-0222(A),SCIENCE_RBNSPEC_STACK,,,,84.4749999999986,-68.955472222221
ADP.2019-01-30T03_50_20.648.fits,321026,2008-12-19T02:14:12.945,54819.09320538,GIRAFFE,ESO-VLT-U2,ADP.2019-01-30T03:50:20.648.fits,182.D-0222(A),SCIENCE_RBNSPEC_STACK,,,,84.4917916666652,-69.0398611111099
ADP.2019-01-30T03_50_20.652.fits,371932,2008-12-19T02:14:12.945,54819.09320538,GIRAFFE,ESO-VLT-U2,ADP.2019-01-30T03:50:20.652.fits,182.D-0222(A),SCIENCE_RBNSPEC_STACK,,,,84.3987499999986,-69.1445277777766
ADP.2019-01-30T03_50_20.656.fits,134465,2008-12-19T03:31:36.913,54819.14695502,GIRAFFE,ESO-VLT-U2,ADP.2019-01-30T03:50:20.656.fits,182.D-0222(A),SCIENCE_RBNSPEC_STACK,,,,84.6564583333319,-69.0770833333322
ADP.2019-01-30T03_50_20.660.fits,21724,2008-12-19T07:05:46.148,54819.29567301,GIRAFFE,ESO-VLT-U2,ADP.2019-01-30T03:50:20.660.fits,182.D-0222(A),SCIENCE_RBNSPEC_STACK,,,,84.6783333333319,-69.2611666666655
ADP.2019-01-30T03_50_20.664.fits,200,2008-12-19T00:50:32.249,54819.03509548,GIRAFFE,ESO-VLT-U2,ADP.2019-01-30T03:50:20.664.fits,182.D-0222(A),SCIENCE_RBNSPEC_STACK,,,,84.7132083333319,-69.0949444444433
ADP.2019-01-30T03_50_20.668.fits,46262,2008-12-19T03:31:36.913,54819.14695502,GIRAFFE,ESO-VLT-U2,ADP.2019-01-30T03:50:20.668.fits,182.D-0222(A),SCIENCE_RBNSPEC_STACK,,,,84.6499583333319,-69.0723888888877
ADP.2019-01-30T03_50_20.672.fits,150969,2008-12-19T00:50:32.249,54819.03509548,GIRAFFE,ESO-VLT-U2,ADP.2019-01-30T03:50:20.672.fits,182.D-0222(A),SCIENCE_RBNSPEC_STACK,,,,84.6744999999986,-69.15636111111
ADP.2019-01-30T03_50_20.676.fits,50269,2008-12-19T07:05:46.148,54819.29567301,GIRAFFE,ESO-VLT-U2,ADP.2019-01-30T03:50:20.676.fits,182.D-0222(A),SCIENCE_RBNSPEC_STACK,,,,85.1031249999986,-69.0400555555544
ADP.2019-01-30T03_50_20.680.fits,47901,2008-12-19T00:50:32.249,54819.03509548,GIRAFFE,ESO-VLT-U2,ADP.2019-01-30T03:50:20.680.fits,182.D-0222(A),SCIENCE_RBNSPEC_STACK,,,,84.7295833333319,-69.0588611111099
ADP.2019-01-30T03_50_20.684.fits,305088,2008-12-19T02:14:12.945,54819.09320538,GIRAFFE,ESO-VLT-U2,ADP.2019-01-30T03:50:20.684.fits,182.D-0222(A),SCIENCE_RBNSPEC_STACK,,,,84.5482499999986,-69.1951111111099
ADP.2019-01-30T03_50_20.688.fits,169765,2008-12-19T07:05:46.148,54819.29567301,GIRAFFE,ESO-VLT-U2,ADP.2019-01-30T03:50:20.688.fits,182.D-0222(A),SCIENCE_RBNSPEC_STACK,,,,85.0131666666652,-68.9857777777766
ADP.2019-01-30T03_50_20.692.fits,371202,2008-12-19T05:38:54.466,54819.23535263,GIRAFFE,ESO-VLT-U2,ADP.2019-01-30T03:50:20.692.fits,182.D-0222(A),SCIENCE_RBNSPEC_STACK,,,,84.5770416666652,-69.1556944444433
ADP.2019-01-30T03_50_20.696.fits,42701,2008-12-19T00:50:32.249,54819.03509548,GIRAFFE,ESO-VLT-U2,ADP.2019-01-30T03:50:20.696.fits,182.D-0222(A),SCIENCE_RBNSPEC_STACK,,,,84.6065833333319,-69.1025555555544
ADP.2019-01-30T03_50_20.700.fits,244070,2008-12-19T00:50:32.249,54819.03509548,GIRAFFE,ESO-VLT-U2,ADP.2019-01-30T03:50:20.700.fits,182.D-0222(A),SCIENCE_RBNSPEC_STACK,,,,84.5722916666652,-69.0799722222211
ADP.2019-01-30T03_50_20.704.fits,232968,2008-12-19T00:50:32.249,54819.03509548,GIRAFFE,ESO-VLT-U2,ADP.2019-01-30T03:50:20.704.fits,182.D-0222(A),SCIENCE_RBNSPEC_STACK,,,,84.5163749999986,-69.1574999999988
ADP.2019-01-30T03_50_20.708.fits,36744,2008-12-19T02:14:12.945,54819.09320538,GIRAFFE,ESO-VLT-U2,ADP.2019-01-30T03:50:20.708.fits,182.D-0222(A),SCIENCE_RBNSPEC_STACK,,,,84.9103749999986,-69.1501388888877
ADP.2019-01-30T03_50_20.712.fits,128127,2008-12-19T07:05:46.148,54819.29567301,GIRAFFE,ESO-VLT-U2,ADP.2019-01-30T03:50:20.712.fits,182.D-0222(A),SCIENCE_RBNSPEC_STACK,,,,84.5930416666652,-69.2208888888877
ADP.2019-01-30T03_50_20.716.fits,41340,2008-12-19T05:38:54.466,54819.23535263,GIRAFFE,ESO-VLT-U2,ADP.2019-01-30T03:50:20.716.fits,182.D-0222(A),SCIENCE_RBNSPEC_STACK,,,,84.7446249999986,-69.1130833333322
ADP.2019-01-30T03_50_20.720.fits,31212,2008-12-19T07:05:46.148,54819.29567301,GIRAFFE,ESO-VLT-U2,ADP.2019-01-30T03:50:20.720.fits,182.D-0222(A),SCIENCE_RBNSPEC_STACK,,,,84.9731249999986,-69.1919444444433
ADP.2019-01-30T03_50_20.724.fits,354,2008-12-19T02:14:12.945,54819.09320538,GIRAFFE,ESO-VLT-U2,ADP.2019-01-30T03:50:20.724.fits,182.D-0222(A),SCIENCE_RBNSPEC_STACK,,,,84.6835833333319,-69.0831666666655
ADP.2019-01-30T03_50_20.728.fits,414,2008-12-19T05:38:54.466,54819.23535263,GIRAFFE,ESO-VLT-U2,ADP.2019-01-30T03:50:20.728.fits,182.D-0222(A),SCIENCE_RBNSPEC_STACK,,,,84.6882916666653,-69.0937222222211
ADP.2019-01-30T03_50_20.732.fits,36244,2008-12-19T02:14:12.945,54819.09320538,GIRAFFE,ESO-VLT-U2,ADP.2019-01-30T03:50:20.732.fits,182.D-0222(A),SCIENCE_RBNSPEC_STACK,,,,84.9087083333319,-69.1540277777766
ADP.2019-01-30T03_50_20.736.fits,151260,2008-12-19T00:50:32.249,54819.03509548,GIRAFFE,ESO-VLT-U2,ADP.2019-01-30T03:50:20.736.fits,182.D-0222(A),SCIENCE_RBNSPEC_STACK,,,,84.7366666666652,-69.144722222221
ADP.2019-01-30T03_50_20.740.fits,59272,2008-12-19T07:05:46.148,54819.29567301,GIRAFFE,ESO-VLT-U2,ADP.2019-01-30T03:50:20.740.fits,182.D-0222(A),SCIENCE_RBNSPEC_STACK,,,,84.9101249999986,-68.9766666666655
ADP.2019-01-30T03_50_20.744.fits,233396,2008-12-19T05:38:54.466,54819.23535263,GIRAFFE,ESO-VLT-U2,ADP.2019-01-30T03:50:20.744.fits,182.D-0222(A),SCIENCE_RBNSPEC_STACK,,,,84.5671249999986,-69.1546666666655
ADP.2019-01-30T03_50_20.748.fits,307038,2008-12-19T02:14:12.945,54819.09320538,GIRAFFE,ESO-VLT-U2,ADP.2019-01-30T03:50:20.748.fits,182.D-0222(A),SCIENCE_RBNSPEC_STACK,,,,84.4496249999986,-69.1780833333322
ADP.2019-01-30T03_50_20.752.fits,32113,2008-12-19T00:50:32.249,54819.03509548,GIRAFFE,ESO-VLT-U2,ADP.2019-01-30T03:50:20.752.fits,182.D-0222(A),SCIENCE_RBNSPEC_STACK,,,,84.7264999999986,-69.1861388888877
ADP.2019-01-30T03_50_20.756.fits,251633,2008-12-19T03:31:36.913,54819.14695502,GIRAFFE,ESO-VLT-U2,ADP.2019-01-30T03:50:20.756.fits,182.D-0222(A),SCIENCE_RBNSPEC_STACK,,,,84.5070833333319,-69.0263333333322
ADP.2019-01-30T03_50_20.760.fits,242538,2008-12-19T02:14:12.945,54819.09320538,GIRAFFE,ESO-VLT-U2,ADP.2019-01-30T03:50:20.760.fits,182.D-0222(A),SCIENCE_RBNSPEC_STACK,,,,84.4336666666652,-69.0908333333322
ADP.2019-01-30T03_50_20.764.fits,28591,2008-12-19T03:31:36.913,54819.14695502,GIRAFFE,ESO-VLT-U2,ADP.2019-01-30T03:50:20.764.fits,182.D-0222(A),SCIENCE_RBNSPEC_STACK,,,,84.6829999999986,-69.2120555555544
ADP.2019-01-30T03_50_20.768.fits,30408,2008-12-19T07:05:46.148,54819.29567301,GIRAFFE,ESO-VLT-U2,ADP.2019-01-30T03:50:20.768.fits,182.D-0222(A),SCIENCE_RBNSPEC_STACK,,,,84.9631666666652,-69.1981944444433
ADP.2019-01-30T03_50_20.772.fits,55148,2008-12-19T02:14:12.945,54819.09320538,GIRAFFE,ESO-VLT-U2,ADP.2019-01-30T03:50:20.772.fits,182.D-0222(A),SCIENCE_RBNSPEC_STACK,,,,84.7650416666652,-69.0052499999988
ADP.2019-01-30T03_50_20.776.fits,232985,2008-12-19T03:31:36.913,54819.14695502,GIRAFFE,ESO-VLT-U2,ADP.2019-01-30T03:50:20.776.fits,182.D-0222(A),SCIENCE_RBNSPEC_STACK,,,,84.4502499999986,-69.1573333333322
ADP.2019-01-30T03_50_20.780.fits,235808,2008-12-19T05:38:54.466,54819.23535263,GIRAFFE,ESO-VLT-U2,ADP.2019-01-30T03:50:20.780.fits,182.D-0222(A),SCIENCE_RBNSPEC_STACK,,,,84.5370833333319,-69.1380277777766
ADP.2019-01-30T03_50_20.784.fits,288,2008-12-19T02:14:12.945,54819.09320538,GIRAFFE,ESO-VLT-U2,ADP.2019-01-30T03:50:20.784.fits,182.D-0222(A),SCIENCE_RBNSPEC_STACK,,,,84.6442083333319,-69.1016388888877
ADP.2019-01-30T03_50_20.788.fits,316549,2008-12-19T03:31:36.913,54819.14695502,GIRAFFE,ESO-VLT-U2,ADP.2019-01-30T03:50:20.788.fits,182.D-0222(A),SCIENCE_RBNSPEC_STACK,,,,84.3781666666653,-69.0881944444433
ADP.2019-01-30T03_50_20.792.fits,48348,2008-12-19T05:38:54.466,54819.23535263,GIRAFFE,ESO-VLT-U2,ADP.2019-01-30T03:50:20.792.fits,182.D-0222(A),SCIENCE_RBNSPEC_STACK,,,,84.8397083333319,-69.0550833333322
ADP.2019-01-30T03_50_20.796.fits,237812,2008-12-19T00:50:32.249,54819.03509548,GIRAFFE,ESO-VLT-U2,ADP.2019-01-30T03:50:20.796.fits,182.D-0222(A),SCIENCE_RBNSPEC_STACK,,,,84.4238333333319,-69.1244722222211
ADP.2019-01-30T03_50_20.800.fits,318928,2008-12-19T02:14:12.945,54819.09320538,GIRAFFE,ESO-VLT-U2,ADP.2019-01-30T03:50:20.800.fits,182.D-0222(A),SCIENCE_RBNSPEC_STACK,,,,84.5017916666652,-69.0627222222211
ADP.2019-01-30T03_50_20.804.fits,52046,2008-12-19T00:50:32.249,54819.03509548,GIRAFFE,ESO-VLT-U2,ADP.2019-01-30T03:50:20.804.fits,182.D-0222(A),SCIENCE_RBNSPEC_STACK,,,,84.6435833333319,-69.0276666666655
ADP.2019-01-30T03_50_20.808.fits,38079,2008-12-19T02:14:12.945,54819.09320538,GIRAFFE,ESO-VLT-U2,ADP.2019-01-30T03:50:20.808.fits,182.D-0222(A),SCIENCE_RBNSPEC_STACK,,,,84.7210416666652,-69.1402222222211
ADP.2019-01-30T03_50_20.812.fits,314157,2008-12-19T07:05:46.148,54819.29567301,GIRAFFE,ESO-VLT-U2,ADP.2019-01-30T03:50:20.812.fits,182.D-0222(A),SCIENCE_RBNSPEC_STACK,,,,84.2435416666652,-69.1131111111099
ADP.2019-01-30T03_50_20.816.fits,52332,2008-12-19T00:50:32.249,54819.03509548,GIRAFFE,ESO-VLT-U2,ADP.2019-01-30T03:50:20.816.fits,182.D-0222(A),SCIENCE_RBNSPEC_STACK,,,,84.8545833333319,-69.0251944444433
ADP.2019-01-30T03_50_20.820.fits,33231,2008-12-19T02:14:12.945,54819.09320538,GIRAFFE,ESO-VLT-U2,ADP.2019-01-30T03:50:20.820.fits,182.D-0222(A),SCIENCE_RBNSPEC_STACK,,,,84.7638333333319,-69.1776666666655
ADP.2019-01-30T03_50_20.824.fits,139961,2008-12-19T07:05:46.148,54819.29567301,GIRAFFE,ESO-VLT-U2,ADP.2019-01-30T03:50:20.824.fits,182.D-0222(A),SCIENCE_RBNSPEC_STACK,,,,84.7767083333319,-68.9496388888877
ADP.2019-01-30T03_50_20.828.fits,311778,2008-12-19T00:50:32.249,54819.03509548,GIRAFFE,ESO-VLT-U2,ADP.2019-01-30T03:50:20.828.fits,182.D-0222(A),SCIENCE_RBNSPEC_STACK,,,,84.4233333333319,-69.1357499999988
ADP.2019-01-30T03_50_20.832.fits,220815,2008-12-19T07:05:46.148,54819.29567301,GIRAFFE,ESO-VLT-U2,ADP.2019-01-30T03:50:20.832.fits,182.D-0222(A),SCIENCE_RBNSPEC_STACK,,,,84.5432499999986,-69.2426944444433
ADP.2019-01-30T03_50_20.836.fits,47235,2008-12-19T02:14:12.945,54819.09320538,GIRAFFE,ESO-VLT-U2,ADP.2019-01-30T03:50:20.836.fits,182.D-0222(A),SCIENCE_RBNSPEC_STACK,,,,84.6520833333319,-69.0641944444433
ADP.2019-01-30T03_50_20.840.fits,40464,2008-12-19T02:14:12.945,54819.09320538,GIRAFFE,ESO-VLT-U2,ADP.2019-01-30T03:50:20.840.fits,182.D-0222(A),SCIENCE_RBNSPEC_STACK,,,,84.7531249999986,-69.1202222222211
ADP.2019-01-30T03_50_20.844.fits,40464,2008-12-19T03:31:36.913,54819.14695502,GIRAFFE,ESO-VLT-U2,ADP.2019-01-30T03:50:20.844.fits,182.D-0222(A),SCIENCE_RBNSPEC_STACK,,,,84.7531249999986,-69.1202222222211
ADP.2019-01-30T03_50_20.848.fits,231589,2008-12-19T02:14:12.945,54819.09320538,GIRAFFE,ESO-VLT-U2,ADP.2019-01-30T03:50:20.848.fits,182.D-0222(A),SCIENCE_RBNSPEC_STACK,,,,84.4308749999986,-69.1664166666655
ADP.2019-01-30T03_50_20.852.fits,40583,2008-12-19T00:50:32.249,54819.03509548,GIRAFFE,ESO-VLT-U2,ADP.2019-01-30T03:50:20.852.fits,182.D-0222(A),SCIENCE_RBNSPEC_STACK,,,,84.8992083333319,-69.1189166666655
ADP.2019-01-30T03_50_20.856.fits,475,2008-12-19T02:14:12.945,54819.09320538,GIRAFFE,ESO-VLT-U2,ADP.2019-01-30T03:50:20.856.fits,182.D-0222(A),SCIENCE_RBNSPEC_STACK,,,,84.6922083333319,-69.1065277777766
ADP.2019-01-30T03_50_20.860.fits,228315,2008-12-19T03:31:36.913,54819.14695502,GIRAFFE,ESO-VLT-U2,ADP.2019-01-30T03:50:20.860.fits,182.D-0222(A),SCIENCE_RBNSPEC_STACK,,,,84.5200833333319,-69.1895833333322
ADP.2019-01-30T03_50_20.864.fits,154733,2008-12-19T02:14:12.945,54819.09320538,GIRAFFE,ESO-VLT-U2,ADP.2019-01-30T03:50:20.864.fits,182.D-0222(A),SCIENCE_RBNSPEC_STACK,,,,84.7386666666652,-69.0093333333322
ADP.2019-01-30T03_50_20.868.fits,102393,2008-12-19T02:14:12.945,54819.09320538,GIRAFFE,ESO-VLT-U2,ADP.2019-01-30T03:50:20.868.fits,182.D-0222(A),SCIENCE_RBNSPEC_STACK,,,,84.6614583333319,-69.0700833333322
ADP.2019-01-30T03_50_20.872.fits,21654,2008-12-19T07:05:46.148,54819.29567301,GIRAFFE,ESO-VLT-U2,ADP.2019-01-30T03:50:20.872.fits,182.D-0222(A),SCIENCE_RBNSPEC_STACK,,,,84.7750833333319,-69.2615555555544
ADP.2019-01-30T03_50_20.876.fits,308990,2008-12-19T05:38:54.466,54819.23535263,GIRAFFE,ESO-VLT-U2,ADP.2019-01-30T03:50:20.876.fits,182.D-0222(A),SCIENCE_RBNSPEC_STACK,,,,84.5023749999986,-69.1615555555544
ADP.2019-01-30T03_50_20.880.fits,103576,2008-12-19T07:05:46.148,54819.29567301,GIRAFFE,ESO-VLT-U2,ADP.2019-01-30T03:50:20.880.fits,182.D-0222(A),SCIENCE_RBNSPEC_STACK,,,,84.6622499999986,-69.0533611111099
ADP.2019-01-30T03_50_20.884.fits,129186,2008-12-19T07:05:46.148,54819.29567301,GIRAFFE,ESO-VLT-U2,ADP.2019-01-30T03:50:20.884.fits,182.D-0222(A),SCIENCE_RBNSPEC_STACK,,,,84.9136249999986,-69.1956111111099
ADP.2019-01-30T03_50_20.888.fits,48550,2008-12-19T00:50:32.249,54819.03509548,GIRAFFE,ESO-VLT-U2,ADP.2019-01-30T03:50:20.888.fits,182.D-0222(A),SCIENCE_RBNSPEC_STACK,,,,84.5900833333319,-69.0539999999988
ADP.2019-01-30T03_50_20.892.fits,39263,2008-12-19T05:38:54.466,54819.23535263,GIRAFFE,ESO-VLT-U2,ADP.2019-01-30T03:50:20.892.fits,182.D-0222(A),SCIENCE_RBNSPEC_STACK,,,,84.6188749999986,-69.1308888888877
ADP.2019-01-30T03_50_20.896.fits,464718,2008-12-19T05:38:54.466,54819.23535263,GIRAFFE,ESO-VLT-U2,ADP.2019-01-30T03:50:20.896.fits,182.D-0222(A),SCIENCE_RBNSPEC_STACK,,,,84.2280416666653,-69.1939166666655
ADP.2019-01-30T03_50_20.900.fits,32666,2008-12-19T03:31:36.913,54819.14695502,GIRAFFE,ESO-VLT-U2,ADP.2019-01-30T03:50:20.900.fits,182.D-0222(A),SCIENCE_RBNSPEC_STACK,,,,84.8492083333319,-69.1817777777766
ADP.2019-01-30T03_50_20.904.fits,29939,2008-12-19T07:05:46.148,54819.29567301,GIRAFFE,ESO-VLT-U2,ADP.2019-01-30T03:50:20.904.fits,182.D-0222(A),SCIENCE_RBNSPEC_STACK,,,,84.9836666666652,-69.2013888888877
ADP.2019-01-30T03_50_20.908.fits,47673,2008-12-19T00:50:32.249,54819.03509548,GIRAFFE,ESO-VLT-U2,ADP.2019-01-30T03:50:20.908.fits,182.D-0222(A),SCIENCE_RBNSPEC_STACK,,,,84.6091249999986,-69.0607499999988
ADP.2019-01-30T03_50_20.912.fits,278,2008-12-19T05:38:54.466,54819.23535263,GIRAFFE,ESO-VLT-U2,ADP.2019-01-30T03:50:20.912.fits,182.D-0222(A),SCIENCE_RBNSPEC_STACK,,,,84.6624999999986,-69.11636111111
ADP.2019-01-30T03_50_20.916.fits,233316,2008-12-19T07:05:46.148,54819.29567301,GIRAFFE,ESO-VLT-U2,ADP.2019-01-30T03:50:20.916.fits,182.D-0222(A),SCIENCE_RBNSPEC_STACK,,,,84.4363333333319,-69.1550833333322
ADP.2019-01-30T03_50_20.920.fits,79,2008-12-19T02:14:12.945,54819.09320538,GIRAFFE,ESO-VLT-U2,ADP.2019-01-30T03:50:20.920.fits,182.D-0222(A),SCIENCE_RBNSPEC_STACK,,,,84.6535416666652,-69.08286111111
ADP.2019-01-30T03_50_20.924.fits,234297,2008-12-19T00:50:32.249,54819.03509548,GIRAFFE,ESO-VLT-U2,ADP.2019-01-30T03:50:20.924.fits,182.D-0222(A),SCIENCE_RBNSPEC_STACK,,,,84.4599583333319,-69.1484444444433
ADP.2019-01-30T03_50_20.928.fits,44825,2008-12-19T02:14:12.945,54819.09320538,GIRAFFE,ESO-VLT-U2,ADP.2019-01-30T03:50:20.928.fits,182.D-0222(A),SCIENCE_RBNSPEC_STACK,,,,84.9074583333319,-69.0835833333322
ADP.2019-01-30T03_50_20.932.fits,30789,2008-12-19T02:14:12.945,54819.09320538,GIRAFFE,ESO-VLT-U2,ADP.2019-01-30T03:50:20.932.fits,182.D-0222(A),SCIENCE_RBNSPEC_STACK,,,,84.6332916666652,-69.195722222221
ADP.2019-01-30T03_50_20.936.fits,43107,2008-12-19T02:14:12.945,54819.09320538,GIRAFFE,ESO-VLT-U2,ADP.2019-01-30T03:50:20.936.fits,182.D-0222(A),SCIENCE_RBNSPEC_STACK,,,,84.7839999999986,-69.09886111111
ADP.2019-01-30T03_50_20.940.fits,270,2008-12-19T05:38:54.466,54819.23535263,GIRAFFE,ESO-VLT-U2,ADP.2019-01-30T03:50:20.940.fits,182.D-0222(A),SCIENCE_RBNSPEC_STACK,,,,84.6954166666652,-69.0996388888877
ADP.2019-01-30T03_50_20.944.fits,251633,2008-12-19T02:14:12.945,54819.09320538,GIRAFFE,ESO-VLT-U2,ADP.2019-01-30T03:50:20.944.fits,182.D-0222(A),SCIENCE_RBNSPEC_STACK,,,,84.5070833333319,-69.0263333333322
ADP.2019-01-30T03_50_20.948.fits,49680,2008-12-19T03:31:36.913,54819.14695502,GIRAFFE,ESO-VLT-U2,ADP.2019-01-30T03:50:20.948.fits,182.D-0222(A),SCIENCE_RBNSPEC_STACK,,,,84.6911249999986,-69.04536111111
ADP.2019-01-30T03_50_20.952.fits,151523,2008-12-19T07:05:46.148,54819.29567301,GIRAFFE,ESO-VLT-U2,ADP.2019-01-30T03:50:20.952.fits,182.D-0222(A),SCIENCE_RBNSPEC_STACK,,,,85.0055833333319,-69.1331944444433
ADP.2019-01-30T03_50_20.956.fits,47950,2008-12-19T05:38:54.466,54819.23535263,GIRAFFE,ESO-VLT-U2,ADP.2019-01-30T03:50:20.956.fits,182.D-0222(A),SCIENCE_RBNSPEC_STACK,,,,84.7515833333319,-69.0584722222211
ADP.2019-01-30T03_50_20.960.fits,309971,2008-12-19T02:14:12.945,54819.09320538,GIRAFFE,ESO-VLT-U2,ADP.2019-01-30T03:50:20.960.fits,182.D-0222(A),SCIENCE_RBNSPEC_STACK,,,,84.3936249999986,-69.1526111111099
ADP.2019-01-30T03_50_20.964.fits,151176,2008-12-19T00:50:32.249,54819.03509548,GIRAFFE,ESO-VLT-U2,ADP.2019-01-30T03:50:20.964.fits,182.D-0222(A),SCIENCE_RBNSPEC_STACK,,,,84.6112083333319,-69.147972222221
ADP.2019-01-30T03_50_20.968.fits,416172,2008-12-19T02:14:12.945,54819.09320538,GIRAFFE,ESO-VLT-U2,ADP.2019-01-30T03:50:20.968.fits,182.D-0222(A),SCIENCE_RBNSPEC_STACK,,,,84.5350833333319,-69.0956944444433
ADP.2019-01-30T03_50_20.972.fits,129105,2008-12-19T02:14:12.945,54819.09320538,GIRAFFE,ESO-VLT-U2,ADP.2019-01-30T03:50:20.972.fits,182.D-0222(A),SCIENCE_RBNSPEC_STACK,,,,84.9241249999986,-69.1968888888877
ADP.2019-01-30T03_50_20.976.fits,47235,2008-12-19T03:31:36.913,54819.14695502,GIRAFFE,ESO-VLT-U2,ADP.2019-01-30T03:50:20.976.fits,182.D-0222(A),SCIENCE_RBNSPEC_STACK,,,,84.6520833333319,-69.0641944444433
ADP.2019-01-30T03_50_20.980.fits,31717,2008-12-19T05:38:54.466,54819.23535263,GIRAFFE,ESO-VLT-U2,ADP.2019-01-30T03:50:20.980.fits,182.D-0222(A),SCIENCE_RBNSPEC_STACK,,,,84.6614999999986,-69.1889722222211
ADP.2019-01-30T03_50_20.984.fits,374413,2008-12-19T00:50:32.249,54819.03509548,GIRAFFE,ESO-VLT-U2,ADP.2019-01-30T03:50:20.984.fits,182.D-0222(A),SCIENCE_RBNSPEC_STACK,,,,84.4332499999986,-69.1095555555544
ADP.2019-01-30T03_50_20.988.fits,134893,2008-12-19T02:14:12.945,54819.09320538,GIRAFFE,ESO-VLT-U2,ADP.2019-01-30T03:50:20.988.fits,182.D-0222(A),SCIENCE_RBNSPEC_STACK,,,,84.9050416666652,-69.06786111111
ADP.2019-01-30T03_50_20.992.fits,231910,2008-12-19T03:31:36.913,54819.14695502,GIRAFFE,ESO-VLT-U2,ADP.2019-01-30T03:50:20.992.fits,182.D-0222(A),SCIENCE_RBNSPEC_STACK,,,,84.4134999999986,-69.1641944444433
ADP.2019-01-30T03_50_20.996.fits,37565,2008-12-19T07:05:46.148,54819.29567301,GIRAFFE,ESO-VLT-U2,ADP.2019-01-30T03:50:20.996.fits,182.D-0222(A),SCIENCE_RBNSPEC_STACK,,,,85.0751249999986,-69.1433333333322
ADP.2019-01-30T03_50_21.000.fits,288,2008-12-19T03:31:36.913,54819.14695502,GIRAFFE,ESO-VLT-U2,ADP.2019-01-30T03:50:21.000.fits,182.D-0222(A),SCIENCE_RBNSPEC_STACK,,,,84.6442083333319,-69.1016388888877
ADP.2019-01-30T03_50_21.004.fits,39731,2008-12-19T00:50:32.249,54819.03509548,GIRAFFE,ESO-VLT-U2,ADP.2019-01-30T03:50:21.004.fits,182.D-0222(A),SCIENCE_RBNSPEC_STACK,,,,84.6346666666652,-69.1266388888877
ADP.2019-01-30T03_50_21.008.fits,58830,2008-12-19T07:05:46.148,54819.29567301,GIRAFFE,ESO-VLT-U2,ADP.2019-01-30T03:50:21.008.fits,182.D-0222(A),SCIENCE_RBNSPEC_STACK,,,,84.8029999999986,-68.9798055555544
ADP.2019-01-30T03_50_21.012.fits,235627,2008-12-19T03:31:36.913,54819.14695502,GIRAFFE,ESO-VLT-U2,ADP.2019-01-30T03:50:21.012.fits,182.D-0222(A),SCIENCE_RBNSPEC_STACK,,,,84.4873749999986,-69.1392222222211
ADP.2019-01-30T03_50_21.016.fits,102221,2008-12-19T05:38:54.466,54819.23535263,GIRAFFE,ESO-VLT-U2,ADP.2019-01-30T03:50:21.016.fits,182.D-0222(A),SCIENCE_RBNSPEC_STACK,,,,84.6414999999986,-69.0725277777766
ADP.2019-01-30T03_50_21.020.fits,56708,2008-12-19T07:05:46.148,54819.29567301,GIRAFFE,ESO-VLT-U2,ADP.2019-01-30T03:50:21.020.fits,182.D-0222(A),SCIENCE_RBNSPEC_STACK,,,,84.9218749999986,-68.99386111111
ADP.2019-01-30T03_50_21.024.fits,143,2008-12-19T03:31:36.913,54819.14695502,GIRAFFE,ESO-VLT-U2,ADP.2019-01-30T03:50:21.024.fits,182.D-0222(A),SCIENCE_RBNSPEC_STACK,,,,84.6738749999986,-69.1077777777766
ADP.2019-01-30T03_50_21.028.fits,318928,2008-12-19T03:31:36.913,54819.14695502,GIRAFFE,ESO-VLT-U2,ADP.2019-01-30T03:50:21.028.fits,182.D-0222(A),SCIENCE_RBNSPEC_STACK,,,,84.5017916666652,-69.0627222222211
ADP.2019-01-30T03_50_21.032.fits,101727,2008-12-19T03:31:36.913,54819.14695502,GIRAFFE,ESO-VLT-U2,ADP.2019-01-30T03:50:21.032.fits,182.D-0222(A),SCIENCE_RBNSPEC_STACK,,,,84.6254583333319,-69.0790277777766
ADP.2019-01-30T03_50_21.036.fits,27271,2008-12-19T07:05:46.148,54819.29567301,GIRAFFE,ESO-VLT-U2,ADP.2019-01-30T03:50:21.036.fits,182.D-0222(A),SCIENCE_RBNSPEC_STACK,,,,84.8786666666652,-69.2215555555544
ADP.2019-01-30T03_50_21.040.fits,54810,2008-12-19T07:05:46.148,54819.29567301,GIRAFFE,ESO-VLT-U2,ADP.2019-01-30T03:50:21.040.fits,182.D-0222(A),SCIENCE_RBNSPEC_STACK,,,,84.8652083333319,-69.0073888888877
ADP.2019-01-30T03_50_21.044.fits,33231,2008-12-19T03:31:36.913,54819.14695502,GIRAFFE,ESO-VLT-U2,ADP.2019-01-30T03:50:21.044.fits,182.D-0222(A),SCIENCE_RBNSPEC_STACK,,,,84.7638333333319,-69.1776666666655
ADP.2019-01-30T03_50_21.052.fits,95085,2008-12-19T00:50:32.249,54819.03509548,GIRAFFE,ESO-VLT-U2,ADP.2019-01-30T03:50:21.052.fits,182.D-0222(A),SCIENCE_RBNSPEC_STACK,,,,84.5907083333319,-69.1785833333322
ADP.2019-01-30T03_50_21.056.fits,52032,2008-12-19T05:38:54.466,54819.23535263,GIRAFFE,ESO-VLT-U2,ADP.2019-01-30T03:50:21.056.fits,182.D-0222(A),SCIENCE_RBNSPEC_STACK,,,,84.7500416666652,-69.0276944444433
ADP.2019-01-30T03_50_21.060.fits,232750,2008-12-19T00:50:32.249,54819.03509548,GIRAFFE,ESO-VLT-U2,ADP.2019-01-30T03:50:21.060.fits,182.D-0222(A),SCIENCE_RBNSPEC_STACK,,,,84.5661249999986,-69.1587777777766
ADP.2019-01-30T03_50_21.064.fits,251449,2008-12-19T00:50:32.249,54819.03509548,GIRAFFE,ESO-VLT-U2,ADP.2019-01-30T03:50:21.064.fits,182.D-0222(A),SCIENCE_RBNSPEC_STACK,,,,84.5536666666652,-69.0276388888877
ADP.2019-01-30T03_50_21.068.fits,43232,2008-12-19T03:31:36.913,54819.14695502,GIRAFFE,ESO-VLT-U2,ADP.2019-01-30T03:50:21.068.fits,182.D-0222(A),SCIENCE_RBNSPEC_STACK,,,,84.8532916666652,-69.0976388888877
ADP.2019-01-30T03_50_21.072.fits,224390,2008-12-19T07:05:46.148,54819.29567301,GIRAFFE,ESO-VLT-U2,ADP.2019-01-30T03:50:21.072.fits,182.D-0222(A),SCIENCE_RBNSPEC_STACK,,,,84.3711666666652,-69.2177499999988
ADP.2019-01-30T03_50_21.076.fits,55996,2008-12-19T03:31:36.913,54819.14695502,GIRAFFE,ESO-VLT-U2,ADP.2019-01-30T03:50:21.076.fits,182.D-0222(A),SCIENCE_RBNSPEC_STACK,,,,84.5973749999986,-68.9993611111099
ADP.2019-01-30T03_50_21.080.fits,84,2008-12-19T02:14:12.945,54819.09320538,GIRAFFE,ESO-VLT-U2,ADP.2019-01-30T03:50:21.080.fits,182.D-0222(A),SCIENCE_RBNSPEC_STACK,,,,84.6346666666652,-69.0899444444433
ADP.2019-01-30T03_50_21.084.fits,154733,2008-12-19T03:31:36.913,54819.14695502,GIRAFFE,ESO-VLT-U2,ADP.2019-01-30T03:50:21.084.fits,182.D-0222(A),SCIENCE_RBNSPEC_STACK,,,,84.7386666666652,-69.0093333333322
ADP.2019-01-30T03_50_21.088.fits,239715,2008-12-19T03:31:36.913,54819.14695502,GIRAFFE,ESO-VLT-U2,ADP.2019-01-30T03:50:21.088.fits,182.D-0222(A),SCIENCE_RBNSPEC_STACK,,,,84.3859166666653,-69.1113055555544
ADP.2019-01-30T03_50_21.092.fits,35333,2008-12-19T05:38:54.466,54819.23535263,GIRAFFE,ESO-VLT-U2,ADP.2019-01-30T03:50:21.092.fits,182.D-0222(A),SCIENCE_RBNSPEC_STACK,,,,84.6904166666652,-69.1611388888877
ADP.2019-01-30T03_50_21.096.fits,52815,2008-12-19T07:05:46.148,54819.29567301,GIRAFFE,ESO-VLT-U2,ADP.2019-01-30T03:50:21.096.fits,182.D-0222(A),SCIENCE_RBNSPEC_STACK,,,,85.0017083333319,-69.0211666666655
ADP.2019-01-30T03_50_21.100.fits,307038,2008-12-19T03:31:36.913,54819.14695502,GIRAFFE,ESO-VLT-U2,ADP.2019-01-30T03:50:21.100.fits,182.D-0222(A),SCIENCE_RBNSPEC_STACK,,,,84.4496249999986,-69.1780833333322
ADP.2019-01-30T03_50_21.104.fits,47191,2008-12-19T05:38:54.466,54819.23535263,GIRAFFE,ESO-VLT-U2,ADP.2019-01-30T03:50:21.104.fits,182.D-0222(A),SCIENCE_RBNSPEC_STACK,,,,84.5826249999986,-69.0645277777766
ADP.2019-01-30T03_50_21.108.fits,234351,2008-12-19T07:05:46.148,54819.29567301,GIRAFFE,ESO-VLT-U2,ADP.2019-01-30T03:50:21.108.fits,182.D-0222(A),SCIENCE_RBNSPEC_STACK,,,,84.3169999999986,-69.1479999999988
ADP.2019-01-30T03_50_21.112.fits,97511,2008-12-19T03:31:36.913,54819.14695502,GIRAFFE,ESO-VLT-U2,ADP.2019-01-30T03:50:21.112.fits,182.D-0222(A),SCIENCE_RBNSPEC_STACK,,,,84.6797499999986,-69.1431944444433
ADP.2019-01-30T03_50_21.116.fits,440178,2008-12-19T02:14:12.945,54819.09320538,GIRAFFE,ESO-VLT-U2,ADP.2019-01-30T03:50:21.116.fits,182.D-0222(A),SCIENCE_RBNSPEC_STACK,,,,84.4588749999986,-69.1670833333322
ADP.2019-01-30T03_50_21.120.fits,62051,2008-12-19T07:05:46.148,54819.29567301,GIRAFFE,ESO-VLT-U2,ADP.2019-01-30T03:50:21.120.fits,182.D-0222(A),SCIENCE_RBNSPEC_STACK,,,,84.7537083333319,-68.958222222221
ADP.2019-01-30T03_50_21.124.fits,309806,2008-12-19T05:38:54.466,54819.23535263,GIRAFFE,ESO-VLT-U2,ADP.2019-01-30T03:50:21.124.fits,182.D-0222(A),SCIENCE_RBNSPEC_STACK,,,,84.4491666666652,-69.15411111111
ADP.2019-01-30T03_50_21.128.fits,51610,2008-12-19T05:38:54.466,54819.23535263,GIRAFFE,ESO-VLT-U2,ADP.2019-01-30T03:50:21.128.fits,182.D-0222(A),SCIENCE_RBNSPEC_STACK,,,,84.5773749999986,-69.0310833333322
ADP.2019-01-30T03_50_21.132.fits,305799,2008-12-19T00:50:32.249,54819.03509548,GIRAFFE,ESO-VLT-U2,ADP.2019-01-30T03:50:21.132.fits,182.D-0222(A),SCIENCE_RBNSPEC_STACK,,,,84.5554166666653,-69.1886111111099
ADP.2019-01-30T03_50_21.136.fits,226495,2008-12-19T07:05:46.148,54819.29567301,GIRAFFE,ESO-VLT-U2,ADP.2019-01-30T03:50:21.136.fits,182.D-0222(A),SCIENCE_RBNSPEC_STACK,,,,84.3448749999986,-69.2027222222211
ADP.2019-01-30T03_50_21.140.fits,152094,2008-12-19T02:14:12.945,54819.09320538,GIRAFFE,ESO-VLT-U2,ADP.2019-01-30T03:50:21.140.fits,182.D-0222(A),SCIENCE_RBNSPEC_STACK,,,,84.9904583333319,-69.1100555555544
ADP.2019-01-30T03_50_21.144.fits,48782,2008-12-19T07:05:46.148,54819.29567301,GIRAFFE,ESO-VLT-U2,ADP.2019-01-30T03:50:21.144.fits,182.D-0222(A),SCIENCE_RBNSPEC_STACK,,,,85.0430416666652,-69.0513611111099
ADP.2019-01-30T03_50_21.148.fits,318273,2008-12-19T05:38:54.466,54819.23535263,GIRAFFE,ESO-VLT-U2,ADP.2019-01-30T03:50:21.148.fits,182.D-0222(A),SCIENCE_RBNSPEC_STACK,,,,84.4476249999986,-69.0701944444433
ADP.2019-01-30T03_50_21.152.fits,107108,2008-12-19T02:14:12.945,54819.09320538,GIRAFFE,ESO-VLT-U2,ADP.2019-01-30T03:50:21.152.fits,182.D-0222(A),SCIENCE_RBNSPEC_STACK,,,,84.6895416666652,-69.0048055555544
ADP.2019-01-30T03_50_21.156.fits,244323,2008-12-19T00:50:32.249,54819.03509548,GIRAFFE,ESO-VLT-U2,ADP.2019-01-30T03:50:21.156.fits,182.D-0222(A),SCIENCE_RBNSPEC_STACK,,,,84.4203749999986,-69.0781944444433
ADP.2019-01-30T03_50_21.160.fits,306416,2008-12-19T03:31:36.913,54819.14695502,GIRAFFE,ESO-VLT-U2,ADP.2019-01-30T03:50:21.160.fits,182.D-0222(A),SCIENCE_RBNSPEC_STACK,,,,84.4623749999986,-69.1834166666655
ADP.2019-01-30T03_50_21.164.fits,232142,2008-12-19T00:50:32.249,54819.03509548,GIRAFFE,ESO-VLT-U2,ADP.2019-01-30T03:50:21.164.fits,182.D-0222(A),SCIENCE_RBNSPEC_STACK,,,,84.4702499999986,-69.1627222222211
ADP.2019-01-30T03_50_21.168.fits,101057,2008-12-19T05:38:54.466,54819.23535263,GIRAFFE,ESO-VLT-U2,ADP.2019-01-30T03:50:21.168.fits,182.D-0222(A),SCIENCE_RBNSPEC_STACK,,,,84.5934166666652,-69.0892499999988
ADP.2019-01-30T03_50_21.172.fits,171093,2008-12-19T00:50:32.249,54819.03509548,GIRAFFE,ESO-VLT-U2,ADP.2019-01-30T03:50:21.172.fits,182.D-0222(A),SCIENCE_RBNSPEC_STACK,,,,84.6795416666652,-69.0256944444433
ADP.2019-01-30T03_50_21.176.fits,318294,2008-12-19T03:31:36.913,54819.14695502,GIRAFFE,ESO-VLT-U2,ADP.2019-01-30T03:50:21.176.fits,182.D-0222(A),SCIENCE_RBNSPEC_STACK,,,,84.5734999999986,-69.0699999999988
ADP.2019-01-30T03_50_21.180.fits,45816,2008-12-19T05:38:54.466,54819.23535263,GIRAFFE,ESO-VLT-U2,ADP.2019-01-30T03:50:21.180.fits,182.D-0222(A),SCIENCE_RBNSPEC_STACK,,,,84.6930833333319,-69.0759722222211
ADP.2019-01-30T03_50_21.184.fits,43615,2008-12-19T07:05:46.148,54819.29567301,GIRAFFE,ESO-VLT-U2,ADP.2019-01-30T03:50:21.184.fits,182.D-0222(A),SCIENCE_RBNSPEC_STACK,,,,85.1387916666652,-69.0937499999988
ADP.2019-01-30T03_50_21.188.fits,33823,2008-12-19T05:38:54.466,54819.23535263,GIRAFFE,ESO-VLT-U2,ADP.2019-01-30T03:50:21.188.fits,182.D-0222(A),SCIENCE_RBNSPEC_STACK,,,,84.6386249999986,-69.1733333333322
ADP.2019-01-30T03_50_21.192.fits,310573,2008-12-19T00:50:32.249,54819.03509548,GIRAFFE,ESO-VLT-U2,ADP.2019-01-30T03:50:21.192.fits,182.D-0222(A),SCIENCE_RBNSPEC_STACK,,,,84.4911666666652,-69.1468888888877
ADP.2019-01-30T03_50_21.196.fits,171,2008-12-19T05:38:54.466,54819.23535263,GIRAFFE,ESO-VLT-U2,ADP.2019-01-30T03:50:21.196.fits,182.D-0222(A),SCIENCE_RBNSPEC_STACK,,,,84.6873749999986,-69.0854444444433
ADP.2019-01-30T03_50_21.200.fits,245935,2008-12-19T00:50:32.249,54819.03509548,GIRAFFE,ESO-VLT-U2,ADP.2019-01-30T03:50:21.200.fits,182.D-0222(A),SCIENCE_RBNSPEC_STACK,,,,84.5034583333319,-69.0666111111099
ADP.2019-01-30T03_50_21.204.fits,106051,2008-12-19T05:38:54.466,54819.23535263,GIRAFFE,ESO-VLT-U2,ADP.2019-01-30T03:50:21.204.fits,182.D-0222(A),SCIENCE_RBNSPEC_STACK,,,,84.6673749999986,-69.0200555555544
ADP.2019-01-30T03_50_21.208.fits,306022,2008-12-19T00:50:32.249,54819.03509548,GIRAFFE,ESO-VLT-U2,ADP.2019-01-30T03:50:21.208.fits,182.D-0222(A),SCIENCE_RBNSPEC_STACK,,,,84.5791666666652,-69.1868888888877
ADP.2019-01-30T03_50_21.212.fits,101437,2008-12-19T00:50:32.249,54819.03509548,GIRAFFE,ESO-VLT-U2,ADP.2019-01-30T03:50:21.212.fits,182.D-0222(A),SCIENCE_RBNSPEC_STACK,,,,84.9004999999986,-69.0830555555544
ADP.2019-01-30T03_50_21.216.fits,231589,2008-12-19T03:31:36.913,54819.14695502,GIRAFFE,ESO-VLT-U2,ADP.2019-01-30T03:50:21.216.fits,182.D-0222(A),SCIENCE_RBNSPEC_STACK,,,,84.4308749999986,-69.1664166666655
ADP.2019-01-30T03_50_21.220.fits,39355,2008-12-19T05:38:54.466,54819.23535263,GIRAFFE,ESO-VLT-U2,ADP.2019-01-30T03:50:21.220.fits,182.D-0222(A),SCIENCE_RBNSPEC_STACK,,,,84.8278749999986,-69.1297499999988
ADP.2019-01-30T03_50_21.224.fits,279,2008-12-19T05:38:54.466,54819.23535263,GIRAFFE,ESO-VLT-U2,ADP.2019-01-30T03:50:21.224.fits,182.D-0222(A),SCIENCE_RBNSPEC_STACK,,,,84.7027083333319,-69.0829999999988
ADP.2019-01-30T03_50_21.228.fits,42132,2008-12-19T05:38:54.466,54819.23535263,GIRAFFE,ESO-VLT-U2,ADP.2019-01-30T03:50:21.228.fits,182.D-0222(A),SCIENCE_RBNSPEC_STACK,,,,84.7463749999986,-69.1067499999988
ADP.2019-01-30T03_50_21.232.fits,359,2008-12-19T05:38:54.466,54819.23535263,GIRAFFE,ESO-VLT-U2,ADP.2019-01-30T03:50:21.232.fits,182.D-0222(A),SCIENCE_RBNSPEC_STACK,,,,84.7058333333319,-69.104222222221
ADP.2019-01-30T03_50_21.236.fits,49355,2008-12-19T00:50:32.249,54819.03509548,GIRAFFE,ESO-VLT-U2,ADP.2019-01-30T03:50:21.236.fits,182.D-0222(A),SCIENCE_RBNSPEC_STACK,,,,84.6333333333319,-69.0479166666655
ADP.2019-01-30T03_50_21.240.fits,236375,2008-12-19T07:05:46.148,54819.29567301,GIRAFFE,ESO-VLT-U2,ADP.2019-01-30T03:50:21.240.fits,182.D-0222(A),SCIENCE_RBNSPEC_STACK,,,,84.3659583333319,-69.1341111111099
ADP.2019-01-30T03_50_21.244.fits,48697,2008-12-19T02:14:12.945,54819.09320538,GIRAFFE,ESO-VLT-U2,ADP.2019-01-30T03:50:21.244.fits,182.D-0222(A),SCIENCE_RBNSPEC_STACK,,,,84.5850416666652,-69.05286111111
ADP.2019-01-30T03_50_21.248.fits,150030,2008-12-19T02:14:12.945,54819.09320538,GIRAFFE,ESO-VLT-U2,ADP.2019-01-30T03:50:21.248.fits,182.D-0222(A),SCIENCE_RBNSPEC_STACK,,,,84.8122083333319,-69.1974999999988
ADP.2019-01-30T03_50_21.252.fits,49680,2008-12-19T02:14:12.945,54819.09320538,GIRAFFE,ESO-VLT-U2,ADP.2019-01-30T03:50:21.252.fits,182.D-0222(A),SCIENCE_RBNSPEC_STACK,,,,84.6911249999986,-69.04536111111
ADP.2019-01-30T03_50_21.256.fits,151469,2008-12-19T05:38:54.466,54819.23535263,GIRAFFE,ESO-VLT-U2,ADP.2019-01-30T03:50:21.256.fits,182.D-0222(A),SCIENCE_RBNSPEC_STACK,,,,84.7253749999986,-69.1354444444433
ADP.2019-01-30T03_50_21.260.fits,268,2008-12-19T02:14:12.945,54819.09320538,GIRAFFE,ESO-VLT-U2,ADP.2019-01-30T03:50:21.260.fits,182.D-0222(A),SCIENCE_RBNSPEC_STACK,,,,84.6367916666652,-69.095722222221
ADP.2019-01-30T03_50_21.264.fits,238361,2008-12-19T05:38:54.466,54819.23535263,GIRAFFE,ESO-VLT-U2,ADP.2019-01-30T03:50:21.264.fits,182.D-0222(A),SCIENCE_RBNSPEC_STACK,,,,84.4259583333319,-69.1206388888877
ADP.2019-01-30T03_50_21.268.fits,134482,2008-12-19T07:05:46.148,54819.29567301,GIRAFFE,ESO-VLT-U2,ADP.2019-01-30T03:50:21.268.fits,182.D-0222(A),SCIENCE_RBNSPEC_STACK,,,,84.6409166666652,-69.0766944444433
ADP.2019-01-30T03_50_21.272.fits,35951,2008-12-19T05:38:54.466,54819.23535263,GIRAFFE,ESO-VLT-U2,ADP.2019-01-30T03:50:21.272.fits,182.D-0222(A),SCIENCE_RBNSPEC_STACK,,,,84.7067916666652,-69.1566666666655
ADP.2019-01-30T03_50_21.276.fits,51341,2008-12-19T05:38:54.466,54819.23535263,GIRAFFE,ESO-VLT-U2,ADP.2019-01-30T03:50:21.276.fits,182.D-0222(A),SCIENCE_RBNSPEC_STACK,,,,84.6743749999986,-69.0329999999989
ADP.2019-01-30T03_50_21.280.fits,30552,2008-12-19T07:05:46.148,54819.29567301,GIRAFFE,ESO-VLT-U2,ADP.2019-01-30T03:50:21.280.fits,182.D-0222(A),SCIENCE_RBNSPEC_STACK,,,,85.0476666666652,-69.1968888888877
ADP.2019-01-30T03_50_21.284.fits,171526,2008-12-19T05:38:54.466,54819.23535263,GIRAFFE,ESO-VLT-U2,ADP.2019-01-30T03:50:21.284.fits,182.D-0222(A),SCIENCE_RBNSPEC_STACK,,,,84.4590833333319,-69.0734444444433
ADP.2019-01-30T03_50_21.288.fits,316550,2008-12-19T05:38:54.466,54819.23535263,GIRAFFE,ESO-VLT-U2,ADP.2019-01-30T03:50:21.288.fits,182.D-0222(A),SCIENCE_RBNSPEC_STACK,,,,84.5433749999986,-69.088222222221
ADP.2019-01-30T03_50_21.292.fits,412,2008-12-19T03:31:36.913,54819.14695502,GIRAFFE,ESO-VLT-U2,ADP.2019-01-30T03:50:21.292.fits,182.D-0222(A),SCIENCE_RBNSPEC_STACK,,,,84.6690833333319,-69.0864444444433
ADP.2019-01-30T04_10_00.257.fits,302677,2008-12-18T01:10:11.734,54818.04874693,GIRAFFE,ESO-VLT-U2,ADP.2019-01-30T04:10:00.257.fits,182.D-0222(A),SCIENCE_RBNSPEC_STACK,,,,84.4720833333319,-69.2159166666655
ADP.2019-01-30T04_10_00.266.fits,373333,2008-12-18T02:27:39.941,54818.10254562,GIRAFFE,ESO-VLT-U2,ADP.2019-01-30T04:10:00.266.fits,182.D-0222(A),SCIENCE_RBNSPEC_STACK,,,,84.3576666666652,-69.1245555555544
ADP.2019-01-30T04_10_00.297.fits,454670,2008-12-18T02:27:39.941,54818.10254562,GIRAFFE,ESO-VLT-U2,ADP.2019-01-30T04:10:00.297.fits,182.D-0222(A),SCIENCE_RBNSPEC_STACK,,,,84.5640833333319,-69.0676388888877
ADP.2019-01-30T04_10_00.318.fits,454,2008-12-18T03:53:46.145,54818.16233965,GIRAFFE,ESO-VLT-U2,ADP.2019-01-30T04:10:00.318.fits,182.D-0222(A),SCIENCE_RBNSPEC_STACK,,,,84.6862499999986,-69.0947222222211
ADP.2019-01-30T04_10_00.335.fits,44059,2008-12-18T02:27:39.941,54818.10254562,GIRAFFE,ESO-VLT-U2,ADP.2019-01-30T04:10:00.335.fits,182.D-0222(A),SCIENCE_RBNSPEC_STACK,,,,84.6157916666652,-69.0908888888877
ADP.2019-01-30T04_10_00.343.fits,299950,2008-12-18T01:10:11.734,54818.04874693,GIRAFFE,ESO-VLT-U2,ADP.2019-01-30T04:10:00.343.fits,182.D-0222(A),SCIENCE_RBNSPEC_STACK,,,,84.5041666666652,-69.2393611111099
ADP.2019-01-30T04_10_00.363.fits,311447,2008-12-18T01:10:11.734,54818.04874693,GIRAFFE,ESO-VLT-U2,ADP.2019-01-30T04:10:00.363.fits,182.D-0222(A),SCIENCE_RBNSPEC_STACK,,,,84.4063749999986,-69.1390277777766
ADP.2019-01-30T04_10_00.375.fits,136680,2008-12-18T02:27:39.941,54818.10254562,GIRAFFE,ESO-VLT-U2,ADP.2019-01-30T04:10:00.375.fits,182.D-0222(A),SCIENCE_RBNSPEC_STACK,,,,85.0032083333319,-69.0277499999988
ADP.2019-01-30T04_10_00.379.fits,129068,2008-12-18T01:10:11.734,54818.04874693,GIRAFFE,ESO-VLT-U2,ADP.2019-01-30T04:10:00.379.fits,182.D-0222(A),SCIENCE_RBNSPEC_STACK,,,,84.9201666666652,-69.1978888888877
ADP.2019-01-30T04_10_00.391.fits,128980,2008-12-18T01:10:11.734,54818.04874693,GIRAFFE,ESO-VLT-U2,ADP.2019-01-30T04:10:00.391.fits,182.D-0222(A),SCIENCE_RBNSPEC_STACK,,,,84.9151666666652,-69.20036111111
ADP.2019-01-30T04_10_00.399.fits,95085,2008-12-18T03:53:46.145,54818.16233965,GIRAFFE,ESO-VLT-U2,ADP.2019-01-30T04:10:00.399.fits,182.D-0222(A),SCIENCE_RBNSPEC_STACK,,,,84.5907083333319,-69.1785833333322
ADP.2019-01-30T04_10_00.403.fits,61750,2008-12-18T02:27:39.941,54818.10254562,GIRAFFE,ESO-VLT-U2,ADP.2019-01-30T04:10:00.403.fits,182.D-0222(A),SCIENCE_RBNSPEC_STACK,,,,84.5800833333319,-68.9603888888877
ADP.2019-01-30T04_10_00.415.fits,23086,2008-12-18T02:27:39.941,54818.10254562,GIRAFFE,ESO-VLT-U2,ADP.2019-01-30T04:10:00.415.fits,182.D-0222(A),SCIENCE_RBNSPEC_STACK,,,,84.6799999999986,-69.2513055555544
ADP.2019-01-30T04_10_00.419.fits,228734,2008-12-18T02:27:39.941,54818.10254562,GIRAFFE,ESO-VLT-U2,ADP.2019-01-30T04:10:00.419.fits,182.D-0222(A),SCIENCE_RBNSPEC_STACK,,,,84.3743749999986,-69.1864166666655
ADP.2019-01-30T04_10_00.427.fits,52046,2008-12-18T03:53:46.145,54818.16233965,GIRAFFE,ESO-VLT-U2,ADP.2019-01-30T04:10:00.427.fits,182.D-0222(A),SCIENCE_RBNSPEC_STACK,,,,84.6435833333319,-69.0276666666655
ADP.2019-01-30T04_10_00.439.fits,243537,2008-12-18T03:53:46.145,54818.16233965,GIRAFFE,ESO-VLT-U2,ADP.2019-01-30T04:10:00.439.fits,182.D-0222(A),SCIENCE_RBNSPEC_STACK,,,,84.4014166666652,-69.0836388888877
ADP.2019-01-30T04_10_00.451.fits,111045,2008-12-18T02:27:39.941,54818.10254562,GIRAFFE,ESO-VLT-U2,ADP.2019-01-30T04:10:00.451.fits,182.D-0222(A),SCIENCE_RBNSPEC_STACK,,,,84.7615833333319,-68.9521666666655
ADP.2019-01-30T04_10_00.455.fits,371428,2008-12-18T02:27:39.941,54818.10254562,GIRAFFE,ESO-VLT-U2,ADP.2019-01-30T04:10:00.455.fits,182.D-0222(A),SCIENCE_RBNSPEC_STACK,,,,84.4438333333319,-69.1524166666655
ADP.2019-01-30T04_10_00.463.fits,133868,2008-12-18T01:10:11.734,54818.04874693,GIRAFFE,ESO-VLT-U2,ADP.2019-01-30T04:10:00.463.fits,182.D-0222(A),SCIENCE_RBNSPEC_STACK,,,,84.6000833333319,-69.0899722222211
ADP.2019-01-30T04_10_00.467.fits,52628,2008-12-18T02:27:39.941,54818.10254562,GIRAFFE,ESO-VLT-U2,ADP.2019-01-30T04:10:00.467.fits,182.D-0222(A),SCIENCE_RBNSPEC_STACK,,,,84.9307083333319,-69.02286111111
ADP.2019-01-30T04_10_00.491.fits,50229,2008-12-18T02:27:39.941,54818.10254562,GIRAFFE,ESO-VLT-U2,ADP.2019-01-30T04:10:00.491.fits,182.D-0222(A),SCIENCE_RBNSPEC_STACK,,,,84.9809166666652,-69.040722222221
ADP.2019-01-30T04_10_00.495.fits,329021,2008-12-18T02:27:39.941,54818.10254562,GIRAFFE,ESO-VLT-U2,ADP.2019-01-30T04:10:00.495.fits,182.D-0222(A),SCIENCE_RBNSPEC_STACK,,,,84.5667916666652,-68.9677222222211
ADP.2019-01-30T04_10_00.507.fits,251449,2008-12-18T03:53:46.145,54818.16233965,GIRAFFE,ESO-VLT-U2,ADP.2019-01-30T04:10:00.507.fits,182.D-0222(A),SCIENCE_RBNSPEC_STACK,,,,84.5536666666652,-69.0276388888877
ADP.2019-01-30T04_10_00.511.fits,58943,2008-12-18T02:27:39.941,54818.10254562,GIRAFFE,ESO-VLT-U2,ADP.2019-01-30T04:10:00.511.fits,182.D-0222(A),SCIENCE_RBNSPEC_STACK,,,,84.8015833333319,-68.9791388888877
ADP.2019-01-30T04_10_00.519.fits,408,2008-12-18T03:53:46.145,54818.16233965,GIRAFFE,ESO-VLT-U2,ADP.2019-01-30T04:10:00.519.fits,182.D-0222(A),SCIENCE_RBNSPEC_STACK,,,,84.6953749999986,-69.1073888888877
ADP.2019-01-30T04_10_00.523.fits,47901,2008-12-18T03:53:46.145,54818.16233965,GIRAFFE,ESO-VLT-U2,ADP.2019-01-30T04:10:00.523.fits,182.D-0222(A),SCIENCE_RBNSPEC_STACK,,,,84.7295833333319,-69.0588611111099
ADP.2019-01-30T04_10_00.527.fits,23271,2008-12-18T02:27:39.941,54818.10254562,GIRAFFE,ESO-VLT-U2,ADP.2019-01-30T04:10:00.527.fits,182.D-0222(A),SCIENCE_RBNSPEC_STACK,,,,84.7596666666652,-69.2498888888877
ADP.2019-01-30T04_10_00.531.fits,28217,2008-12-18T01:10:11.734,54818.04874693,GIRAFFE,ESO-VLT-U2,ADP.2019-01-30T04:10:00.531.fits,182.D-0222(A),SCIENCE_RBNSPEC_STACK,,,,84.5969999999986,-69.2149999999988
ADP.2019-01-30T04_10_00.535.fits,49544,2008-12-18T02:27:39.941,54818.10254562,GIRAFFE,ESO-VLT-U2,ADP.2019-01-30T04:10:00.535.fits,182.D-0222(A),SCIENCE_RBNSPEC_STACK,,,,85.0230833333319,-69.0458055555544
ADP.2019-01-30T04_10_00.539.fits,290,2008-12-18T03:53:46.145,54818.16233965,GIRAFFE,ESO-VLT-U2,ADP.2019-01-30T04:10:00.539.fits,182.D-0222(A),SCIENCE_RBNSPEC_STACK,,,,84.6224583333319,-69.0997499999988
ADP.2019-01-30T04_10_00.551.fits,450,2008-12-18T03:53:46.145,54818.16233965,GIRAFFE,ESO-VLT-U2,ADP.2019-01-30T04:10:00.551.fits,182.D-0222(A),SCIENCE_RBNSPEC_STACK,,,,84.6822083333319,-69.1075277777766
ADP.2019-01-30T04_10_00.567.fits,49184,2008-12-18T02:27:39.941,54818.10254562,GIRAFFE,ESO-VLT-U2,ADP.2019-01-30T04:10:00.567.fits,182.D-0222(A),SCIENCE_RBNSPEC_STACK,,,,85.0393749999985,-69.0484999999988
ADP.2019-01-30T04_10_00.575.fits,371389,2008-12-18T03:53:46.145,54818.16233965,GIRAFFE,ESO-VLT-U2,ADP.2019-01-30T04:10:00.575.fits,182.D-0222(A),SCIENCE_RBNSPEC_STACK,,,,84.4424583333319,-69.1528888888877
ADP.2019-01-30T04_10_00.587.fits,49355,2008-12-18T03:53:46.145,54818.16233965,GIRAFFE,ESO-VLT-U2,ADP.2019-01-30T04:10:00.587.fits,182.D-0222(A),SCIENCE_RBNSPEC_STACK,,,,84.6333333333319,-69.0479166666655
ADP.2019-01-30T04_10_00.591.fits,311447,2008-12-18T02:27:39.941,54818.10254562,GIRAFFE,ESO-VLT-U2,ADP.2019-01-30T04:10:00.591.fits,182.D-0222(A),SCIENCE_RBNSPEC_STACK,,,,84.4063749999986,-69.1390277777766
ADP.2019-01-30T04_10_00.595.fits,317489,2008-12-18T02:27:39.941,54818.10254562,GIRAFFE,ESO-VLT-U2,ADP.2019-01-30T04:10:00.595.fits,182.D-0222(A),SCIENCE_RBNSPEC_STACK,,,,84.2762499999986,-69.0781388888877
ADP.2019-01-30T04_10_00.599.fits,373333,2008-12-18T01:10:11.734,54818.04874693,GIRAFFE,ESO-VLT-U2,ADP.2019-01-30T04:10:00.599.fits,182.D-0222(A),SCIENCE_RBNSPEC_STACK,,,,84.3576666666652,-69.1245555555544
ADP.2019-01-30T04_10_00.603.fits,151875,2008-12-18T01:10:11.734,54818.04874693,GIRAFFE,ESO-VLT-U2,ADP.2019-01-30T04:10:00.603.fits,182.D-0222(A),SCIENCE_RBNSPEC_STACK,,,,84.6659166666652,-69.1196944444433
ADP.2019-01-30T04_10_00.611.fits,249130,2008-12-18T01:10:11.734,54818.04874693,GIRAFFE,ESO-VLT-U2,ADP.2019-01-30T04:10:00.611.fits,182.D-0222(A),SCIENCE_RBNSPEC_STACK,,,,84.4515833333319,-69.0437777777766
ADP.2019-01-30T04_10_00.619.fits,150969,2008-12-18T03:53:46.145,54818.16233965,GIRAFFE,ESO-VLT-U2,ADP.2019-01-30T04:10:00.619.fits,182.D-0222(A),SCIENCE_RBNSPEC_STACK,,,,84.6744999999986,-69.15636111111
ADP.2019-01-30T04_10_00.623.fits,133868,2008-12-18T02:27:39.941,54818.10254562,GIRAFFE,ESO-VLT-U2,ADP.2019-01-30T04:10:00.623.fits,182.D-0222(A),SCIENCE_RBNSPEC_STACK,,,,84.6000833333319,-69.0899722222211
ADP.2019-01-30T04_10_00.627.fits,356,2008-12-18T01:10:11.734,54818.04874693,GIRAFFE,ESO-VLT-U2,ADP.2019-01-30T04:10:00.627.fits,182.D-0222(A),SCIENCE_RBNSPEC_STACK,,,,84.6891666666652,-69.0943611111099
ADP.2019-01-30T04_10_00.631.fits,163022,2008-12-18T01:10:11.734,54818.04874693,GIRAFFE,ESO-VLT-U2,ADP.2019-01-30T04:10:00.631.fits,182.D-0222(A),SCIENCE_RBNSPEC_STACK,,,,84.6338333333319,-69.0754999999989
ADP.2019-01-30T04_10_00.643.fits,251506,2008-12-18T02:27:39.941,54818.10254562,GIRAFFE,ESO-VLT-U2,ADP.2019-01-30T04:10:00.643.fits,182.D-0222(A),SCIENCE_RBNSPEC_STACK,,,,84.3354999999986,-69.0271388888877
ADP.2019-01-30T04_10_00.647.fits,372,2008-12-18T01:10:11.734,54818.04874693,GIRAFFE,ESO-VLT-U2,ADP.2019-01-30T04:10:00.647.fits,182.D-0222(A),SCIENCE_RBNSPEC_STACK,,,,84.6794999999986,-69.1102222222211
ADP.2019-01-30T04_10_00.651.fits,443565,2008-12-18T01:10:11.734,54818.04874693,GIRAFFE,ESO-VLT-U2,ADP.2019-01-30T04:10:00.651.fits,182.D-0222(A),SCIENCE_RBNSPEC_STACK,,,,84.4202916666652,-69.0011666666655
ADP.2019-01-30T04_10_00.655.fits,225645,2008-12-18T02:27:39.941,54818.10254562,GIRAFFE,ESO-VLT-U2,ADP.2019-01-30T04:10:00.655.fits,182.D-0222(A),SCIENCE_RBNSPEC_STACK,,,,84.4563333333319,-69.2091944444433
ADP.2019-01-30T04_10_00.659.fits,153660,2008-12-18T03:53:46.145,54818.16233965,GIRAFFE,ESO-VLT-U2,ADP.2019-01-30T04:10:00.659.fits,182.D-0222(A),SCIENCE_RBNSPEC_STACK,,,,84.8197916666652,-69.0576388888877
ADP.2019-01-30T04_10_00.663.fits,378,2008-12-18T03:53:46.145,54818.16233965,GIRAFFE,ESO-VLT-U2,ADP.2019-01-30T04:10:00.663.fits,182.D-0222(A),SCIENCE_RBNSPEC_STACK,,,,84.7018333333319,-69.1101111111099
ADP.2019-01-30T04_10_00.667.fits,101545,2008-12-18T03:53:46.145,54818.16233965,GIRAFFE,ESO-VLT-U2,ADP.2019-01-30T04:10:00.667.fits,182.D-0222(A),SCIENCE_RBNSPEC_STACK,,,,84.7275833333319,-69.0818611111099
ADP.2019-01-30T04_10_00.675.fits,97567,2008-12-18T03:53:46.145,54818.16233965,GIRAFFE,ESO-VLT-U2,ADP.2019-01-30T04:10:00.675.fits,182.D-0222(A),SCIENCE_RBNSPEC_STACK,,,,84.6759583333319,-69.1423055555544
ADP.2019-01-30T04_10_00.683.fits,53176,2008-12-18T02:27:39.941,54818.10254562,GIRAFFE,ESO-VLT-U2,ADP.2019-01-30T04:10:00.683.fits,182.D-0222(A),SCIENCE_RBNSPEC_STACK,,,,84.9016666666652,-69.0188055555544
ADP.2019-01-30T04_10_00.687.fits,26682,2008-12-18T02:27:39.941,54818.10254562,GIRAFFE,ESO-VLT-U2,ADP.2019-01-30T04:10:00.687.fits,182.D-0222(A),SCIENCE_RBNSPEC_STACK,,,,84.9076249999986,-69.2258055555544
ADP.2019-01-30T04_10_00.695.fits,41467,2008-12-18T02:27:39.941,54818.10254562,GIRAFFE,ESO-VLT-U2,ADP.2019-01-30T04:10:00.695.fits,182.D-0222(A),SCIENCE_RBNSPEC_STACK,,,,85.0600833333319,-69.1115277777766
ADP.2019-01-30T04_10_00.699.fits,104089,2008-12-18T03:53:46.145,54818.16233965,GIRAFFE,ESO-VLT-U2,ADP.2019-01-30T04:10:00.699.fits,182.D-0222(A),SCIENCE_RBNSPEC_STACK,,,,84.7445833333319,-69.0457499999988
ADP.2019-01-30T04_10_00.703.fits,50845,2008-12-18T01:10:11.734,54818.04874693,GIRAFFE,ESO-VLT-U2,ADP.2019-01-30T04:10:00.703.fits,182.D-0222(A),SCIENCE_RBNSPEC_STACK,,,,85.0594999999986,-69.0359722222211
ADP.2019-01-30T04_10_00.707.fits,221916,2008-12-18T01:10:11.734,54818.04874693,GIRAFFE,ESO-VLT-U2,ADP.2019-01-30T04:10:00.707.fits,182.D-0222(A),SCIENCE_RBNSPEC_STACK,,,,84.5276249999986,-69.2352499999988
ADP.2019-01-30T04_10_00.723.fits,153742,2008-12-18T03:53:46.145,54818.16233965,GIRAFFE,ESO-VLT-U2,ADP.2019-01-30T04:10:00.723.fits,182.D-0222(A),SCIENCE_RBNSPEC_STACK,,,,84.6828749999986,-69.0545277777766
ADP.2019-01-30T04_10_00.735.fits,53008,2008-12-18T03:53:46.145,54818.16233965,GIRAFFE,ESO-VLT-U2,ADP.2019-01-30T04:10:00.735.fits,182.D-0222(A),SCIENCE_RBNSPEC_STACK,,,,84.8328333333319,-69.0201944444433
ADP.2019-01-30T04_10_00.739.fits,459572,2008-12-18T02:27:39.941,54818.10254562,GIRAFFE,ESO-VLT-U2,ADP.2019-01-30T04:10:00.739.fits,182.D-0222(A),SCIENCE_RBNSPEC_STACK,,,,84.3606249999986,-69.177972222221
ADP.2019-01-30T04_10_00.743.fits,239854,2008-12-18T01:10:11.734,54818.04874693,GIRAFFE,ESO-VLT-U2,ADP.2019-01-30T04:10:00.743.fits,182.D-0222(A),SCIENCE_RBNSPEC_STACK,,,,84.4342083333319,-69.1103333333322
ADP.2019-01-30T04_10_00.747.fits,246865,2008-12-18T03:53:46.145,54818.16233965,GIRAFFE,ESO-VLT-U2,ADP.2019-01-30T04:10:00.747.fits,182.D-0222(A),SCIENCE_RBNSPEC_STACK,,,,84.4991666666652,-69.0598611111099
ADP.2019-01-30T04_10_00.755.fits,441,2008-12-18T01:10:11.734,54818.04874693,GIRAFFE,ESO-VLT-U2,ADP.2019-01-30T04:10:00.755.fits,182.D-0222(A),SCIENCE_RBNSPEC_STACK,,,,84.6696249999986,-69.0905277777766
ADP.2019-01-30T04_10_00.759.fits,41009,2008-12-18T01:10:11.734,54818.04874693,GIRAFFE,ESO-VLT-U2,ADP.2019-01-30T04:10:00.759.fits,182.D-0222(A),SCIENCE_RBNSPEC_STACK,,,,85.0704583333319,-69.1149166666655
ADP.2019-01-30T04_10_00.775.fits,234274,2008-12-18T01:10:11.734,54818.04874693,GIRAFFE,ESO-VLT-U2,ADP.2019-01-30T04:10:00.775.fits,182.D-0222(A),SCIENCE_RBNSPEC_STACK,,,,84.4792083333319,-69.1486388888877
ADP.2019-01-30T04_10_00.783.fits,137867,2008-12-18T02:27:39.941,54818.10254562,GIRAFFE,ESO-VLT-U2,ADP.2019-01-30T04:10:00.783.fits,182.D-0222(A),SCIENCE_RBNSPEC_STACK,,,,84.8519166666652,-68.9996111111099
ADP.2019-01-30T04_10_00.787.fits,243181,2008-12-18T02:27:39.941,54818.10254562,GIRAFFE,ESO-VLT-U2,ADP.2019-01-30T04:10:00.787.fits,182.D-0222(A),SCIENCE_RBNSPEC_STACK,,,,84.2856666666652,-69.0861111111099
ADP.2019-01-30T04_10_00.799.fits,24812,2008-12-18T02:27:39.941,54818.10254562,GIRAFFE,ESO-VLT-U2,ADP.2019-01-30T04:10:00.799.fits,182.D-0222(A),SCIENCE_RBNSPEC_STACK,,,,84.8286666666652,-69.2387222222211
ADP.2019-01-30T04_10_00.811.fits,163022,2008-12-18T02:27:39.941,54818.10254562,GIRAFFE,ESO-VLT-U2,ADP.2019-01-30T04:10:00.811.fits,182.D-0222(A),SCIENCE_RBNSPEC_STACK,,,,84.6338333333319,-69.0754999999989
ADP.2019-01-30T04_10_00.831.fits,111045,2008-12-18T01:10:11.734,54818.04874693,GIRAFFE,ESO-VLT-U2,ADP.2019-01-30T04:10:00.831.fits,182.D-0222(A),SCIENCE_RBNSPEC_STACK,,,,84.7615833333319,-68.9521666666655
ADP.2019-01-30T04_10_00.835.fits,370868,2008-12-18T03:53:46.145,54818.16233965,GIRAFFE,ESO-VLT-U2,ADP.2019-01-30T04:10:00.835.fits,182.D-0222(A),SCIENCE_RBNSPEC_STACK,,,,84.4632499999986,-69.1603888888877
ADP.2019-01-30T04_10_00.839.fits,441,2008-12-18T02:27:39.941,54818.10254562,GIRAFFE,ESO-VLT-U2,ADP.2019-01-30T04:10:00.839.fits,182.D-0222(A),SCIENCE_RBNSPEC_STACK,,,,84.6696249999986,-69.0905277777766
ADP.2019-01-30T04_10_00.855.fits,38010,2008-12-18T03:53:46.145,54818.16233965,GIRAFFE,ESO-VLT-U2,ADP.2019-01-30T04:10:00.855.fits,182.D-0222(A),SCIENCE_RBNSPEC_STACK,,,,84.6280833333319,-69.1408611111099
ADP.2019-01-30T04_10_00.859.fits,253166,2008-12-18T03:53:46.145,54818.16233965,GIRAFFE,ESO-VLT-U2,ADP.2019-01-30T04:10:00.859.fits,182.D-0222(A),SCIENCE_RBNSPEC_STACK,,,,84.5609999999986,-69.0160277777766
ADP.2019-01-30T04_10_00.867.fits,40583,2008-12-18T03:53:46.145,54818.16233965,GIRAFFE,ESO-VLT-U2,ADP.2019-01-30T04:10:00.867.fits,182.D-0222(A),SCIENCE_RBNSPEC_STACK,,,,84.8992083333319,-69.1189166666655
ADP.2019-01-30T04_10_00.871.fits,164,2008-12-18T01:10:11.734,54818.04874693,GIRAFFE,ESO-VLT-U2,ADP.2019-01-30T04:10:00.871.fits,182.D-0222(A),SCIENCE_RBNSPEC_STACK,,,,84.6691666666652,-69.082222222221
ADP.2019-01-30T04_10_00.875.fits,310573,2008-12-18T03:53:46.145,54818.16233965,GIRAFFE,ESO-VLT-U2,ADP.2019-01-30T04:10:00.875.fits,182.D-0222(A),SCIENCE_RBNSPEC_STACK,,,,84.4911666666652,-69.1468888888877
ADP.2019-01-30T04_10_00.879.fits,58178,2008-12-18T01:10:11.734,54818.04874693,GIRAFFE,ESO-VLT-U2,ADP.2019-01-30T04:10:00.879.fits,182.D-0222(A),SCIENCE_RBNSPEC_STACK,,,,84.8993749999986,-68.9840833333322
ADP.2019-01-30T04_10_00.883.fits,52332,2008-12-18T03:53:46.145,54818.16233965,GIRAFFE,ESO-VLT-U2,ADP.2019-01-30T04:10:00.883.fits,182.D-0222(A),SCIENCE_RBNSPEC_STACK,,,,84.8545833333319,-69.0251944444433
ADP.2019-01-30T04_10_00.887.fits,374660,2008-12-18T03:53:46.145,54818.16233965,GIRAFFE,ESO-VLT-U2,ADP.2019-01-30T04:10:00.887.fits,182.D-0222(A),SCIENCE_RBNSPEC_STACK,,,,84.4445833333319,-69.1054166666655
ADP.2019-01-30T04_10_00.895.fits,229572,2008-12-18T02:27:39.941,54818.10254562,GIRAFFE,ESO-VLT-U2,ADP.2019-01-30T04:10:00.895.fits,182.D-0222(A),SCIENCE_RBNSPEC_STACK,,,,84.4319999999986,-69.1806666666655
ADP.2019-01-30T04_10_00.911.fits,372,2008-12-18T02:27:39.941,54818.10254562,GIRAFFE,ESO-VLT-U2,ADP.2019-01-30T04:10:00.911.fits,182.D-0222(A),SCIENCE_RBNSPEC_STACK,,,,84.6794999999986,-69.1102222222211
ADP.2019-01-30T04_10_00.923.fits,318634,2008-12-18T02:27:39.941,54818.10254562,GIRAFFE,ESO-VLT-U2,ADP.2019-01-30T04:10:00.923.fits,182.D-0222(A),SCIENCE_RBNSPEC_STACK,,,,84.5722916666652,-69.0656666666655
ADP.2019-01-30T04_10_00.935.fits,102065,2008-12-18T02:27:39.941,54818.10254562,GIRAFFE,ESO-VLT-U2,ADP.2019-01-30T04:10:00.935.fits,182.D-0222(A),SCIENCE_RBNSPEC_STACK,,,,84.6938333333319,-69.0744166666655
ADP.2019-01-30T04_10_00.947.fits,68,2008-12-18T02:27:39.941,54818.10254562,GIRAFFE,ESO-VLT-U2,ADP.2019-01-30T04:10:00.947.fits,182.D-0222(A),SCIENCE_RBNSPEC_STACK,,,,84.6739583333319,-69.1069166666655
ADP.2019-01-30T04_10_00.955.fits,297,2008-12-18T03:53:46.145,54818.16233965,GIRAFFE,ESO-VLT-U2,ADP.2019-01-30T04:10:00.955.fits,182.D-0222(A),SCIENCE_RBNSPEC_STACK,,,,84.6319166666652,-69.0969166666655
ADP.2019-01-30T04_10_00.959.fits,252859,2008-12-18T02:27:39.941,54818.10254562,GIRAFFE,ESO-VLT-U2,ADP.2019-01-30T04:10:00.959.fits,182.D-0222(A),SCIENCE_RBNSPEC_STACK,,,,84.4289999999986,-69.0181388888877
ADP.2019-01-30T04_10_00.967.fits,365909,2008-12-18T02:27:39.941,54818.10254562,GIRAFFE,ESO-VLT-U2,ADP.2019-01-30T04:10:00.967.fits,182.D-0222(A),SCIENCE_RBNSPEC_STACK,,,,84.4917083333319,-69.2193055555544
ADP.2019-01-30T04_10_00.971.fits,45374,2008-12-18T02:27:39.941,54818.10254562,GIRAFFE,ESO-VLT-U2,ADP.2019-01-30T04:10:00.971.fits,182.D-0222(A),SCIENCE_RBNSPEC_STACK,,,,84.6807083333319,-69.0795277777766
ADP.2019-01-30T04_10_00.979.fits,227838,2008-12-18T02:27:39.941,54818.10254562,GIRAFFE,ESO-VLT-U2,ADP.2019-01-30T04:10:00.979.fits,182.D-0222(A),SCIENCE_RBNSPEC_STACK,,,,84.4135416666652,-69.1928888888877
ADP.2019-01-30T04_10_00.987.fits,403,2008-12-18T03:53:46.145,54818.16233965,GIRAFFE,ESO-VLT-U2,ADP.2019-01-30T04:10:00.987.fits,182.D-0222(A),SCIENCE_RBNSPEC_STACK,,,,84.7128749999985,-69.1135277777766
ADP.2019-01-30T04_10_00.995.fits,236148,2008-12-18T02:27:39.941,54818.10254562,GIRAFFE,ESO-VLT-U2,ADP.2019-01-30T04:10:00.995.fits,182.D-0222(A),SCIENCE_RBNSPEC_STACK,,,,84.4115833333319,-69.135722222221
ADP.2019-01-30T04_10_00.999.fits,109864,2008-12-18T01:10:11.734,54818.04874693,GIRAFFE,ESO-VLT-U2,ADP.2019-01-30T04:10:00.999.fits,182.D-0222(A),SCIENCE_RBNSPEC_STACK,,,,84.7376666666652,-68.9685277777766
ADP.2019-01-30T04_10_01.023.fits,58943,2008-12-18T01:10:11.734,54818.04874693,GIRAFFE,ESO-VLT-U2,ADP.2019-01-30T04:10:01.023.fits,182.D-0222(A),SCIENCE_RBNSPEC_STACK,,,,84.8015833333319,-68.9791388888877
ADP.2019-01-30T04_10_01.027.fits,154129,2008-12-18T03:53:46.145,54818.16233965,GIRAFFE,ESO-VLT-U2,ADP.2019-01-30T04:10:01.027.fits,182.D-0222(A),SCIENCE_RBNSPEC_STACK,,,,84.8365416666652,-69.03661111111
ADP.2019-01-30T04_10_01.031.fits,41009,2008-12-18T02:27:39.941,54818.10254562,GIRAFFE,ESO-VLT-U2,ADP.2019-01-30T04:10:01.031.fits,182.D-0222(A),SCIENCE_RBNSPEC_STACK,,,,85.0704583333319,-69.1149166666655
ADP.2019-01-30T04_10_01.035.fits,234192,2008-12-18T02:27:39.941,54818.10254562,GIRAFFE,ESO-VLT-U2,ADP.2019-01-30T04:10:01.035.fits,182.D-0222(A),SCIENCE_RBNSPEC_STACK,,,,84.3591249999986,-69.1490277777766
ADP.2019-01-30T04_10_01.047.fits,236148,2008-12-18T01:10:11.734,54818.04874693,GIRAFFE,ESO-VLT-U2,ADP.2019-01-30T04:10:01.047.fits,182.D-0222(A),SCIENCE_RBNSPEC_STACK,,,,84.4115833333319,-69.135722222221
ADP.2019-01-30T04_10_01.051.fits,234840,2008-12-18T02:27:39.941,54818.10254562,GIRAFFE,ESO-VLT-U2,ADP.2019-01-30T04:10:01.051.fits,182.D-0222(A),SCIENCE_RBNSPEC_STACK,,,,84.4132916666653,-69.1446944444433
ADP.2019-01-30T04_10_01.063.fits,53176,2008-12-18T01:10:11.734,54818.04874693,GIRAFFE,ESO-VLT-U2,ADP.2019-01-30T04:10:01.063.fits,182.D-0222(A),SCIENCE_RBNSPEC_STACK,,,,84.9016666666652,-69.0188055555544
ADP.2019-01-30T04_10_01.067.fits,309,2008-12-18T03:53:46.145,54818.16233965,GIRAFFE,ESO-VLT-U2,ADP.2019-01-30T04:10:01.067.fits,182.D-0222(A),SCIENCE_RBNSPEC_STACK,,,,84.6676666666652,-69.0918611111099
ADP.2019-01-30T04_10_01.087.fits,39275,2008-12-18T03:53:46.145,54818.16233965,GIRAFFE,ESO-VLT-U2,ADP.2019-01-30T04:10:01.087.fits,182.D-0222(A),SCIENCE_RBNSPEC_STACK,,,,84.5927916666652,-69.1307777777766
ADP.2019-01-30T04_10_01.099.fits,99245,2008-12-18T03:53:46.145,54818.16233965,GIRAFFE,ESO-VLT-U2,ADP.2019-01-30T04:10:01.099.fits,182.D-0222(A),SCIENCE_RBNSPEC_STACK,,,,84.6709999999986,-69.1166388888877
ADP.2019-01-30T04_10_01.119.fits,318634,2008-12-18T01:10:11.734,54818.04874693,GIRAFFE,ESO-VLT-U2,ADP.2019-01-30T04:10:01.119.fits,182.D-0222(A),SCIENCE_RBNSPEC_STACK,,,,84.5722916666652,-69.0656666666655
ADP.2019-01-30T04_10_01.123.fits,105677,2008-12-18T03:53:46.145,54818.16233965,GIRAFFE,ESO-VLT-U2,ADP.2019-01-30T04:10:01.123.fits,182.D-0222(A),SCIENCE_RBNSPEC_STACK,,,,84.7874166666652,-69.0247499999988
ADP.2019-01-30T04_10_01.135.fits,52729,2008-12-18T03:53:46.145,54818.16233965,GIRAFFE,ESO-VLT-U2,ADP.2019-01-30T04:10:01.135.fits,182.D-0222(A),SCIENCE_RBNSPEC_STACK,,,,84.8175833333319,-69.0222777777766
ADP.2019-01-30T04_10_01.139.fits,58163,2008-12-18T02:27:39.941,54818.10254562,GIRAFFE,ESO-VLT-U2,ADP.2019-01-30T04:10:01.139.fits,182.D-0222(A),SCIENCE_RBNSPEC_STACK,,,,84.8019166666652,-68.9843888888877
ADP.2019-01-30T04_10_01.147.fits,28217,2008-12-18T02:27:39.941,54818.10254562,GIRAFFE,ESO-VLT-U2,ADP.2019-01-30T04:10:01.147.fits,182.D-0222(A),SCIENCE_RBNSPEC_STACK,,,,84.5969999999986,-69.2149999999988
ADP.2019-01-30T04_10_01.159.fits,227838,2008-12-18T01:10:11.734,54818.04874693,GIRAFFE,ESO-VLT-U2,ADP.2019-01-30T04:10:01.159.fits,182.D-0222(A),SCIENCE_RBNSPEC_STACK,,,,84.4135416666652,-69.1928888888877
ADP.2019-01-30T04_10_01.163.fits,151176,2008-12-18T03:53:46.145,54818.16233965,GIRAFFE,ESO-VLT-U2,ADP.2019-01-30T04:10:01.163.fits,182.D-0222(A),SCIENCE_RBNSPEC_STACK,,,,84.6112083333319,-69.147972222221
ADP.2019-01-30T04_10_01.175.fits,8,2008-12-18T02:27:39.941,54818.10254562,GIRAFFE,ESO-VLT-U2,ADP.2019-01-30T04:10:01.175.fits,182.D-0222(A),SCIENCE_RBNSPEC_STACK,,,,84.6734166666652,-69.0874999999988
ADP.2019-01-30T04_10_01.179.fits,42701,2008-12-18T03:53:46.145,54818.16233965,GIRAFFE,ESO-VLT-U2,ADP.2019-01-30T04:10:01.179.fits,182.D-0222(A),SCIENCE_RBNSPEC_STACK,,,,84.6065833333319,-69.1025555555544
ADP.2019-01-30T04_10_01.203.fits,267,2008-12-18T02:27:39.941,54818.10254562,GIRAFFE,ESO-VLT-U2,ADP.2019-01-30T04:10:01.203.fits,182.D-0222(A),SCIENCE_RBNSPEC_STACK,,,,84.6906666666653,-69.0869999999988
ADP.2019-01-30T04_10_01.211.fits,365909,2008-12-18T01:10:11.734,54818.04874693,GIRAFFE,ESO-VLT-U2,ADP.2019-01-30T04:10:01.211.fits,182.D-0222(A),SCIENCE_RBNSPEC_STACK,,,,84.4917083333319,-69.2193055555544
ADP.2019-01-30T04_10_01.215.fits,30251,2008-12-18T03:53:46.145,54818.16233965,GIRAFFE,ESO-VLT-U2,ADP.2019-01-30T04:10:01.215.fits,182.D-0222(A),SCIENCE_RBNSPEC_STACK,,,,84.6392083333319,-69.1997222222211
ADP.2019-01-30T04_10_01.219.fits,151260,2008-12-18T03:53:46.145,54818.16233965,GIRAFFE,ESO-VLT-U2,ADP.2019-01-30T04:10:01.219.fits,182.D-0222(A),SCIENCE_RBNSPEC_STACK,,,,84.7366666666652,-69.144722222221
ADP.2019-01-30T04_10_01.227.fits,134320,2008-12-18T02:27:39.941,54818.10254562,GIRAFFE,ESO-VLT-U2,ADP.2019-01-30T04:10:01.227.fits,182.D-0222(A),SCIENCE_RBNSPEC_STACK,,,,84.6512916666652,-69.0801666666655
ADP.2019-01-30T04_10_01.247.fits,47085,2008-12-18T03:53:46.145,54818.16233965,GIRAFFE,ESO-VLT-U2,ADP.2019-01-30T04:10:01.247.fits,182.D-0222(A),SCIENCE_RBNSPEC_STACK,,,,84.6359583333319,-69.0655277777766
ADP.2019-01-30T04_10_01.287.fits,23374,2008-12-18T02:27:39.941,54818.10254562,GIRAFFE,ESO-VLT-U2,ADP.2019-01-30T04:10:01.287.fits,182.D-0222(A),SCIENCE_RBNSPEC_STACK,,,,84.5984999999986,-69.2491666666655
ADP.2019-01-30T04_10_01.295.fits,251506,2008-12-18T01:10:11.734,54818.04874693,GIRAFFE,ESO-VLT-U2,ADP.2019-01-30T04:10:01.295.fits,182.D-0222(A),SCIENCE_RBNSPEC_STACK,,,,84.3354999999986,-69.0271388888877
ADP.2019-01-30T04_10_01.299.fits,329021,2008-12-18T01:10:11.734,54818.04874693,GIRAFFE,ESO-VLT-U2,ADP.2019-01-30T04:10:01.299.fits,182.D-0222(A),SCIENCE_RBNSPEC_STACK,,,,84.5667916666652,-68.9677222222211
ADP.2019-01-30T04_10_01.327.fits,416,2008-12-18T01:10:11.734,54818.04874693,GIRAFFE,ESO-VLT-U2,ADP.2019-01-30T04:10:01.327.fits,182.D-0222(A),SCIENCE_RBNSPEC_STACK,,,,84.6819166666652,-69.1052222222211
ADP.2019-01-30T04_10_01.331.fits,221154,2008-12-18T02:27:39.941,54818.10254562,GIRAFFE,ESO-VLT-U2,ADP.2019-01-30T04:10:01.331.fits,182.D-0222(A),SCIENCE_RBNSPEC_STACK,,,,84.5474999999986,-69.2401666666655
ADP.2019-01-30T04_10_01.335.fits,34327,2008-12-18T03:53:46.145,54818.16233965,GIRAFFE,ESO-VLT-U2,ADP.2019-01-30T04:10:01.335.fits,182.D-0222(A),SCIENCE_RBNSPEC_STACK,,,,84.6700833333319,-69.1691666666655
ADP.2019-01-30T04_10_01.343.fits,171193,2008-12-18T03:53:46.145,54818.16233965,GIRAFFE,ESO-VLT-U2,ADP.2019-01-30T04:10:01.343.fits,182.D-0222(A),SCIENCE_RBNSPEC_STACK,,,,84.5801666666652,-69.1001388888877
ADP.2019-01-30T04_10_01.347.fits,58368,2008-12-18T01:10:11.734,54818.04874693,GIRAFFE,ESO-VLT-U2,ADP.2019-01-30T04:10:01.347.fits,182.D-0222(A),SCIENCE_RBNSPEC_STACK,,,,84.8753749999986,-68.9826944444433
ADP.2019-01-30T04_10_01.355.fits,44059,2008-12-18T01:10:11.734,54818.04874693,GIRAFFE,ESO-VLT-U2,ADP.2019-01-30T04:10:01.355.fits,182.D-0222(A),SCIENCE_RBNSPEC_STACK,,,,84.6157916666652,-69.0908888888877
ADP.2019-01-30T04_10_01.363.fits,128980,2008-12-18T02:27:39.941,54818.10254562,GIRAFFE,ESO-VLT-U2,ADP.2019-01-30T04:10:01.363.fits,182.D-0222(A),SCIENCE_RBNSPEC_STACK,,,,84.9151666666652,-69.20036111111
ADP.2019-01-30T04_10_01.367.fits,131460,2008-12-18T02:27:39.941,54818.10254562,GIRAFFE,ESO-VLT-U2,ADP.2019-01-30T04:10:01.367.fits,182.D-0222(A),SCIENCE_RBNSPEC_STACK,,,,85.0344583333319,-69.1416388888877
ADP.2019-01-30T04_10_01.379.fits,28715,2008-12-18T02:27:39.941,54818.10254562,GIRAFFE,ESO-VLT-U2,ADP.2019-01-30T04:10:01.379.fits,182.D-0222(A),SCIENCE_RBNSPEC_STACK,,,,84.8529999999986,-69.210972222221
ADP.2019-01-30T04_10_01.383.fits,370967,2008-12-18T03:53:46.145,54818.16233965,GIRAFFE,ESO-VLT-U2,ADP.2019-01-30T04:10:01.383.fits,182.D-0222(A),SCIENCE_RBNSPEC_STACK,,,,84.5279999999986,-69.1590277777766
ADP.2019-01-30T04_10_01.387.fits,248037,2008-12-18T01:10:11.734,54818.04874693,GIRAFFE,ESO-VLT-U2,ADP.2019-01-30T04:10:01.387.fits,182.D-0222(A),SCIENCE_RBNSPEC_STACK,,,,84.3262499999986,-69.0512499999988
ADP.2019-01-30T04_10_01.391.fits,124,2008-12-18T01:10:11.734,54818.04874693,GIRAFFE,ESO-VLT-U2,ADP.2019-01-30T04:10:01.391.fits,182.D-0222(A),SCIENCE_RBNSPEC_STACK,,,,84.6682083333319,-69.095472222221
ADP.2019-01-30T04_10_01.395.fits,48550,2008-12-18T03:53:46.145,54818.16233965,GIRAFFE,ESO-VLT-U2,ADP.2019-01-30T04:10:01.395.fits,182.D-0222(A),SCIENCE_RBNSPEC_STACK,,,,84.5900833333319,-69.0539999999988
ADP.2019-01-30T04_10_01.419.fits,309335,2008-12-18T03:53:46.145,54818.16233965,GIRAFFE,ESO-VLT-U2,ADP.2019-01-30T04:10:01.419.fits,182.D-0222(A),SCIENCE_RBNSPEC_STACK,,,,84.4508749999986,-69.1587499999988
ADP.2019-01-30T04_10_01.427.fits,43169,2008-12-18T02:27:39.941,54818.10254562,GIRAFFE,ESO-VLT-U2,ADP.2019-01-30T04:10:01.427.fits,182.D-0222(A),SCIENCE_RBNSPEC_STACK,,,,84.7335416666652,-69.0983333333322
ADP.2019-01-30T04_10_01.435.fits,252859,2008-12-18T01:10:11.734,54818.04874693,GIRAFFE,ESO-VLT-U2,ADP.2019-01-30T04:10:01.435.fits,182.D-0222(A),SCIENCE_RBNSPEC_STACK,,,,84.4289999999986,-69.0181388888877
ADP.2019-01-30T04_10_01.443.fits,43169,2008-12-18T01:10:11.734,54818.04874693,GIRAFFE,ESO-VLT-U2,ADP.2019-01-30T04:10:01.443.fits,182.D-0222(A),SCIENCE_RBNSPEC_STACK,,,,84.7335416666652,-69.0983333333322
ADP.2019-01-30T04_10_01.447.fits,48,2008-12-18T01:10:11.734,54818.04874693,GIRAFFE,ESO-VLT-U2,ADP.2019-01-30T04:10:01.447.fits,182.D-0222(A),SCIENCE_RBNSPEC_STACK,,,,84.6502916666652,-69.1128888888877
ADP.2019-01-30T04_10_01.467.fits,441192,2008-12-18T02:27:39.941,54818.10254562,GIRAFFE,ESO-VLT-U2,ADP.2019-01-30T04:10:01.467.fits,182.D-0222(A),SCIENCE_RBNSPEC_STACK,,,,84.2869999999986,-69.1223055555544
ADP.2019-01-30T04_10_01.475.fits,49544,2008-12-18T01:10:11.734,54818.04874693,GIRAFFE,ESO-VLT-U2,ADP.2019-01-30T04:10:01.475.fits,182.D-0222(A),SCIENCE_RBNSPEC_STACK,,,,85.0230833333319,-69.0458055555544
ADP.2019-01-30T04_10_01.479.fits,43186,2008-12-18T02:27:39.941,54818.10254562,GIRAFFE,ESO-VLT-U2,ADP.2019-01-30T04:10:01.479.fits,182.D-0222(A),SCIENCE_RBNSPEC_STACK,,,,85.0567499999986,-69.0975277777766
ADP.2019-01-30T04_10_01.483.fits,430,2008-12-18T03:53:46.145,54818.16233965,GIRAFFE,ESO-VLT-U2,ADP.2019-01-30T04:10:01.483.fits,182.D-0222(A),SCIENCE_RBNSPEC_STACK,,,,84.6468333333319,-69.0866944444433
ADP.2019-01-30T04_10_01.487.fits,48,2008-12-18T02:27:39.941,54818.10254562,GIRAFFE,ESO-VLT-U2,ADP.2019-01-30T04:10:01.487.fits,182.D-0222(A),SCIENCE_RBNSPEC_STACK,,,,84.6502916666652,-69.1128888888877
ADP.2019-01-30T04_10_01.491.fits,171093,2008-12-18T03:53:46.145,54818.16233965,GIRAFFE,ESO-VLT-U2,ADP.2019-01-30T04:10:01.491.fits,182.D-0222(A),SCIENCE_RBNSPEC_STACK,,,,84.6795416666652,-69.0256944444433
ADP.2019-01-30T04_10_01.507.fits,310785,2008-12-18T03:53:46.145,54818.16233965,GIRAFFE,ESO-VLT-U2,ADP.2019-01-30T04:10:01.507.fits,182.D-0222(A),SCIENCE_RBNSPEC_STACK,,,,84.5025416666653,-69.1449722222211
ADP.2019-01-30T04_10_01.511.fits,236242,2008-12-18T02:27:39.941,54818.10254562,GIRAFFE,ESO-VLT-U2,ADP.2019-01-30T04:10:01.511.fits,182.D-0222(A),SCIENCE_RBNSPEC_STACK,,,,84.2677499999986,-69.1348888888877
ADP.2019-01-30T04_10_01.527.fits,8,2008-12-18T01:10:11.734,54818.04874693,GIRAFFE,ESO-VLT-U2,ADP.2019-01-30T04:10:01.527.fits,182.D-0222(A),SCIENCE_RBNSPEC_STACK,,,,84.6734166666652,-69.0874999999988
ADP.2019-01-30T04_10_01.535.fits,228734,2008-12-18T01:10:11.734,54818.04874693,GIRAFFE,ESO-VLT-U2,ADP.2019-01-30T04:10:01.535.fits,182.D-0222(A),SCIENCE_RBNSPEC_STACK,,,,84.3743749999986,-69.1864166666655
ADP.2019-01-30T04_10_01.539.fits,167927,2008-12-18T03:53:46.145,54818.16233965,GIRAFFE,ESO-VLT-U2,ADP.2019-01-30T04:10:01.539.fits,182.D-0222(A),SCIENCE_RBNSPEC_STACK,,,,84.6292499999986,-69.0210555555544
ADP.2019-01-30T04_10_01.547.fits,102065,2008-12-18T01:10:11.734,54818.04874693,GIRAFFE,ESO-VLT-U2,ADP.2019-01-30T04:10:01.547.fits,182.D-0222(A),SCIENCE_RBNSPEC_STACK,,,,84.6938333333319,-69.0744166666655
ADP.2019-01-30T04_10_01.563.fits,58178,2008-12-18T02:27:39.941,54818.10254562,GIRAFFE,ESO-VLT-U2,ADP.2019-01-30T04:10:01.563.fits,182.D-0222(A),SCIENCE_RBNSPEC_STACK,,,,84.8993749999986,-68.9840833333322
ADP.2019-01-30T04_10_01.567.fits,41133,2008-12-18T01:10:11.734,54818.04874693,GIRAFFE,ESO-VLT-U2,ADP.2019-01-30T04:10:01.567.fits,182.D-0222(A),SCIENCE_RBNSPEC_STACK,,,,84.7254999999986,-69.114722222221
ADP.2019-01-30T04_10_01.575.fits,232968,2008-12-18T03:53:46.145,54818.16233965,GIRAFFE,ESO-VLT-U2,ADP.2019-01-30T04:10:01.575.fits,182.D-0222(A),SCIENCE_RBNSPEC_STACK,,,,84.5163749999986,-69.1574999999988
ADP.2019-01-30T04_10_01.583.fits,52628,2008-12-18T01:10:11.734,54818.04874693,GIRAFFE,ESO-VLT-U2,ADP.2019-01-30T04:10:01.583.fits,182.D-0222(A),SCIENCE_RBNSPEC_STACK,,,,84.9307083333319,-69.02286111111
ADP.2019-01-30T04_10_01.587.fits,61750,2008-12-18T01:10:11.734,54818.04874693,GIRAFFE,ESO-VLT-U2,ADP.2019-01-30T04:10:01.587.fits,182.D-0222(A),SCIENCE_RBNSPEC_STACK,,,,84.5800833333319,-68.9603888888877
ADP.2019-01-30T04_10_01.595.fits,249130,2008-12-18T02:27:39.941,54818.10254562,GIRAFFE,ESO-VLT-U2,ADP.2019-01-30T04:10:01.595.fits,182.D-0222(A),SCIENCE_RBNSPEC_STACK,,,,84.4515833333319,-69.0437777777766
ADP.2019-01-30T04_10_01.603.fits,365,2008-12-18T03:53:46.145,54818.16233965,GIRAFFE,ESO-VLT-U2,ADP.2019-01-30T04:10:01.603.fits,182.D-0222(A),SCIENCE_RBNSPEC_STACK,,,,84.6636666666652,-69.1108055555544
ADP.2019-01-30T04_10_01.611.fits,460013,2008-12-18T03:53:46.145,54818.16233965,GIRAFFE,ESO-VLT-U2,ADP.2019-01-30T04:10:01.611.fits,182.D-0222(A),SCIENCE_RBNSPEC_STACK,,,,84.5649583333319,-69.0672777777766
ADP.2019-01-30T04_10_01.619.fits,23086,2008-12-18T01:10:11.734,54818.04874693,GIRAFFE,ESO-VLT-U2,ADP.2019-01-30T04:10:01.619.fits,182.D-0222(A),SCIENCE_RBNSPEC_STACK,,,,84.6799999999986,-69.2513055555544
ADP.2019-01-30T04_10_01.627.fits,169677,2008-12-18T03:53:46.145,54818.16233965,GIRAFFE,ESO-VLT-U2,ADP.2019-01-30T04:10:01.627.fits,182.D-0222(A),SCIENCE_RBNSPEC_STACK,,,,84.6724583333319,-69.0502222222211
ADP.2019-01-30T04_10_01.643.fits,23271,2008-12-18T01:10:11.734,54818.04874693,GIRAFFE,ESO-VLT-U2,ADP.2019-01-30T04:10:01.643.fits,182.D-0222(A),SCIENCE_RBNSPEC_STACK,,,,84.7596666666652,-69.2498888888877
ADP.2019-01-30T04_10_01.675.fits,37094,2008-12-18T03:53:46.145,54818.16233965,GIRAFFE,ESO-VLT-U2,ADP.2019-01-30T04:10:01.675.fits,182.D-0222(A),SCIENCE_RBNSPEC_STACK,,,,84.6716249999986,-69.1477499999988
ADP.2019-01-30T04_10_01.687.fits,248037,2008-12-18T02:27:39.941,54818.10254562,GIRAFFE,ESO-VLT-U2,ADP.2019-01-30T04:10:01.687.fits,182.D-0222(A),SCIENCE_RBNSPEC_STACK,,,,84.3262499999986,-69.0512499999988
ADP.2019-01-30T04_10_01.695.fits,231070,2008-12-18T01:10:11.734,54818.04874693,GIRAFFE,ESO-VLT-U2,ADP.2019-01-30T04:10:01.695.fits,182.D-0222(A),SCIENCE_RBNSPEC_STACK,,,,84.4157499999986,-69.1700277777766
ADP.2019-01-30T04_10_01.703.fits,299950,2008-12-18T02:27:39.941,54818.10254562,GIRAFFE,ESO-VLT-U2,ADP.2019-01-30T04:10:01.703.fits,182.D-0222(A),SCIENCE_RBNSPEC_STACK,,,,84.5041666666652,-69.2393611111099
ADP.2019-01-30T04_10_01.707.fits,317489,2008-12-18T01:10:11.734,54818.04874693,GIRAFFE,ESO-VLT-U2,ADP.2019-01-30T04:10:01.707.fits,182.D-0222(A),SCIENCE_RBNSPEC_STACK,,,,84.2762499999986,-69.0781388888877
ADP.2019-01-30T04_10_01.711.fits,443565,2008-12-18T02:27:39.941,54818.10254562,GIRAFFE,ESO-VLT-U2,ADP.2019-01-30T04:10:01.711.fits,182.D-0222(A),SCIENCE_RBNSPEC_STACK,,,,84.4202916666652,-69.0011666666655
ADP.2019-01-30T04_10_01.715.fits,135328,2008-12-18T02:27:39.941,54818.10254562,GIRAFFE,ESO-VLT-U2,ADP.2019-01-30T04:10:01.715.fits,182.D-0222(A),SCIENCE_RBNSPEC_STACK,,,,84.6578749999986,-69.0601944444433
ADP.2019-01-30T04_10_01.719.fits,58261,2008-12-18T02:27:39.941,54818.10254562,GIRAFFE,ESO-VLT-U2,ADP.2019-01-30T04:10:01.719.fits,182.D-0222(A),SCIENCE_RBNSPEC_STACK,,,,84.5796249999986,-68.9838611111099
ADP.2019-01-30T04_10_01.735.fits,109864,2008-12-18T02:27:39.941,54818.10254562,GIRAFFE,ESO-VLT-U2,ADP.2019-01-30T04:10:01.735.fits,182.D-0222(A),SCIENCE_RBNSPEC_STACK,,,,84.7376666666652,-68.9685277777766
ADP.2019-01-30T04_10_01.739.fits,404,2008-12-18T02:27:39.941,54818.10254562,GIRAFFE,ESO-VLT-U2,ADP.2019-01-30T04:10:01.739.fits,182.D-0222(A),SCIENCE_RBNSPEC_STACK,,,,84.7021249999986,-69.0945277777766
ADP.2019-01-30T04_10_01.771.fits,49184,2008-12-18T01:10:11.734,54818.04874693,GIRAFFE,ESO-VLT-U2,ADP.2019-01-30T04:10:01.771.fits,182.D-0222(A),SCIENCE_RBNSPEC_STACK,,,,85.0393749999985,-69.0484999999988
ADP.2019-01-30T04_10_01.791.fits,41467,2008-12-18T01:10:11.734,54818.04874693,GIRAFFE,ESO-VLT-U2,ADP.2019-01-30T04:10:01.791.fits,182.D-0222(A),SCIENCE_RBNSPEC_STACK,,,,85.0600833333319,-69.1115277777766
ADP.2019-01-30T04_10_01.807.fits,287,2008-12-18T03:53:46.145,54818.16233965,GIRAFFE,ESO-VLT-U2,ADP.2019-01-30T04:10:01.807.fits,182.D-0222(A),SCIENCE_RBNSPEC_STACK,,,,84.6366666666652,-69.0902499999988
ADP.2019-01-30T04_10_01.819.fits,38394,2008-12-18T01:10:11.734,54818.04874693,GIRAFFE,ESO-VLT-U2,ADP.2019-01-30T04:10:01.819.fits,182.D-0222(A),SCIENCE_RBNSPEC_STACK,,,,85.0535416666652,-69.1370833333322
ADP.2019-01-30T04_10_01.827.fits,45884,2008-12-18T01:10:11.734,54818.04874693,GIRAFFE,ESO-VLT-U2,ADP.2019-01-30T04:10:01.827.fits,182.D-0222(A),SCIENCE_RBNSPEC_STACK,,,,84.9362499999986,-69.0750277777766
ADP.2019-01-30T04_10_01.831.fits,97981,2008-12-18T03:53:46.145,54818.16233965,GIRAFFE,ESO-VLT-U2,ADP.2019-01-30T04:10:01.831.fits,182.D-0222(A),SCIENCE_RBNSPEC_STACK,,,,84.7007916666653,-69.1363333333322
ADP.2019-01-30T04_10_01.835.fits,416,2008-12-18T02:27:39.941,54818.10254562,GIRAFFE,ESO-VLT-U2,ADP.2019-01-30T04:10:01.835.fits,182.D-0222(A),SCIENCE_RBNSPEC_STACK,,,,84.6819166666652,-69.1052222222211
ADP.2019-01-30T04_10_01.839.fits,110939,2008-12-18T02:27:39.941,54818.10254562,GIRAFFE,ESO-VLT-U2,ADP.2019-01-30T04:10:01.839.fits,182.D-0222(A),SCIENCE_RBNSPEC_STACK,,,,84.6359583333319,-68.9538888888877
ADP.2019-01-30T04_10_01.847.fits,311778,2008-12-18T03:53:46.145,54818.16233965,GIRAFFE,ESO-VLT-U2,ADP.2019-01-30T04:10:01.847.fits,182.D-0222(A),SCIENCE_RBNSPEC_STACK,,,,84.4233333333319,-69.1357499999988
ADP.2019-01-30T04_10_01.851.fits,305799,2008-12-18T03:53:46.145,54818.16233965,GIRAFFE,ESO-VLT-U2,ADP.2019-01-30T04:10:01.851.fits,182.D-0222(A),SCIENCE_RBNSPEC_STACK,,,,84.5554166666653,-69.1886111111099
ADP.2019-01-30T04_10_01.859.fits,243607,2008-12-18T02:27:39.941,54818.10254562,GIRAFFE,ESO-VLT-U2,ADP.2019-01-30T04:10:01.859.fits,182.D-0222(A),SCIENCE_RBNSPEC_STACK,,,,84.2706666666652,-69.0829444444433
ADP.2019-01-30T04_10_01.863.fits,428,2008-12-18T01:10:11.734,54818.04874693,GIRAFFE,ESO-VLT-U2,ADP.2019-01-30T04:10:01.863.fits,182.D-0222(A),SCIENCE_RBNSPEC_STACK,,,,84.6598333333319,-69.0855555555544
ADP.2019-01-30T04_10_01.867.fits,30933,2008-12-18T03:53:46.145,54818.16233965,GIRAFFE,ESO-VLT-U2,ADP.2019-01-30T04:10:01.867.fits,182.D-0222(A),SCIENCE_RBNSPEC_STACK,,,,84.9492916666652,-69.1941944444433
ADP.2019-01-30T04_10_01.871.fits,24429,2008-12-18T01:10:11.734,54818.04874693,GIRAFFE,ESO-VLT-U2,ADP.2019-01-30T04:10:01.871.fits,182.D-0222(A),SCIENCE_RBNSPEC_STACK,,,,84.7590833333319,-69.2414722222211
ADP.2019-01-30T04_10_01.879.fits,309858,2008-12-18T02:27:39.941,54818.10254562,GIRAFFE,ESO-VLT-U2,ADP.2019-01-30T04:10:01.879.fits,182.D-0222(A),SCIENCE_RBNSPEC_STACK,,,,84.3776249999986,-69.1535833333322
ADP.2019-01-30T04_10_01.883.fits,306022,2008-12-18T03:53:46.145,54818.16233965,GIRAFFE,ESO-VLT-U2,ADP.2019-01-30T04:10:01.883.fits,182.D-0222(A),SCIENCE_RBNSPEC_STACK,,,,84.5791666666652,-69.1868888888877
ADP.2019-01-30T04_10_01.891.fits,221154,2008-12-18T01:10:11.734,54818.04874693,GIRAFFE,ESO-VLT-U2,ADP.2019-01-30T04:10:01.891.fits,182.D-0222(A),SCIENCE_RBNSPEC_STACK,,,,84.5474999999986,-69.2401666666655
ADP.2019-01-30T04_10_01.895.fits,170444,2008-12-18T03:53:46.145,54818.16233965,GIRAFFE,ESO-VLT-U2,ADP.2019-01-30T04:10:01.895.fits,182.D-0222(A),SCIENCE_RBNSPEC_STACK,,,,84.6843333333319,-69.0076388888877
ADP.2019-01-30T04_10_01.903.fits,103730,2008-12-18T01:10:11.734,54818.04874693,GIRAFFE,ESO-VLT-U2,ADP.2019-01-30T04:10:01.903.fits,182.D-0222(A),SCIENCE_RBNSPEC_STACK,,,,84.9741666666652,-69.0504999999988
ADP.2019-01-30T04_10_01.927.fits,53624,2008-12-18T03:53:46.145,54818.16233965,GIRAFFE,ESO-VLT-U2,ADP.2019-01-30T04:10:01.927.fits,182.D-0222(A),SCIENCE_RBNSPEC_STACK,,,,84.7847916666652,-69.0159444444433
ADP.2019-01-30T04_10_01.935.fits,232750,2008-12-18T03:53:46.145,54818.16233965,GIRAFFE,ESO-VLT-U2,ADP.2019-01-30T04:10:01.935.fits,182.D-0222(A),SCIENCE_RBNSPEC_STACK,,,,84.5661249999986,-69.1587777777766
ADP.2019-01-30T04_10_01.947.fits,129068,2008-12-18T02:27:39.941,54818.10254562,GIRAFFE,ESO-VLT-U2,ADP.2019-01-30T04:10:01.947.fits,182.D-0222(A),SCIENCE_RBNSPEC_STACK,,,,84.9201666666652,-69.1978888888877
ADP.2019-01-30T04_10_01.951.fits,102138,2008-12-18T03:53:46.145,54818.16233965,GIRAFFE,ESO-VLT-U2,ADP.2019-01-30T04:10:01.951.fits,182.D-0222(A),SCIENCE_RBNSPEC_STACK,,,,84.6709999999986,-69.0735555555544
ADP.2019-01-30T04_10_01.955.fits,164,2008-12-18T02:27:39.941,54818.10254562,GIRAFFE,ESO-VLT-U2,ADP.2019-01-30T04:10:01.955.fits,182.D-0222(A),SCIENCE_RBNSPEC_STACK,,,,84.6691666666652,-69.082222222221
ADP.2019-01-30T04_10_01.959.fits,43186,2008-12-18T01:10:11.734,54818.04874693,GIRAFFE,ESO-VLT-U2,ADP.2019-01-30T04:10:01.959.fits,182.D-0222(A),SCIENCE_RBNSPEC_STACK,,,,85.0567499999986,-69.0975277777766
ADP.2019-01-30T04_10_01.967.fits,242912,2008-12-18T03:53:46.145,54818.16233965,GIRAFFE,ESO-VLT-U2,ADP.2019-01-30T04:10:01.967.fits,182.D-0222(A),SCIENCE_RBNSPEC_STACK,,,,84.4759166666652,-69.0882777777766
ADP.2019-01-30T04_10_01.971.fits,181,2008-12-18T03:53:46.145,54818.16233965,GIRAFFE,ESO-VLT-U2,ADP.2019-01-30T04:10:01.971.fits,182.D-0222(A),SCIENCE_RBNSPEC_STACK,,,,84.6536249999986,-69.1127777777766
ADP.2019-01-30T04_10_01.975.fits,232142,2008-12-18T03:53:46.145,54818.16233965,GIRAFFE,ESO-VLT-U2,ADP.2019-01-30T04:10:01.975.fits,182.D-0222(A),SCIENCE_RBNSPEC_STACK,,,,84.4702499999986,-69.1627222222211
ADP.2019-01-30T04_10_01.979.fits,39731,2008-12-18T03:53:46.145,54818.16233965,GIRAFFE,ESO-VLT-U2,ADP.2019-01-30T04:10:01.979.fits,182.D-0222(A),SCIENCE_RBNSPEC_STACK,,,,84.6346666666652,-69.1266388888877
ADP.2019-01-30T04_10_01.983.fits,246542,2008-12-18T02:27:39.941,54818.10254562,GIRAFFE,ESO-VLT-U2,ADP.2019-01-30T04:10:01.983.fits,182.D-0222(A),SCIENCE_RBNSPEC_STACK,,,,84.3621666666652,-69.0622499999988
ADP.2019-01-30T04_10_01.991.fits,94,2008-12-18T03:53:46.145,54818.16233965,GIRAFFE,ESO-VLT-U2,ADP.2019-01-30T04:10:01.991.fits,182.D-0222(A),SCIENCE_RBNSPEC_STACK,,,,84.7126666666652,-69.0985277777766
ADP.2019-01-30T04_10_01.995.fits,459572,2008-12-18T01:10:11.734,54818.04874693,GIRAFFE,ESO-VLT-U2,ADP.2019-01-30T04:10:01.995.fits,182.D-0222(A),SCIENCE_RBNSPEC_STACK,,,,84.3606249999986,-69.177972222221
ADP.2019-01-30T04_10_01.999.fits,31550,2008-12-18T03:53:46.145,54818.16233965,GIRAFFE,ESO-VLT-U2,ADP.2019-01-30T04:10:01.999.fits,182.D-0222(A),SCIENCE_RBNSPEC_STACK,,,,84.7189999999986,-69.1901111111099
ADP.2019-01-30T04_10_02.023.fits,61315,2008-12-18T02:27:39.941,54818.10254562,GIRAFFE,ESO-VLT-U2,ADP.2019-01-30T04:10:02.023.fits,182.D-0222(A),SCIENCE_RBNSPEC_STACK,,,,84.7879999999986,-68.9631111111099
ADP.2019-01-30T04_10_02.039.fits,51,2008-12-18T03:53:46.145,54818.16233965,GIRAFFE,ESO-VLT-U2,ADP.2019-01-30T04:10:02.039.fits,182.D-0222(A),SCIENCE_RBNSPEC_STACK,,,,84.6517499999986,-69.1159722222211
ADP.2019-01-30T04_10_02.043.fits,60551,2008-12-18T01:10:11.734,54818.04874693,GIRAFFE,ESO-VLT-U2,ADP.2019-01-30T04:10:02.043.fits,182.D-0222(A),SCIENCE_RBNSPEC_STACK,,,,84.8714583333319,-68.9680555555544
ADP.2019-01-30T04_10_02.051.fits,45884,2008-12-18T02:27:39.941,54818.10254562,GIRAFFE,ESO-VLT-U2,ADP.2019-01-30T04:10:02.051.fits,182.D-0222(A),SCIENCE_RBNSPEC_STACK,,,,84.9362499999986,-69.0750277777766
ADP.2019-01-30T04_10_02.059.fits,110939,2008-12-18T01:10:11.734,54818.04874693,GIRAFFE,ESO-VLT-U2,ADP.2019-01-30T04:10:02.059.fits,182.D-0222(A),SCIENCE_RBNSPEC_STACK,,,,84.6359583333319,-68.9538888888877
ADP.2019-01-30T04_10_02.079.fits,58479,2008-12-18T01:10:11.734,54818.04874693,GIRAFFE,ESO-VLT-U2,ADP.2019-01-30T04:10:02.079.fits,182.D-0222(A),SCIENCE_RBNSPEC_STACK,,,,84.7314166666652,-68.9822222222211
ADP.2019-01-30T04_10_02.083.fits,60551,2008-12-18T02:27:39.941,54818.10254562,GIRAFFE,ESO-VLT-U2,ADP.2019-01-30T04:10:02.083.fits,182.D-0222(A),SCIENCE_RBNSPEC_STACK,,,,84.8714583333319,-68.9680555555544
ADP.2019-01-30T04_10_02.099.fits,134390,2008-12-18T03:53:46.145,54818.16233965,GIRAFFE,ESO-VLT-U2,ADP.2019-01-30T04:10:02.099.fits,182.D-0222(A),SCIENCE_RBNSPEC_STACK,,,,84.6765416666652,-69.0786388888877
ADP.2019-01-30T04_10_02.103.fits,55565,2008-12-18T01:10:11.734,54818.04874693,GIRAFFE,ESO-VLT-U2,ADP.2019-01-30T04:10:02.103.fits,182.D-0222(A),SCIENCE_RBNSPEC_STACK,,,,84.8866666666652,-69.0020277777766
ADP.2019-01-30T04_10_02.107.fits,246542,2008-12-18T01:10:11.734,54818.04874693,GIRAFFE,ESO-VLT-U2,ADP.2019-01-30T04:10:02.107.fits,182.D-0222(A),SCIENCE_RBNSPEC_STACK,,,,84.3621666666652,-69.0622499999988
ADP.2019-01-30T04_10_02.115.fits,136680,2008-12-18T01:10:11.734,54818.04874693,GIRAFFE,ESO-VLT-U2,ADP.2019-01-30T04:10:02.115.fits,182.D-0222(A),SCIENCE_RBNSPEC_STACK,,,,85.0032083333319,-69.0277499999988
ADP.2019-01-30T04_10_02.119.fits,454670,2008-12-18T01:10:11.734,54818.04874693,GIRAFFE,ESO-VLT-U2,ADP.2019-01-30T04:10:02.119.fits,182.D-0222(A),SCIENCE_RBNSPEC_STACK,,,,84.5640833333319,-69.0676388888877
ADP.2019-01-30T04_10_02.127.fits,30346,2008-12-18T03:53:46.145,54818.16233965,GIRAFFE,ESO-VLT-U2,ADP.2019-01-30T04:10:02.127.fits,182.D-0222(A),SCIENCE_RBNSPEC_STACK,,,,84.9132083333319,-69.1986666666655
ADP.2019-01-30T04_10_02.131.fits,124,2008-12-18T02:27:39.941,54818.10254562,GIRAFFE,ESO-VLT-U2,ADP.2019-01-30T04:10:02.131.fits,182.D-0222(A),SCIENCE_RBNSPEC_STACK,,,,84.6682083333319,-69.095472222221
ADP.2019-01-30T04_10_02.135.fits,102329,2008-12-18T02:27:39.941,54818.10254562,GIRAFFE,ESO-VLT-U2,ADP.2019-01-30T04:10:02.135.fits,182.D-0222(A),SCIENCE_RBNSPEC_STACK,,,,84.6877916666652,-69.0709722222211
ADP.2019-01-30T04_10_02.139.fits,101437,2008-12-18T03:53:46.145,54818.16233965,GIRAFFE,ESO-VLT-U2,ADP.2019-01-30T04:10:02.139.fits,182.D-0222(A),SCIENCE_RBNSPEC_STACK,,,,84.9004999999986,-69.0830555555544
ADP.2019-01-30T04_10_02.151.fits,244070,2008-12-18T03:53:46.145,54818.16233965,GIRAFFE,ESO-VLT-U2,ADP.2019-01-30T04:10:02.151.fits,182.D-0222(A),SCIENCE_RBNSPEC_STACK,,,,84.5722916666652,-69.0799722222211
ADP.2019-01-30T04_10_02.155.fits,935941,2008-12-18T03:53:46.145,54818.16233965,GIRAFFE,ESO-VLT-U2,ADP.2019-01-30T04:10:02.155.fits,182.D-0222(A),SCIENCE_RBNSPEC_STACK,,,,84.5514166666652,-69.0159166666655
ADP.2019-01-30T04_10_02.159.fits,302677,2008-12-18T02:27:39.941,54818.10254562,GIRAFFE,ESO-VLT-U2,ADP.2019-01-30T04:10:02.159.fits,182.D-0222(A),SCIENCE_RBNSPEC_STACK,,,,84.4720833333319,-69.2159166666655
ADP.2019-01-30T04_10_02.175.fits,267,2008-12-18T01:10:11.734,54818.04874693,GIRAFFE,ESO-VLT-U2,ADP.2019-01-30T04:10:02.175.fits,182.D-0222(A),SCIENCE_RBNSPEC_STACK,,,,84.6906666666653,-69.0869999999988
ADP.2019-01-30T04_10_02.195.fits,229695,2008-12-18T02:27:39.941,54818.10254562,GIRAFFE,ESO-VLT-U2,ADP.2019-01-30T04:10:02.195.fits,182.D-0222(A),SCIENCE_RBNSPEC_STACK,,,,84.4227916666652,-69.1796944444433
ADP.2019-01-30T04_10_02.199.fits,233,2008-12-18T03:53:46.145,54818.16233965,GIRAFFE,ESO-VLT-U2,ADP.2019-01-30T04:10:02.199.fits,182.D-0222(A),SCIENCE_RBNSPEC_STACK,,,,84.6584166666652,-69.0856944444433
ADP.2019-01-30T04_10_02.211.fits,25783,2008-12-18T01:10:11.734,54818.04874693,GIRAFFE,ESO-VLT-U2,ADP.2019-01-30T04:10:02.211.fits,182.D-0222(A),SCIENCE_RBNSPEC_STACK,,,,84.8497499999986,-69.2323055555544
ADP.2019-01-30T04_10_02.215.fits,356,2008-12-18T02:27:39.941,54818.10254562,GIRAFFE,ESO-VLT-U2,ADP.2019-01-30T04:10:02.215.fits,182.D-0222(A),SCIENCE_RBNSPEC_STACK,,,,84.6891666666652,-69.0943611111099
ADP.2019-01-30T04_10_02.231.fits,45887,2008-12-18T03:53:46.145,54818.16233965,GIRAFFE,ESO-VLT-U2,ADP.2019-01-30T04:10:02.231.fits,182.D-0222(A),SCIENCE_RBNSPEC_STACK,,,,84.9155833333319,-69.0750555555544
ADP.2019-01-30T04_10_02.243.fits,225645,2008-12-18T01:10:11.734,54818.04874693,GIRAFFE,ESO-VLT-U2,ADP.2019-01-30T04:10:02.243.fits,182.D-0222(A),SCIENCE_RBNSPEC_STACK,,,,84.4563333333319,-69.2091944444433
ADP.2019-01-30T04_10_02.247.fits,293,2008-12-18T03:53:46.145,54818.16233965,GIRAFFE,ESO-VLT-U2,ADP.2019-01-30T04:10:02.247.fits,182.D-0222(A),SCIENCE_RBNSPEC_STACK,,,,84.6890833333319,-69.0901111111099
ADP.2019-01-30T04_10_02.251.fits,440,2008-12-18T03:53:46.145,54818.16233965,GIRAFFE,ESO-VLT-U2,ADP.2019-01-30T04:10:02.251.fits,182.D-0222(A),SCIENCE_RBNSPEC_STACK,,,,84.6865416666652,-69.1159722222211
ADP.2019-01-30T04_10_02.255.fits,137867,2008-12-18T01:10:11.734,54818.04874693,GIRAFFE,ESO-VLT-U2,ADP.2019-01-30T04:10:02.255.fits,182.D-0222(A),SCIENCE_RBNSPEC_STACK,,,,84.8519166666652,-68.9996111111099
ADP.2019-01-30T04_10_02.266.fits,236614,2008-12-18T02:27:39.941,54818.10254562,GIRAFFE,ESO-VLT-U2,ADP.2019-01-30T04:10:02.266.fits,182.D-0222(A),SCIENCE_RBNSPEC_STACK,,,,84.3976666666652,-69.1325277777766
ADP.2019-01-30T04_10_02.278.fits,243181,2008-12-18T01:10:11.734,54818.04874693,GIRAFFE,ESO-VLT-U2,ADP.2019-01-30T04:10:02.278.fits,182.D-0222(A),SCIENCE_RBNSPEC_STACK,,,,84.2856666666652,-69.0861111111099
ADP.2019-01-30T04_10_02.294.fits,40,2008-12-18T02:27:39.941,54818.10254562,GIRAFFE,ESO-VLT-U2,ADP.2019-01-30T04:10:02.294.fits,182.D-0222(A),SCIENCE_RBNSPEC_STACK,,,,84.6924583333319,-69.1048055555544
ADP.2019-01-30T04_10_02.314.fits,234840,2008-12-18T01:10:11.734,54818.04874693,GIRAFFE,ESO-VLT-U2,ADP.2019-01-30T04:10:02.314.fits,182.D-0222(A),SCIENCE_RBNSPEC_STACK,,,,84.4132916666653,-69.1446944444433
ADP.2019-01-30T04_10_02.326.fits,239567,2008-12-18T02:27:39.941,54818.10254562,GIRAFFE,ESO-VLT-U2,ADP.2019-01-30T04:10:02.326.fits,182.D-0222(A),SCIENCE_RBNSPEC_STACK,,,,84.2604166666652,-69.1121388888877
ADP.2019-01-30T04_10_02.334.fits,102764,2008-12-18T03:53:46.145,54818.16233965,GIRAFFE,ESO-VLT-U2,ADP.2019-01-30T04:10:02.334.fits,182.D-0222(A),SCIENCE_RBNSPEC_STACK,,,,84.6470416666652,-69.0650277777766
ADP.2019-01-30T04_10_02.338.fits,243607,2008-12-18T01:10:11.734,54818.04874693,GIRAFFE,ESO-VLT-U2,ADP.2019-01-30T04:10:02.338.fits,182.D-0222(A),SCIENCE_RBNSPEC_STACK,,,,84.2706666666652,-69.0829444444433
ADP.2019-01-30T04_10_02.342.fits,99211,2008-12-18T02:27:39.941,54818.10254562,GIRAFFE,ESO-VLT-U2,ADP.2019-01-30T04:10:02.342.fits,182.D-0222(A),SCIENCE_RBNSPEC_STACK,,,,84.6733333333319,-69.1173333333322
ADP.2019-01-30T04_10_02.350.fits,24812,2008-12-18T01:10:11.734,54818.04874693,GIRAFFE,ESO-VLT-U2,ADP.2019-01-30T04:10:02.350.fits,182.D-0222(A),SCIENCE_RBNSPEC_STACK,,,,84.8286666666652,-69.2387222222211
ADP.2019-01-30T04_10_02.358.fits,313830,2008-12-18T02:27:39.941,54818.10254562,GIRAFFE,ESO-VLT-U2,ADP.2019-01-30T04:10:02.358.fits,182.D-0222(A),SCIENCE_RBNSPEC_STACK,,,,84.3210416666653,-69.1166388888877
ADP.2019-01-30T04_10_02.362.fits,231565,2008-12-18T02:27:39.941,54818.10254562,GIRAFFE,ESO-VLT-U2,ADP.2019-01-30T04:10:02.362.fits,182.D-0222(A),SCIENCE_RBNSPEC_STACK,,,,84.4021666666652,-69.1664722222211
ADP.2019-01-30T04_10_02.374.fits,58368,2008-12-18T02:27:39.941,54818.10254562,GIRAFFE,ESO-VLT-U2,ADP.2019-01-30T04:10:02.374.fits,182.D-0222(A),SCIENCE_RBNSPEC_STACK,,,,84.8753749999986,-68.9826944444433
ADP.2019-01-30T04_10_02.382.fits,50229,2008-12-18T01:10:11.734,54818.04874693,GIRAFFE,ESO-VLT-U2,ADP.2019-01-30T04:10:02.382.fits,182.D-0222(A),SCIENCE_RBNSPEC_STACK,,,,84.9809166666652,-69.040722222221
ADP.2019-01-30T04_10_02.390.fits,376883,2008-12-18T03:53:46.145,54818.16233965,GIRAFFE,ESO-VLT-U2,ADP.2019-01-30T04:10:02.390.fits,182.D-0222(A),SCIENCE_RBNSPEC_STACK,,,,84.5759583333319,-69.0673333333322
ADP.2019-01-30T04_10_02.398.fits,152071,2008-12-18T03:53:46.145,54818.16233965,GIRAFFE,ESO-VLT-U2,ADP.2019-01-30T04:10:02.398.fits,182.D-0222(A),SCIENCE_RBNSPEC_STACK,,,,84.7454166666652,-69.1116944444433
ADP.2019-01-30T04_10_02.406.fits,327865,2008-12-18T02:27:39.941,54818.10254562,GIRAFFE,ESO-VLT-U2,ADP.2019-01-30T04:10:02.406.fits,182.D-0222(A),SCIENCE_RBNSPEC_STACK,,,,84.4889166666652,-68.9782777777766
ADP.2019-01-30T04_10_02.410.fits,41133,2008-12-18T02:27:39.941,54818.10254562,GIRAFFE,ESO-VLT-U2,ADP.2019-01-30T04:10:02.410.fits,182.D-0222(A),SCIENCE_RBNSPEC_STACK,,,,84.7254999999986,-69.114722222221
ADP.2019-01-30T04_10_02.414.fits,47673,2008-12-18T03:53:46.145,54818.16233965,GIRAFFE,ESO-VLT-U2,ADP.2019-01-30T04:10:02.414.fits,182.D-0222(A),SCIENCE_RBNSPEC_STACK,,,,84.6091249999986,-69.0607499999988
ADP.2019-01-30T04_10_02.422.fits,239854,2008-12-18T02:27:39.941,54818.10254562,GIRAFFE,ESO-VLT-U2,ADP.2019-01-30T04:10:02.422.fits,182.D-0222(A),SCIENCE_RBNSPEC_STACK,,,,84.4342083333319,-69.1103333333322
ADP.2019-01-30T04_10_02.438.fits,39087,2008-12-18T03:53:46.145,54818.16233965,GIRAFFE,ESO-VLT-U2,ADP.2019-01-30T04:10:02.438.fits,182.D-0222(A),SCIENCE_RBNSPEC_STACK,,,,84.6655416666652,-69.132222222221
ADP.2019-01-30T04_10_02.442.fits,229572,2008-12-18T01:10:11.734,54818.04874693,GIRAFFE,ESO-VLT-U2,ADP.2019-01-30T04:10:02.442.fits,182.D-0222(A),SCIENCE_RBNSPEC_STACK,,,,84.4319999999986,-69.1806666666655
ADP.2019-01-30T04_10_02.446.fits,244323,2008-12-18T03:53:46.145,54818.16233965,GIRAFFE,ESO-VLT-U2,ADP.2019-01-30T04:10:02.446.fits,182.D-0222(A),SCIENCE_RBNSPEC_STACK,,,,84.4203749999986,-69.0781944444433
ADP.2019-01-30T04_10_02.454.fits,40236,2008-12-18T03:53:46.145,54818.16233965,GIRAFFE,ESO-VLT-U2,ADP.2019-01-30T04:10:02.454.fits,182.D-0222(A),SCIENCE_RBNSPEC_STACK,,,,84.7359166666652,-69.1221111111099
ADP.2019-01-30T04_10_02.462.fits,237407,2008-12-18T01:10:11.734,54818.04874693,GIRAFFE,ESO-VLT-U2,ADP.2019-01-30T04:10:02.462.fits,182.D-0222(A),SCIENCE_RBNSPEC_STACK,,,,84.2978333333319,-69.1272499999988
ADP.2019-01-30T04_10_02.466.fits,58163,2008-12-18T01:10:11.734,54818.04874693,GIRAFFE,ESO-VLT-U2,ADP.2019-01-30T04:10:02.466.fits,182.D-0222(A),SCIENCE_RBNSPEC_STACK,,,,84.8019166666652,-68.9843888888877
ADP.2019-01-30T04_10_02.474.fits,25618,2008-12-18T02:27:39.941,54818.10254562,GIRAFFE,ESO-VLT-U2,ADP.2019-01-30T04:10:02.474.fits,182.D-0222(A),SCIENCE_RBNSPEC_STACK,,,,84.6298333333319,-69.2338333333322
ADP.2019-01-30T04_10_02.478.fits,327865,2008-12-18T01:10:11.734,54818.04874693,GIRAFFE,ESO-VLT-U2,ADP.2019-01-30T04:10:02.478.fits,182.D-0222(A),SCIENCE_RBNSPEC_STACK,,,,84.4889166666652,-68.9782777777766
ADP.2019-01-30T04_10_02.482.fits,68,2008-12-18T01:10:11.734,54818.04874693,GIRAFFE,ESO-VLT-U2,ADP.2019-01-30T04:10:02.482.fits,182.D-0222(A),SCIENCE_RBNSPEC_STACK,,,,84.6739583333319,-69.1069166666655
ADP.2019-01-30T04_10_02.486.fits,247355,2008-12-18T01:10:11.734,54818.04874693,GIRAFFE,ESO-VLT-U2,ADP.2019-01-30T04:10:02.486.fits,182.D-0222(A),SCIENCE_RBNSPEC_STACK,,,,84.3784583333319,-69.0560833333322
ADP.2019-01-30T04_10_02.498.fits,236614,2008-12-18T01:10:11.734,54818.04874693,GIRAFFE,ESO-VLT-U2,ADP.2019-01-30T04:10:02.498.fits,182.D-0222(A),SCIENCE_RBNSPEC_STACK,,,,84.3976666666652,-69.1325277777766
ADP.2019-01-30T04_10_02.510.fits,373237,2008-12-18T03:53:46.145,54818.16233965,GIRAFFE,ESO-VLT-U2,ADP.2019-01-30T04:10:02.510.fits,182.D-0222(A),SCIENCE_RBNSPEC_STACK,,,,84.5206666666652,-69.1261666666655
ADP.2019-01-30T04_10_02.514.fits,377,2008-12-18T03:53:46.145,54818.16233965,GIRAFFE,ESO-VLT-U2,ADP.2019-01-30T04:10:02.514.fits,182.D-0222(A),SCIENCE_RBNSPEC_STACK,,,,84.6267916666652,-69.0915277777766
ADP.2019-01-30T04_10_02.522.fits,61862,2008-12-18T02:27:39.941,54818.10254562,GIRAFFE,ESO-VLT-U2,ADP.2019-01-30T04:10:02.522.fits,182.D-0222(A),SCIENCE_RBNSPEC_STACK,,,,84.8241666666652,-68.9593333333322
ADP.2019-01-30T04_10_02.526.fits,380195,2008-12-18T03:53:46.145,54818.16233965,GIRAFFE,ESO-VLT-U2,ADP.2019-01-30T04:10:02.526.fits,182.D-0222(A),SCIENCE_RBNSPEC_STACK,,,,84.5326249999986,-69.0158611111099
ADP.2019-01-30T04_10_02.534.fits,28715,2008-12-18T01:10:11.734,54818.04874693,GIRAFFE,ESO-VLT-U2,ADP.2019-01-30T04:10:02.534.fits,182.D-0222(A),SCIENCE_RBNSPEC_STACK,,,,84.8529999999986,-69.210972222221
ADP.2019-01-30T04_10_02.542.fits,234297,2008-12-18T03:53:46.145,54818.16233965,GIRAFFE,ESO-VLT-U2,ADP.2019-01-30T04:10:02.542.fits,182.D-0222(A),SCIENCE_RBNSPEC_STACK,,,,84.4599583333319,-69.1484444444433
ADP.2019-01-30T04_10_02.546.fits,24,2008-12-18T01:10:11.734,54818.04874693,GIRAFFE,ESO-VLT-U2,ADP.2019-01-30T04:10:02.546.fits,182.D-0222(A),SCIENCE_RBNSPEC_STACK,,,,84.6795833333319,-69.0963055555544
ADP.2019-01-30T04_10_02.550.fits,313830,2008-12-18T01:10:11.734,54818.04874693,GIRAFFE,ESO-VLT-U2,ADP.2019-01-30T04:10:02.550.fits,182.D-0222(A),SCIENCE_RBNSPEC_STACK,,,,84.3210416666653,-69.1166388888877
ADP.2019-01-30T04_10_02.554.fits,228820,2008-12-18T02:27:39.941,54818.10254562,GIRAFFE,ESO-VLT-U2,ADP.2019-01-30T04:10:02.554.fits,182.D-0222(A),SCIENCE_RBNSPEC_STACK,,,,84.4412916666653,-69.1859166666655
ADP.2019-01-30T04_10_02.558.fits,45374,2008-12-18T01:10:11.734,54818.04874693,GIRAFFE,ESO-VLT-U2,ADP.2019-01-30T04:10:02.558.fits,182.D-0222(A),SCIENCE_RBNSPEC_STACK,,,,84.6807083333319,-69.0795277777766
ADP.2019-01-30T04_10_02.566.fits,99211,2008-12-18T01:10:11.734,54818.04874693,GIRAFFE,ESO-VLT-U2,ADP.2019-01-30T04:10:02.566.fits,182.D-0222(A),SCIENCE_RBNSPEC_STACK,,,,84.6733333333319,-69.1173333333322
ADP.2019-01-30T04_10_02.582.fits,101866,2008-12-18T03:53:46.145,54818.16233965,GIRAFFE,ESO-VLT-U2,ADP.2019-01-30T04:10:02.582.fits,182.D-0222(A),SCIENCE_RBNSPEC_STACK,,,,84.6390833333319,-69.0773055555544
ADP.2019-01-30T04_10_02.586.fits,61315,2008-12-18T01:10:11.734,54818.04874693,GIRAFFE,ESO-VLT-U2,ADP.2019-01-30T04:10:02.586.fits,182.D-0222(A),SCIENCE_RBNSPEC_STACK,,,,84.7879999999986,-68.9631111111099
ADP.2019-01-30T04_10_02.590.fits,221916,2008-12-18T02:27:39.941,54818.10254562,GIRAFFE,ESO-VLT-U2,ADP.2019-01-30T04:10:02.590.fits,182.D-0222(A),SCIENCE_RBNSPEC_STACK,,,,84.5276249999986,-69.2352499999988
ADP.2019-01-30T04_10_02.602.fits,24429,2008-12-18T02:27:39.941,54818.10254562,GIRAFFE,ESO-VLT-U2,ADP.2019-01-30T04:10:02.602.fits,182.D-0222(A),SCIENCE_RBNSPEC_STACK,,,,84.7590833333319,-69.2414722222211
ADP.2019-01-30T04_10_02.618.fits,38082,2008-12-18T03:53:46.145,54818.16233965,GIRAFFE,ESO-VLT-U2,ADP.2019-01-30T04:10:02.618.fits,182.D-0222(A),SCIENCE_RBNSPEC_STACK,,,,84.6696666666652,-69.1402499999988
ADP.2019-01-30T04_10_02.622.fits,237812,2008-12-18T03:53:46.145,54818.16233965,GIRAFFE,ESO-VLT-U2,ADP.2019-01-30T04:10:02.622.fits,182.D-0222(A),SCIENCE_RBNSPEC_STACK,,,,84.4238333333319,-69.1244722222211
ADP.2019-01-30T04_10_02.626.fits,236242,2008-12-18T01:10:11.734,54818.04874693,GIRAFFE,ESO-VLT-U2,ADP.2019-01-30T04:10:02.626.fits,182.D-0222(A),SCIENCE_RBNSPEC_STACK,,,,84.2677499999986,-69.1348888888877
ADP.2019-01-30T04_10_02.634.fits,315840,2008-12-18T03:53:46.145,54818.16233965,GIRAFFE,ESO-VLT-U2,ADP.2019-01-30T04:10:02.634.fits,182.D-0222(A),SCIENCE_RBNSPEC_STACK,,,,84.4075416666652,-69.0959722222211
ADP.2019-01-30T04_10_02.646.fits,151875,2008-12-18T02:27:39.941,54818.10254562,GIRAFFE,ESO-VLT-U2,ADP.2019-01-30T04:10:02.646.fits,182.D-0222(A),SCIENCE_RBNSPEC_STACK,,,,84.6659166666652,-69.1196944444433
ADP.2019-01-30T04_10_02.666.fits,374413,2008-12-18T03:53:46.145,54818.16233965,GIRAFFE,ESO-VLT-U2,ADP.2019-01-30T04:10:02.666.fits,182.D-0222(A),SCIENCE_RBNSPEC_STACK,,,,84.4332499999986,-69.1095555555544
ADP.2019-01-30T04_10_02.670.fits,105279,2008-12-18T03:53:46.145,54818.16233965,GIRAFFE,ESO-VLT-U2,ADP.2019-01-30T04:10:02.670.fits,182.D-0222(A),SCIENCE_RBNSPEC_STACK,,,,84.6697916666652,-69.0302222222211
ADP.2019-01-30T04_10_02.678.fits,235547,2008-12-18T01:10:11.734,54818.04874693,GIRAFFE,ESO-VLT-U2,ADP.2019-01-30T04:10:02.678.fits,182.D-0222(A),SCIENCE_RBNSPEC_STACK,,,,84.2629583333319,-69.1395833333322
ADP.2019-01-30T04_10_02.682.fits,247355,2008-12-18T02:27:39.941,54818.10254562,GIRAFFE,ESO-VLT-U2,ADP.2019-01-30T04:10:02.682.fits,182.D-0222(A),SCIENCE_RBNSPEC_STACK,,,,84.3784583333319,-69.0560833333322
ADP.2019-01-30T04_10_02.690.fits,237407,2008-12-18T02:27:39.941,54818.10254562,GIRAFFE,ESO-VLT-U2,ADP.2019-01-30T04:10:02.690.fits,182.D-0222(A),SCIENCE_RBNSPEC_STACK,,,,84.2978333333319,-69.1272499999988
ADP.2019-01-30T04_10_02.694.fits,58479,2008-12-18T02:27:39.941,54818.10254562,GIRAFFE,ESO-VLT-U2,ADP.2019-01-30T04:10:02.694.fits,182.D-0222(A),SCIENCE_RBNSPEC_STACK,,,,84.7314166666652,-68.9822222222211
ADP.2019-01-30T04_10_02.698.fits,134320,2008-12-18T01:10:11.734,54818.04874693,GIRAFFE,ESO-VLT-U2,ADP.2019-01-30T04:10:02.698.fits,182.D-0222(A),SCIENCE_RBNSPEC_STACK,,,,84.6512916666652,-69.0801666666655
ADP.2019-01-30T04_10_02.702.fits,239567,2008-12-18T01:10:11.734,54818.04874693,GIRAFFE,ESO-VLT-U2,ADP.2019-01-30T04:10:02.702.fits,182.D-0222(A),SCIENCE_RBNSPEC_STACK,,,,84.2604166666652,-69.1121388888877
ADP.2019-01-30T04_10_02.714.fits,245935,2008-12-18T03:53:46.145,54818.16233965,GIRAFFE,ESO-VLT-U2,ADP.2019-01-30T04:10:02.714.fits,182.D-0222(A),SCIENCE_RBNSPEC_STACK,,,,84.5034583333319,-69.0666111111099
ADP.2019-01-30T04_10_02.722.fits,34677,2008-12-18T03:53:46.145,54818.16233965,GIRAFFE,ESO-VLT-U2,ADP.2019-01-30T04:10:02.722.fits,182.D-0222(A),SCIENCE_RBNSPEC_STACK,,,,84.7751249999986,-69.1662222222211
ADP.2019-01-30T04_10_02.730.fits,404,2008-12-18T01:10:11.734,54818.04874693,GIRAFFE,ESO-VLT-U2,ADP.2019-01-30T04:10:02.730.fits,182.D-0222(A),SCIENCE_RBNSPEC_STACK,,,,84.7021249999986,-69.0945277777766
ADP.2019-01-30T04_10_02.742.fits,93864,2008-12-18T03:53:46.145,54818.16233965,GIRAFFE,ESO-VLT-U2,ADP.2019-01-30T04:10:02.742.fits,182.D-0222(A),SCIENCE_RBNSPEC_STACK,,,,84.9257083333319,-69.1968888888877
ADP.2019-01-30T04_10_02.746.fits,200,2008-12-18T03:53:46.145,54818.16233965,GIRAFFE,ESO-VLT-U2,ADP.2019-01-30T04:10:02.746.fits,182.D-0222(A),SCIENCE_RBNSPEC_STACK,,,,84.7132083333319,-69.0949444444433
ADP.2019-01-30T04_10_02.754.fits,40791,2008-12-18T03:53:46.145,54818.16233965,GIRAFFE,ESO-VLT-U2,ADP.2019-01-30T04:10:02.754.fits,182.D-0222(A),SCIENCE_RBNSPEC_STACK,,,,84.9133749999986,-69.1171944444433
ADP.2019-01-30T04_10_02.770.fits,38394,2008-12-18T02:27:39.941,54818.10254562,GIRAFFE,ESO-VLT-U2,ADP.2019-01-30T04:10:02.770.fits,182.D-0222(A),SCIENCE_RBNSPEC_STACK,,,,85.0535416666652,-69.1370833333322
ADP.2019-01-30T04_10_02.782.fits,371296,2008-12-18T03:53:46.145,54818.16233965,GIRAFFE,ESO-VLT-U2,ADP.2019-01-30T04:10:02.782.fits,182.D-0222(A),SCIENCE_RBNSPEC_STACK,,,,84.4533749999986,-69.1543888888877
ADP.2019-01-30T04_10_02.790.fits,301321,2008-12-18T02:27:39.941,54818.10254562,GIRAFFE,ESO-VLT-U2,ADP.2019-01-30T04:10:02.790.fits,182.D-0222(A),SCIENCE_RBNSPEC_STACK,,,,84.5510833333319,-69.2278888888877
ADP.2019-01-30T04_10_02.794.fits,58261,2008-12-18T01:10:11.734,54818.04874693,GIRAFFE,ESO-VLT-U2,ADP.2019-01-30T04:10:02.794.fits,182.D-0222(A),SCIENCE_RBNSPEC_STACK,,,,84.5796249999986,-68.9838611111099
ADP.2019-01-30T04_10_02.798.fits,102329,2008-12-18T01:10:11.734,54818.04874693,GIRAFFE,ESO-VLT-U2,ADP.2019-01-30T04:10:02.798.fits,182.D-0222(A),SCIENCE_RBNSPEC_STACK,,,,84.6877916666652,-69.0709722222211
ADP.2019-01-30T04_10_02.802.fits,371428,2008-12-18T01:10:11.734,54818.04874693,GIRAFFE,ESO-VLT-U2,ADP.2019-01-30T04:10:02.802.fits,182.D-0222(A),SCIENCE_RBNSPEC_STACK,,,,84.4438333333319,-69.1524166666655
ADP.2019-01-30T04_10_02.806.fits,24,2008-12-18T02:27:39.941,54818.10254562,GIRAFFE,ESO-VLT-U2,ADP.2019-01-30T04:10:02.806.fits,182.D-0222(A),SCIENCE_RBNSPEC_STACK,,,,84.6795833333319,-69.0963055555544
ADP.2019-01-30T04_10_02.818.fits,49777,2008-12-18T03:53:46.145,54818.16233965,GIRAFFE,ESO-VLT-U2,ADP.2019-01-30T04:10:02.818.fits,182.D-0222(A),SCIENCE_RBNSPEC_STACK,,,,84.7217083333319,-69.0446666666655
ADP.2019-01-30T04_10_02.822.fits,99900,2008-12-18T01:10:11.734,54818.04874693,GIRAFFE,ESO-VLT-U2,ADP.2019-01-30T04:10:02.822.fits,182.D-0222(A),SCIENCE_RBNSPEC_STACK,,,,85.0567916666652,-69.1060277777766
ADP.2019-01-30T04_10_02.826.fits,318,2008-12-18T03:53:46.145,54818.16233965,GIRAFFE,ESO-VLT-U2,ADP.2019-01-30T04:10:02.826.fits,182.D-0222(A),SCIENCE_RBNSPEC_STACK,,,,84.6903749999986,-69.1042499999988
ADP.2019-01-30T04_10_02.842.fits,55565,2008-12-18T02:27:39.941,54818.10254562,GIRAFFE,ESO-VLT-U2,ADP.2019-01-30T04:10:02.842.fits,182.D-0222(A),SCIENCE_RBNSPEC_STACK,,,,84.8866666666652,-69.0020277777766
ADP.2019-01-30T04_10_02.846.fits,152251,2008-12-18T03:53:46.145,54818.16233965,GIRAFFE,ESO-VLT-U2,ADP.2019-01-30T04:10:02.846.fits,182.D-0222(A),SCIENCE_RBNSPEC_STACK,,,,84.5882083333319,-69.1047222222211
ADP.2019-01-30T04_10_02.850.fits,131460,2008-12-18T01:10:11.734,54818.04874693,GIRAFFE,ESO-VLT-U2,ADP.2019-01-30T04:10:02.850.fits,182.D-0222(A),SCIENCE_RBNSPEC_STACK,,,,85.0344583333319,-69.1416388888877
ADP.2019-01-30T04_10_02.854.fits,441192,2008-12-18T01:10:11.734,54818.04874693,GIRAFFE,ESO-VLT-U2,ADP.2019-01-30T04:10:02.854.fits,182.D-0222(A),SCIENCE_RBNSPEC_STACK,,,,84.2869999999986,-69.1223055555544
ADP.2019-01-30T04_10_02.858.fits,32113,2008-12-18T03:53:46.145,54818.16233965,GIRAFFE,ESO-VLT-U2,ADP.2019-01-30T04:10:02.858.fits,182.D-0222(A),SCIENCE_RBNSPEC_STACK,,,,84.7264999999986,-69.1861388888877
ADP.2019-01-30T04_10_02.862.fits,231070,2008-12-18T02:27:39.941,54818.10254562,GIRAFFE,ESO-VLT-U2,ADP.2019-01-30T04:10:02.862.fits,182.D-0222(A),SCIENCE_RBNSPEC_STACK,,,,84.4157499999986,-69.1700277777766
ADP.2019-01-30T04_10_02.866.fits,135981,2008-12-18T03:53:46.145,54818.16233965,GIRAFFE,ESO-VLT-U2,ADP.2019-01-30T04:10:02.866.fits,182.D-0222(A),SCIENCE_RBNSPEC_STACK,,,,84.6945833333319,-69.0445833333322
ADP.2019-01-30T04_10_02.870.fits,230995,2008-12-18T03:53:46.145,54818.16233965,GIRAFFE,ESO-VLT-U2,ADP.2019-01-30T04:10:02.870.fits,182.D-0222(A),SCIENCE_RBNSPEC_STACK,,,,84.5388333333319,-69.1706388888877
ADP.2019-01-30T04_10_02.874.fits,229695,2008-12-18T01:10:11.734,54818.04874693,GIRAFFE,ESO-VLT-U2,ADP.2019-01-30T04:10:02.874.fits,182.D-0222(A),SCIENCE_RBNSPEC_STACK,,,,84.4227916666652,-69.1796944444433
ADP.2019-01-30T04_10_02.886.fits,99900,2008-12-18T02:27:39.941,54818.10254562,GIRAFFE,ESO-VLT-U2,ADP.2019-01-30T04:10:02.886.fits,182.D-0222(A),SCIENCE_RBNSPEC_STACK,,,,85.0567916666652,-69.1060277777766
ADP.2019-01-30T04_10_02.890.fits,234192,2008-12-18T01:10:11.734,54818.04874693,GIRAFFE,ESO-VLT-U2,ADP.2019-01-30T04:10:02.890.fits,182.D-0222(A),SCIENCE_RBNSPEC_STACK,,,,84.3591249999986,-69.1490277777766
ADP.2019-01-30T04_10_02.894.fits,301321,2008-12-18T01:10:11.734,54818.04874693,GIRAFFE,ESO-VLT-U2,ADP.2019-01-30T04:10:02.894.fits,182.D-0222(A),SCIENCE_RBNSPEC_STACK,,,,84.5510833333319,-69.2278888888877
ADP.2019-01-30T04_10_02.910.fits,235547,2008-12-18T02:27:39.941,54818.10254562,GIRAFFE,ESO-VLT-U2,ADP.2019-01-30T04:10:02.910.fits,182.D-0222(A),SCIENCE_RBNSPEC_STACK,,,,84.2629583333319,-69.1395833333322
ADP.2019-01-30T04_10_02.918.fits,228820,2008-12-18T01:10:11.734,54818.04874693,GIRAFFE,ESO-VLT-U2,ADP.2019-01-30T04:10:02.918.fits,182.D-0222(A),SCIENCE_RBNSPEC_STACK,,,,84.4412916666653,-69.1859166666655
ADP.2019-01-30T04_10_02.922.fits,61862,2008-12-18T01:10:11.734,54818.04874693,GIRAFFE,ESO-VLT-U2,ADP.2019-01-30T04:10:02.922.fits,182.D-0222(A),SCIENCE_RBNSPEC_STACK,,,,84.8241666666652,-68.9593333333322
ADP.2019-01-30T04_10_02.926.fits,340,2008-12-18T03:53:46.145,54818.16233965,GIRAFFE,ESO-VLT-U2,ADP.2019-01-30T04:10:02.926.fits,182.D-0222(A),SCIENCE_RBNSPEC_STACK,,,,84.6672916666652,-69.0870555555544
ADP.2019-01-30T04_10_02.930.fits,309858,2008-12-18T01:10:11.734,54818.04874693,GIRAFFE,ESO-VLT-U2,ADP.2019-01-30T04:10:02.930.fits,182.D-0222(A),SCIENCE_RBNSPEC_STACK,,,,84.3776249999986,-69.1535833333322
ADP.2019-01-30T04_10_02.934.fits,40,2008-12-18T01:10:11.734,54818.04874693,GIRAFFE,ESO-VLT-U2,ADP.2019-01-30T04:10:02.934.fits,182.D-0222(A),SCIENCE_RBNSPEC_STACK,,,,84.6924583333319,-69.1048055555544
ADP.2019-01-30T04_10_02.938.fits,428,2008-12-18T02:27:39.941,54818.10254562,GIRAFFE,ESO-VLT-U2,ADP.2019-01-30T04:10:02.938.fits,182.D-0222(A),SCIENCE_RBNSPEC_STACK,,,,84.6598333333319,-69.0855555555544
ADP.2019-01-30T04_10_02.942.fits,234812,2008-12-18T03:53:46.145,54818.16233965,GIRAFFE,ESO-VLT-U2,ADP.2019-01-30T04:10:02.942.fits,182.D-0222(A),SCIENCE_RBNSPEC_STACK,,,,84.4758333333319,-69.1448333333322
ADP.2019-01-30T04_10_02.946.fits,26682,2008-12-18T01:10:11.734,54818.04874693,GIRAFFE,ESO-VLT-U2,ADP.2019-01-30T04:10:02.946.fits,182.D-0222(A),SCIENCE_RBNSPEC_STACK,,,,84.9076249999986,-69.2258055555544
ADP.2019-01-30T04_10_02.950.fits,25618,2008-12-18T01:10:11.734,54818.04874693,GIRAFFE,ESO-VLT-U2,ADP.2019-01-30T04:10:02.950.fits,182.D-0222(A),SCIENCE_RBNSPEC_STACK,,,,84.6298333333319,-69.2338333333322
ADP.2019-01-30T04_10_02.954.fits,25783,2008-12-18T02:27:39.941,54818.10254562,GIRAFFE,ESO-VLT-U2,ADP.2019-01-30T04:10:02.954.fits,182.D-0222(A),SCIENCE_RBNSPEC_STACK,,,,84.8497499999986,-69.2323055555544
ADP.2019-01-30T04_10_02.958.fits,50845,2008-12-18T02:27:39.941,54818.10254562,GIRAFFE,ESO-VLT-U2,ADP.2019-01-30T04:10:02.958.fits,182.D-0222(A),SCIENCE_RBNSPEC_STACK,,,,85.0594999999986,-69.0359722222211
ADP.2019-01-30T04_10_02.966.fits,312100,2008-12-18T03:53:46.145,54818.16233965,GIRAFFE,ESO-VLT-U2,ADP.2019-01-30T04:10:02.966.fits,182.D-0222(A),SCIENCE_RBNSPEC_STACK,,,,84.4187499999986,-69.1326944444433
ADP.2019-01-30T04_10_02.970.fits,231565,2008-12-18T01:10:11.734,54818.04874693,GIRAFFE,ESO-VLT-U2,ADP.2019-01-30T04:10:02.970.fits,182.D-0222(A),SCIENCE_RBNSPEC_STACK,,,,84.4021666666652,-69.1664722222211
ADP.2019-01-30T04_10_02.974.fits,234274,2008-12-18T02:27:39.941,54818.10254562,GIRAFFE,ESO-VLT-U2,ADP.2019-01-30T04:10:02.974.fits,182.D-0222(A),SCIENCE_RBNSPEC_STACK,,,,84.4792083333319,-69.1486388888877
ADP.2019-01-30T04_10_02.978.fits,103730,2008-12-18T02:27:39.941,54818.10254562,GIRAFFE,ESO-VLT-U2,ADP.2019-01-30T04:10:02.978.fits,182.D-0222(A),SCIENCE_RBNSPEC_STACK,,,,84.9741666666652,-69.0504999999988
ADP.2019-01-30T04_10_02.982.fits,23374,2008-12-18T01:10:11.734,54818.04874693,GIRAFFE,ESO-VLT-U2,ADP.2019-01-30T04:10:02.982.fits,182.D-0222(A),SCIENCE_RBNSPEC_STACK,,,,84.5984999999986,-69.2491666666655
ADP.2019-01-30T04_10_02.986.fits,39438,2008-12-18T03:53:46.145,54818.16233965,GIRAFFE,ESO-VLT-U2,ADP.2019-01-30T04:10:02.986.fits,182.D-0222(A),SCIENCE_RBNSPEC_STACK,,,,84.7091666666652,-69.1291944444433
ADP.2019-01-30T04_10_02.998.fits,135328,2008-12-18T01:10:11.734,54818.04874693,GIRAFFE,ESO-VLT-U2,ADP.2019-01-30T04:10:02.998.fits,182.D-0222(A),SCIENCE_RBNSPEC_STACK,,,,84.6578749999986,-69.0601944444433
ADP.2019-01-30T05_17_33.313.fits,100034,2008-12-08T06:11:10.130,54808.25775614,GIRAFFE,ESO-VLT-U2,ADP.2019-01-30T05:17:33.313.fits,182.D-0222(A),SCIENCE_RBNSPEC_STACK,,,,84.5869583333319,-69.1047777777766
ADP.2019-01-30T05_17_33.322.fits,234371,2008-12-08T06:11:10.130,54808.25775614,GIRAFFE,ESO-VLT-U2,ADP.2019-01-30T05:17:33.322.fits,182.D-0222(A),SCIENCE_RBNSPEC_STACK,,,,84.5196249999986,-69.1480555555544
ADP.2019-01-30T05_17_33.364.fits,150230,2008-12-08T06:11:10.130,54808.25775614,GIRAFFE,ESO-VLT-U2,ADP.2019-01-30T05:17:33.364.fits,182.D-0222(A),SCIENCE_RBNSPEC_STACK,,,,84.6185416666652,-69.1886388888877
ADP.2019-01-30T05_17_33.380.fits,138,2008-12-08T06:11:10.130,54808.25775614,GIRAFFE,ESO-VLT-U2,ADP.2019-01-30T05:17:33.380.fits,182.D-0222(A),SCIENCE_RBNSPEC_STACK,,,,84.6747499999986,-69.108222222221
ADP.2019-01-30T05_17_33.384.fits,370148,2008-12-08T06:11:10.130,54808.25775614,GIRAFFE,ESO-VLT-U2,ADP.2019-01-30T05:17:33.384.fits,182.D-0222(A),SCIENCE_RBNSPEC_STACK,,,,84.5666666666652,-69.1698055555544
ADP.2019-01-30T05_17_33.388.fits,36320,2008-12-08T06:11:10.130,54808.25775614,GIRAFFE,ESO-VLT-U2,ADP.2019-01-30T05:17:33.388.fits,182.D-0222(A),SCIENCE_RBNSPEC_STACK,,,,84.6216666666652,-69.1538055555544
ADP.2019-01-30T05_17_33.424.fits,42132,2008-12-08T06:11:10.130,54808.25775614,GIRAFFE,ESO-VLT-U2,ADP.2019-01-30T05:17:33.424.fits,182.D-0222(A),SCIENCE_RBNSPEC_STACK,,,,84.7463749999986,-69.1067499999988
ADP.2019-01-30T05_17_33.436.fits,35951,2008-12-08T06:11:10.130,54808.25775614,GIRAFFE,ESO-VLT-U2,ADP.2019-01-30T05:17:33.436.fits,182.D-0222(A),SCIENCE_RBNSPEC_STACK,,,,84.7067916666652,-69.1566666666655
ADP.2019-01-30T05_17_33.448.fits,303,2008-12-08T06:11:10.130,54808.25775614,GIRAFFE,ESO-VLT-U2,ADP.2019-01-30T05:17:33.448.fits,182.D-0222(A),SCIENCE_RBNSPEC_STACK,,,,84.6631249999986,-69.0849166666655
ADP.2019-01-30T05_17_33.452.fits,51341,2008-12-08T06:11:10.130,54808.25775614,GIRAFFE,ESO-VLT-U2,ADP.2019-01-30T05:17:33.452.fits,182.D-0222(A),SCIENCE_RBNSPEC_STACK,,,,84.6743749999986,-69.0329999999989
ADP.2019-01-30T05_17_33.460.fits,151485,2008-12-08T06:11:10.130,54808.25775614,GIRAFFE,ESO-VLT-U2,ADP.2019-01-30T05:17:33.460.fits,182.D-0222(A),SCIENCE_RBNSPEC_STACK,,,,84.7009166666653,-69.1348888888877
ADP.2019-01-30T05_17_33.464.fits,97138,2008-12-08T06:11:10.130,54808.25775614,GIRAFFE,ESO-VLT-U2,ADP.2019-01-30T05:17:33.464.fits,182.D-0222(A),SCIENCE_RBNSPEC_STACK,,,,84.7037083333319,-69.1486666666655
ADP.2019-01-30T05_17_33.496.fits,42864,2008-12-08T06:11:10.130,54808.25775614,GIRAFFE,ESO-VLT-U2,ADP.2019-01-30T05:17:33.496.fits,182.D-0222(A),SCIENCE_RBNSPEC_STACK,,,,84.6066666666652,-69.1011944444433
ADP.2019-01-30T05_17_33.532.fits,317556,2008-12-08T06:11:10.130,54808.25775614,GIRAFFE,ESO-VLT-U2,ADP.2019-01-30T05:17:33.532.fits,182.D-0222(A),SCIENCE_RBNSPEC_STACK,,,,84.4668333333319,-69.0777222222211
ADP.2019-01-30T05_17_33.544.fits,98254,2008-12-08T06:11:10.130,54808.25775614,GIRAFFE,ESO-VLT-U2,ADP.2019-01-30T05:17:33.544.fits,182.D-0222(A),SCIENCE_RBNSPEC_STACK,,,,84.6858749999986,-69.1323888888877
ADP.2019-01-30T05_17_33.548.fits,463286,2008-12-08T06:11:10.130,54808.25775614,GIRAFFE,ESO-VLT-U2,ADP.2019-01-30T05:17:33.548.fits,182.D-0222(A),SCIENCE_RBNSPEC_STACK,,,,84.4174583333319,-69.1794722222211
ADP.2019-01-30T05_17_33.552.fits,443,2008-12-08T06:11:10.130,54808.25775614,GIRAFFE,ESO-VLT-U2,ADP.2019-01-30T05:17:33.552.fits,182.D-0222(A),SCIENCE_RBNSPEC_STACK,,,,84.6885416666652,-69.1152222222211
ADP.2019-01-30T05_17_33.560.fits,51610,2008-12-08T06:11:10.130,54808.25775614,GIRAFFE,ESO-VLT-U2,ADP.2019-01-30T05:17:33.560.fits,182.D-0222(A),SCIENCE_RBNSPEC_STACK,,,,84.5773749999986,-69.0310833333322
ADP.2019-01-30T05_17_33.588.fits,171526,2008-12-08T06:11:10.130,54808.25775614,GIRAFFE,ESO-VLT-U2,ADP.2019-01-30T05:17:33.588.fits,182.D-0222(A),SCIENCE_RBNSPEC_STACK,,,,84.4590833333319,-69.0734444444433
ADP.2019-01-30T05_17_33.640.fits,228937,2008-12-08T06:11:10.130,54808.25775614,GIRAFFE,ESO-VLT-U2,ADP.2019-01-30T05:17:33.640.fits,182.D-0222(A),SCIENCE_RBNSPEC_STACK,,,,84.5761666666652,-69.1851111111099
ADP.2019-01-30T05_17_33.644.fits,40342,2008-12-08T06:11:10.130,54808.25775614,GIRAFFE,ESO-VLT-U2,ADP.2019-01-30T05:17:33.644.fits,182.D-0222(A),SCIENCE_RBNSPEC_STACK,,,,84.6845416666652,-69.1212499999988
ADP.2019-01-30T05_17_33.648.fits,134431,2008-12-08T06:11:10.130,54808.25775614,GIRAFFE,ESO-VLT-U2,ADP.2019-01-30T05:17:33.648.fits,182.D-0222(A),SCIENCE_RBNSPEC_STACK,,,,84.8978749999985,-69.0774166666655
ADP.2019-01-30T05_17_33.680.fits,42222,2008-12-08T06:11:10.130,54808.25775614,GIRAFFE,ESO-VLT-U2,ADP.2019-01-30T05:17:33.680.fits,182.D-0222(A),SCIENCE_RBNSPEC_STACK,,,,84.7919166666652,-69.1059444444433
ADP.2019-01-30T05_17_33.696.fits,214,2008-12-08T06:11:10.130,54808.25775614,GIRAFFE,ESO-VLT-U2,ADP.2019-01-30T05:17:33.696.fits,182.D-0222(A),SCIENCE_RBNSPEC_STACK,,,,84.6543333333319,-69.1140555555544
ADP.2019-01-30T05_17_33.716.fits,278,2008-12-08T06:11:10.130,54808.25775614,GIRAFFE,ESO-VLT-U2,ADP.2019-01-30T05:17:33.716.fits,182.D-0222(A),SCIENCE_RBNSPEC_STACK,,,,84.6624999999986,-69.11636111111
ADP.2019-01-30T05_17_33.720.fits,233396,2008-12-08T06:11:10.130,54808.25775614,GIRAFFE,ESO-VLT-U2,ADP.2019-01-30T05:17:33.720.fits,182.D-0222(A),SCIENCE_RBNSPEC_STACK,,,,84.5671249999986,-69.1546666666655
ADP.2019-01-30T05_17_33.744.fits,270,2008-12-08T06:11:10.130,54808.25775614,GIRAFFE,ESO-VLT-U2,ADP.2019-01-30T05:17:33.744.fits,182.D-0222(A),SCIENCE_RBNSPEC_STACK,,,,84.6954166666652,-69.0996388888877
ADP.2019-01-30T05_17_33.776.fits,238361,2008-12-08T06:11:10.130,54808.25775614,GIRAFFE,ESO-VLT-U2,ADP.2019-01-30T05:17:33.776.fits,182.D-0222(A),SCIENCE_RBNSPEC_STACK,,,,84.4259583333319,-69.1206388888877
ADP.2019-01-30T05_17_33.804.fits,241786,2008-12-08T06:11:10.130,54808.25775614,GIRAFFE,ESO-VLT-U2,ADP.2019-01-30T05:17:33.804.fits,182.D-0222(A),SCIENCE_RBNSPEC_STACK,,,,84.4758333333319,-69.0961388888877
ADP.2019-01-30T05_17_33.820.fits,31717,2008-12-08T06:11:10.130,54808.25775614,GIRAFFE,ESO-VLT-U2,ADP.2019-01-30T05:17:33.820.fits,182.D-0222(A),SCIENCE_RBNSPEC_STACK,,,,84.6614999999986,-69.1889722222211
ADP.2019-01-30T05_17_33.824.fits,314525,2008-12-08T06:11:10.130,54808.25775614,GIRAFFE,ESO-VLT-U2,ADP.2019-01-30T05:17:33.824.fits,182.D-0222(A),SCIENCE_RBNSPEC_STACK,,,,84.5501249999986,-69.1095277777766
ADP.2019-01-30T05_17_33.832.fits,52032,2008-12-08T06:11:10.130,54808.25775614,GIRAFFE,ESO-VLT-U2,ADP.2019-01-30T05:17:33.832.fits,182.D-0222(A),SCIENCE_RBNSPEC_STACK,,,,84.7500416666652,-69.0276944444433
ADP.2019-01-30T05_17_33.836.fits,171354,2008-12-08T06:11:10.130,54808.25775614,GIRAFFE,ESO-VLT-U2,ADP.2019-01-30T05:17:33.836.fits,182.D-0222(A),SCIENCE_RBNSPEC_STACK,,,,84.7698333333319,-69.0693888888877
ADP.2019-01-30T05_17_33.856.fits,227,2008-12-08T06:11:10.130,54808.25775614,GIRAFFE,ESO-VLT-U2,ADP.2019-01-30T05:17:33.856.fits,182.D-0222(A),SCIENCE_RBNSPEC_STACK,,,,84.6397916666653,-69.0893611111099
ADP.2019-01-30T05_17_33.880.fits,237253,2008-12-08T06:11:10.130,54808.25775614,GIRAFFE,ESO-VLT-U2,ADP.2019-01-30T05:17:33.880.fits,182.D-0222(A),SCIENCE_RBNSPEC_STACK,,,,84.4583333333319,-69.1283611111099
ADP.2019-01-30T05_17_33.884.fits,307084,2008-12-08T06:11:10.130,54808.25775614,GIRAFFE,ESO-VLT-U2,ADP.2019-01-30T05:17:33.884.fits,182.D-0222(A),SCIENCE_RBNSPEC_STACK,,,,84.5369166666652,-69.1777777777766
ADP.2019-01-30T05_17_33.888.fits,33823,2008-12-08T06:11:10.130,54808.25775614,GIRAFFE,ESO-VLT-U2,ADP.2019-01-30T05:17:33.888.fits,182.D-0222(A),SCIENCE_RBNSPEC_STACK,,,,84.6386249999986,-69.1733333333322
ADP.2019-01-30T05_17_33.916.fits,415879,2008-12-08T06:11:10.130,54808.25775614,GIRAFFE,ESO-VLT-U2,ADP.2019-01-30T05:17:33.916.fits,182.D-0222(A),SCIENCE_RBNSPEC_STACK,,,,84.4626249999986,-69.1029444444433
ADP.2019-01-30T05_17_33.944.fits,318273,2008-12-08T06:11:10.130,54808.25775614,GIRAFFE,ESO-VLT-U2,ADP.2019-01-30T05:17:33.944.fits,182.D-0222(A),SCIENCE_RBNSPEC_STACK,,,,84.4476249999986,-69.0701944444433
ADP.2019-01-30T05_17_33.952.fits,48336,2008-12-08T06:11:10.130,54808.25775614,GIRAFFE,ESO-VLT-U2,ADP.2019-01-30T05:17:33.952.fits,182.D-0222(A),SCIENCE_RBNSPEC_STACK,,,,84.6365833333319,-69.0554166666655
ADP.2019-01-30T05_17_33.964.fits,359,2008-12-08T06:11:10.130,54808.25775614,GIRAFFE,ESO-VLT-U2,ADP.2019-01-30T05:17:33.964.fits,182.D-0222(A),SCIENCE_RBNSPEC_STACK,,,,84.7058333333319,-69.104222222221
ADP.2019-01-30T05_17_33.980.fits,48348,2008-12-08T06:11:10.130,54808.25775614,GIRAFFE,ESO-VLT-U2,ADP.2019-01-30T05:17:33.980.fits,182.D-0222(A),SCIENCE_RBNSPEC_STACK,,,,84.8397083333319,-69.0550833333322
ADP.2019-01-30T05_17_34.000.fits,105192,2008-12-08T06:11:10.130,54808.25775614,GIRAFFE,ESO-VLT-U2,ADP.2019-01-30T05:17:34.000.fits,182.D-0222(A),SCIENCE_RBNSPEC_STACK,,,,84.7797083333319,-69.0313055555544
ADP.2019-01-30T05_17_34.004.fits,46629,2008-12-08T06:11:10.130,54808.25775614,GIRAFFE,ESO-VLT-U2,ADP.2019-01-30T05:17:34.004.fits,182.D-0222(A),SCIENCE_RBNSPEC_STACK,,,,84.6166249999986,-69.0692499999988
ADP.2019-01-30T05_17_34.016.fits,106051,2008-12-08T06:11:10.130,54808.25775614,GIRAFFE,ESO-VLT-U2,ADP.2019-01-30T05:17:34.016.fits,182.D-0222(A),SCIENCE_RBNSPEC_STACK,,,,84.6673749999986,-69.0200555555544
ADP.2019-01-30T05_17_34.032.fits,162600,2008-12-08T06:11:10.130,54808.25775614,GIRAFFE,ESO-VLT-U2,ADP.2019-01-30T05:17:34.032.fits,182.D-0222(A),SCIENCE_RBNSPEC_STACK,,,,84.5281249999986,-69.1024166666655
ADP.2019-01-30T05_17_34.044.fits,925081,2008-12-08T06:11:10.130,54808.25775614,GIRAFFE,ESO-VLT-U2,ADP.2019-01-30T05:17:34.044.fits,182.D-0222(A),SCIENCE_RBNSPEC_STACK,,,,84.6619583333319,-69.1373888888877
ADP.2019-01-30T05_17_34.060.fits,309697,2008-12-08T06:11:10.130,54808.25775614,GIRAFFE,ESO-VLT-U2,ADP.2019-01-30T05:17:34.060.fits,182.D-0222(A),SCIENCE_RBNSPEC_STACK,,,,84.5349999999986,-69.1552777777766
ADP.2019-01-30T05_17_34.072.fits,151469,2008-12-08T06:11:10.130,54808.25775614,GIRAFFE,ESO-VLT-U2,ADP.2019-01-30T05:17:34.072.fits,182.D-0222(A),SCIENCE_RBNSPEC_STACK,,,,84.7253749999986,-69.1354444444433
ADP.2019-01-30T05_17_34.076.fits,101057,2008-12-08T06:11:10.130,54808.25775614,GIRAFFE,ESO-VLT-U2,ADP.2019-01-30T05:17:34.076.fits,182.D-0222(A),SCIENCE_RBNSPEC_STACK,,,,84.5934166666652,-69.0892499999988
ADP.2019-01-30T05_17_34.080.fits,93944,2008-12-08T06:11:10.130,54808.25775614,GIRAFFE,ESO-VLT-U2,ADP.2019-01-30T05:17:34.080.fits,182.D-0222(A),SCIENCE_RBNSPEC_STACK,,,,84.9179999999986,-69.1954999999988
ADP.2019-01-30T05_17_34.092.fits,309806,2008-12-08T06:11:10.130,54808.25775614,GIRAFFE,ESO-VLT-U2,ADP.2019-01-30T05:17:34.092.fits,182.D-0222(A),SCIENCE_RBNSPEC_STACK,,,,84.4491666666652,-69.15411111111
ADP.2019-01-30T05_17_34.108.fits,31981,2008-12-08T06:11:10.130,54808.25775614,GIRAFFE,ESO-VLT-U2,ADP.2019-01-30T05:17:34.108.fits,182.D-0222(A),SCIENCE_RBNSPEC_STACK,,,,84.6038333333319,-69.1871666666655
ADP.2019-01-30T05_17_34.112.fits,454683,2008-12-08T06:11:10.130,54808.25775614,GIRAFFE,ESO-VLT-U2,ADP.2019-01-30T05:17:34.112.fits,182.D-0222(A),SCIENCE_RBNSPEC_STACK,,,,84.5701666666652,-69.0658611111099
ADP.2019-01-30T05_17_34.136.fits,233550,2008-12-08T06:11:10.130,54808.25775614,GIRAFFE,ESO-VLT-U2,ADP.2019-01-30T05:17:34.136.fits,182.D-0222(A),SCIENCE_RBNSPEC_STACK,,,,84.4405833333319,-69.1536944444433
ADP.2019-01-30T05_17_34.180.fits,209,2008-12-08T06:11:10.130,54808.25775614,GIRAFFE,ESO-VLT-U2,ADP.2019-01-30T05:17:34.180.fits,182.D-0222(A),SCIENCE_RBNSPEC_STACK,,,,84.6556666666652,-69.0892222222211
ADP.2019-01-30T05_17_34.192.fits,228,2008-12-08T06:11:10.130,54808.25775614,GIRAFFE,ESO-VLT-U2,ADP.2019-01-30T05:17:34.192.fits,182.D-0222(A),SCIENCE_RBNSPEC_STACK,,,,84.6440833333319,-69.1146388888877
ADP.2019-01-30T05_17_34.200.fits,235944,2008-12-08T06:11:10.130,54808.25775614,GIRAFFE,ESO-VLT-U2,ADP.2019-01-30T05:17:34.200.fits,182.D-0222(A),SCIENCE_RBNSPEC_STACK,,,,84.3906666666652,-69.1369999999988
ADP.2019-01-30T05_17_34.204.fits,39355,2008-12-08T06:11:10.130,54808.25775614,GIRAFFE,ESO-VLT-U2,ADP.2019-01-30T05:17:34.204.fits,182.D-0222(A),SCIENCE_RBNSPEC_STACK,,,,84.8278749999986,-69.1297499999988
ADP.2019-01-30T05_17_34.220.fits,414,2008-12-08T06:11:10.130,54808.25775614,GIRAFFE,ESO-VLT-U2,ADP.2019-01-30T05:17:34.220.fits,182.D-0222(A),SCIENCE_RBNSPEC_STACK,,,,84.6882916666653,-69.0937222222211
ADP.2019-01-30T05_17_34.236.fits,48012,2008-12-08T06:11:10.130,54808.25775614,GIRAFFE,ESO-VLT-U2,ADP.2019-01-30T05:17:34.236.fits,182.D-0222(A),SCIENCE_RBNSPEC_STACK,,,,84.6575416666652,-69.0580277777766
ADP.2019-01-30T05_17_34.240.fits,137,2008-12-08T06:11:10.130,54808.25775614,GIRAFFE,ESO-VLT-U2,ADP.2019-01-30T05:17:34.240.fits,182.D-0222(A),SCIENCE_RBNSPEC_STACK,,,,84.6919583333319,-69.1043055555544
ADP.2019-01-30T05_17_34.260.fits,45668,2008-12-08T06:11:10.130,54808.25775614,GIRAFFE,ESO-VLT-U2,ADP.2019-01-30T05:17:34.260.fits,182.D-0222(A),SCIENCE_RBNSPEC_STACK,,,,84.8797083333319,-69.0768888888877
ADP.2019-01-30T05_17_34.300.fits,372194,2008-12-08T06:11:10.130,54808.25775614,GIRAFFE,ESO-VLT-U2,ADP.2019-01-30T05:17:34.300.fits,182.D-0222(A),SCIENCE_RBNSPEC_STACK,,,,84.5016666666652,-69.1410833333322
ADP.2019-01-30T05_17_34.311.fits,316550,2008-12-08T06:11:10.130,54808.25775614,GIRAFFE,ESO-VLT-U2,ADP.2019-01-30T05:17:34.311.fits,182.D-0222(A),SCIENCE_RBNSPEC_STACK,,,,84.5433749999986,-69.088222222221
ADP.2019-01-30T05_17_34.323.fits,35333,2008-12-08T06:11:10.130,54808.25775614,GIRAFFE,ESO-VLT-U2,ADP.2019-01-30T05:17:34.323.fits,182.D-0222(A),SCIENCE_RBNSPEC_STACK,,,,84.6904166666652,-69.1611388888877
ADP.2019-01-30T05_17_34.339.fits,39560,2008-12-08T06:11:10.130,54808.25775614,GIRAFFE,ESO-VLT-U2,ADP.2019-01-30T05:17:34.339.fits,182.D-0222(A),SCIENCE_RBNSPEC_STACK,,,,84.7005416666652,-69.1281944444433
ADP.2019-01-30T05_17_34.351.fits,35266,2008-12-08T06:11:10.130,54808.25775614,GIRAFFE,ESO-VLT-U2,ADP.2019-01-30T05:17:34.351.fits,182.D-0222(A),SCIENCE_RBNSPEC_STACK,,,,84.5945833333319,-69.16161111111
ADP.2019-01-30T05_17_34.355.fits,46893,2008-12-08T06:11:10.130,54808.25775614,GIRAFFE,ESO-VLT-U2,ADP.2019-01-30T05:17:34.355.fits,182.D-0222(A),SCIENCE_RBNSPEC_STACK,,,,84.8967499999986,-69.0668055555544
ADP.2019-01-30T05_17_34.375.fits,279,2008-12-08T06:11:10.130,54808.25775614,GIRAFFE,ESO-VLT-U2,ADP.2019-01-30T05:17:34.375.fits,182.D-0222(A),SCIENCE_RBNSPEC_STACK,,,,84.7027083333319,-69.0829999999988
ADP.2019-01-30T05_17_34.379.fits,308990,2008-12-08T06:11:10.130,54808.25775614,GIRAFFE,ESO-VLT-U2,ADP.2019-01-30T05:17:34.379.fits,182.D-0222(A),SCIENCE_RBNSPEC_STACK,,,,84.5023749999986,-69.1615555555544
ADP.2019-01-30T05_17_34.383.fits,12,2008-12-08T06:11:10.130,54808.25775614,GIRAFFE,ESO-VLT-U2,ADP.2019-01-30T05:17:34.383.fits,182.D-0222(A),SCIENCE_RBNSPEC_STACK,,,,84.6400833333319,-69.0806944444433
ADP.2019-01-30T05_17_34.407.fits,61,2008-12-08T06:11:10.130,54808.25775614,GIRAFFE,ESO-VLT-U2,ADP.2019-01-30T05:17:34.407.fits,182.D-0222(A),SCIENCE_RBNSPEC_STACK,,,,84.7133749999986,-69.0997777777766
ADP.2019-01-30T05_17_34.431.fits,38625,2008-12-08T06:11:10.130,54808.25775614,GIRAFFE,ESO-VLT-U2,ADP.2019-01-30T05:17:34.431.fits,182.D-0222(A),SCIENCE_RBNSPEC_STACK,,,,84.6142083333319,-69.1359444444433
ADP.2019-01-30T05_17_34.459.fits,235808,2008-12-08T06:11:10.130,54808.25775614,GIRAFFE,ESO-VLT-U2,ADP.2019-01-30T05:17:34.459.fits,182.D-0222(A),SCIENCE_RBNSPEC_STACK,,,,84.5370833333319,-69.1380277777766
ADP.2019-01-30T05_17_34.483.fits,47950,2008-12-08T06:11:10.130,54808.25775614,GIRAFFE,ESO-VLT-U2,ADP.2019-01-30T05:17:34.483.fits,182.D-0222(A),SCIENCE_RBNSPEC_STACK,,,,84.7515833333319,-69.0584722222211
ADP.2019-01-30T05_17_34.503.fits,318942,2008-12-08T06:11:10.130,54808.25775614,GIRAFFE,ESO-VLT-U2,ADP.2019-01-30T05:17:34.503.fits,182.D-0222(A),SCIENCE_RBNSPEC_STACK,,,,84.5275416666652,-69.0625555555544
ADP.2019-01-30T05_17_34.519.fits,102221,2008-12-08T06:11:10.130,54808.25775614,GIRAFFE,ESO-VLT-U2,ADP.2019-01-30T05:17:34.519.fits,182.D-0222(A),SCIENCE_RBNSPEC_STACK,,,,84.6414999999986,-69.0725277777766
ADP.2019-01-30T05_17_34.543.fits,376697,2008-12-08T06:11:10.130,54808.25775614,GIRAFFE,ESO-VLT-U2,ADP.2019-01-30T05:17:34.543.fits,182.D-0222(A),SCIENCE_RBNSPEC_STACK,,,,84.5694999999986,-69.0705555555544
ADP.2019-01-30T05_17_34.555.fits,47191,2008-12-08T06:11:10.130,54808.25775614,GIRAFFE,ESO-VLT-U2,ADP.2019-01-30T05:17:34.555.fits,182.D-0222(A),SCIENCE_RBNSPEC_STACK,,,,84.5826249999986,-69.0645277777766
ADP.2019-01-30T05_17_34.579.fits,53649,2008-12-08T06:11:10.130,54808.25775614,GIRAFFE,ESO-VLT-U2,ADP.2019-01-30T05:17:34.579.fits,182.D-0222(A),SCIENCE_RBNSPEC_STACK,,,,84.7375833333319,-69.0158611111099
ADP.2019-01-30T05_17_34.587.fits,362,2008-12-08T06:11:10.130,54808.25775614,GIRAFFE,ESO-VLT-U2,ADP.2019-01-30T05:17:34.587.fits,182.D-0222(A),SCIENCE_RBNSPEC_STACK,,,,84.6964583333319,-69.1099444444433
ADP.2019-01-30T05_17_34.607.fits,106,2008-12-08T06:11:10.130,54808.25775614,GIRAFFE,ESO-VLT-U2,ADP.2019-01-30T05:17:34.607.fits,182.D-0222(A),SCIENCE_RBNSPEC_STACK,,,,84.6884166666652,-69.0967499999988
ADP.2019-01-30T05_17_34.679.fits,226,2008-12-08T06:11:10.130,54808.25775614,GIRAFFE,ESO-VLT-U2,ADP.2019-01-30T05:17:34.679.fits,182.D-0222(A),SCIENCE_RBNSPEC_STACK,,,,84.6344999999986,-69.0956944444433
ADP.2019-01-30T05_17_34.683.fits,45816,2008-12-08T06:11:10.130,54808.25775614,GIRAFFE,ESO-VLT-U2,ADP.2019-01-30T05:17:34.683.fits,182.D-0222(A),SCIENCE_RBNSPEC_STACK,,,,84.6930833333319,-69.0759722222211
ADP.2019-01-30T05_17_34.695.fits,241798,2008-12-08T06:11:10.130,54808.25775614,GIRAFFE,ESO-VLT-U2,ADP.2019-01-30T05:17:34.695.fits,182.D-0222(A),SCIENCE_RBNSPEC_STACK,,,,84.5738333333319,-69.0960555555544
ADP.2019-01-30T05_17_34.715.fits,45752,2008-12-08T06:11:10.130,54808.25775614,GIRAFFE,ESO-VLT-U2,ADP.2019-01-30T05:17:34.715.fits,182.D-0222(A),SCIENCE_RBNSPEC_STACK,,,,84.7432499999986,-69.0764166666655
ADP.2019-01-30T05_17_34.719.fits,45371,2008-12-08T06:11:10.130,54808.25775614,GIRAFFE,ESO-VLT-U2,ADP.2019-01-30T05:17:34.719.fits,182.D-0222(A),SCIENCE_RBNSPEC_STACK,,,,84.6126666666652,-69.0796111111099
ADP.2019-01-30T05_17_34.735.fits,307701,2008-12-08T06:11:10.130,54808.25775614,GIRAFFE,ESO-VLT-U2,ADP.2019-01-30T05:17:34.735.fits,182.D-0222(A),SCIENCE_RBNSPEC_STACK,,,,84.4105833333319,-69.1721944444433
ADP.2019-01-30T05_17_34.775.fits,99823,2008-12-08T06:11:10.130,54808.25775614,GIRAFFE,ESO-VLT-U2,ADP.2019-01-30T05:17:34.775.fits,182.D-0222(A),SCIENCE_RBNSPEC_STACK,,,,84.6168749999986,-69.1080555555544
ADP.2019-01-30T05_17_34.779.fits,371202,2008-12-08T06:11:10.130,54808.25775614,GIRAFFE,ESO-VLT-U2,ADP.2019-01-30T05:17:34.779.fits,182.D-0222(A),SCIENCE_RBNSPEC_STACK,,,,84.5770416666652,-69.1556944444433
ADP.2019-01-30T05_17_34.783.fits,39263,2008-12-08T06:11:10.130,54808.25775614,GIRAFFE,ESO-VLT-U2,ADP.2019-01-30T05:17:34.783.fits,182.D-0222(A),SCIENCE_RBNSPEC_STACK,,,,84.6188749999986,-69.1308888888877
ADP.2019-01-30T05_17_34.787.fits,326,2008-12-08T06:11:10.130,54808.25775614,GIRAFFE,ESO-VLT-U2,ADP.2019-01-30T05:17:34.787.fits,182.D-0222(A),SCIENCE_RBNSPEC_STACK,,,,84.6303333333319,-69.0991388888877
ADP.2019-01-30T05_17_34.799.fits,39831,2008-12-08T06:11:10.130,54808.25775614,GIRAFFE,ESO-VLT-U2,ADP.2019-01-30T05:17:34.799.fits,182.D-0222(A),SCIENCE_RBNSPEC_STACK,,,,84.6346249999986,-69.1256111111099
ADP.2019-01-30T05_17_34.827.fits,35815,2008-12-08T06:11:10.130,54808.25775614,GIRAFFE,ESO-VLT-U2,ADP.2019-01-30T05:17:34.827.fits,182.D-0222(A),SCIENCE_RBNSPEC_STACK,,,,84.6654166666652,-69.1577222222211
ADP.2019-01-30T05_17_34.847.fits,170957,2008-12-08T06:11:10.130,54808.25775614,GIRAFFE,ESO-VLT-U2,ADP.2019-01-30T05:17:34.847.fits,182.D-0222(A),SCIENCE_RBNSPEC_STACK,,,,84.9079999999986,-69.1961111111099
ADP.2019-01-30T05_17_34.851.fits,239219,2008-12-08T06:11:10.130,54808.25775614,GIRAFFE,ESO-VLT-U2,ADP.2019-01-30T05:17:34.851.fits,182.D-0222(A),SCIENCE_RBNSPEC_STACK,,,,84.5262083333319,-69.114722222221
ADP.2019-01-30T05_17_34.855.fits,50164,2008-12-08T06:11:10.130,54808.25775614,GIRAFFE,ESO-VLT-U2,ADP.2019-01-30T05:17:34.855.fits,182.D-0222(A),SCIENCE_RBNSPEC_STACK,,,,84.7062499999986,-69.041722222221
ADP.2019-01-30T05_17_34.867.fits,163061,2008-12-08T06:11:10.130,54808.25775614,GIRAFFE,ESO-VLT-U2,ADP.2019-01-30T05:17:34.867.fits,182.D-0222(A),SCIENCE_RBNSPEC_STACK,,,,84.6764999999986,-69.0735277777766
ADP.2019-01-30T05_17_34.895.fits,464718,2008-12-08T06:11:10.130,54808.25775614,GIRAFFE,ESO-VLT-U2,ADP.2019-01-30T05:17:34.895.fits,182.D-0222(A),SCIENCE_RBNSPEC_STACK,,,,84.2280416666653,-69.1939166666655
ADP.2019-01-30T05_17_34.915.fits,346,2008-12-08T06:11:10.130,54808.25775614,GIRAFFE,ESO-VLT-U2,ADP.2019-01-30T05:17:34.915.fits,182.D-0222(A),SCIENCE_RBNSPEC_STACK,,,,84.6604999999985,-69.1083055555544
ADP.2019-01-30T05_17_34.943.fits,43276,2008-12-08T06:11:10.130,54808.25775614,GIRAFFE,ESO-VLT-U2,ADP.2019-01-30T05:17:34.943.fits,182.D-0222(A),SCIENCE_RBNSPEC_STACK,,,,84.9324583333319,-69.0971111111099
ADP.2019-01-30T05_17_34.947.fits,266,2008-12-08T06:11:10.130,54808.25775614,GIRAFFE,ESO-VLT-U2,ADP.2019-01-30T05:17:34.947.fits,182.D-0222(A),SCIENCE_RBNSPEC_STACK,,,,84.6742083333319,-69.0921944444433
ADP.2019-01-30T05_17_34.959.fits,44148,2008-12-08T06:11:10.130,54808.25775614,GIRAFFE,ESO-VLT-U2,ADP.2019-01-30T05:17:34.959.fits,182.D-0222(A),SCIENCE_RBNSPEC_STACK,,,,84.8597916666652,-69.0898611111099
ADP.2019-01-30T05_17_34.971.fits,230615,2008-12-08T06:11:10.130,54808.25775614,GIRAFFE,ESO-VLT-U2,ADP.2019-01-30T05:17:34.971.fits,182.D-0222(A),SCIENCE_RBNSPEC_STACK,,,,84.4725833333319,-69.1731944444433
ADP.2019-01-30T05_17_34.987.fits,275,2008-12-08T06:11:10.130,54808.25775614,GIRAFFE,ESO-VLT-U2,ADP.2019-01-30T05:17:34.987.fits,182.D-0222(A),SCIENCE_RBNSPEC_STACK,,,,84.6318749999986,-69.0908333333322
ADP.2019-01-30T05_17_35.007.fits,36946,2008-12-08T06:11:10.130,54808.25775614,GIRAFFE,ESO-VLT-U2,ADP.2019-01-30T05:17:35.007.fits,182.D-0222(A),SCIENCE_RBNSPEC_STACK,,,,84.8901249999986,-69.1486111111099
ADP.2019-01-30T05_17_35.031.fits,81,2008-12-08T06:11:10.130,54808.25775614,GIRAFFE,ESO-VLT-U2,ADP.2019-01-30T05:17:35.031.fits,182.D-0222(A),SCIENCE_RBNSPEC_STACK,,,,84.6713749999985,-69.086972222221
ADP.2019-01-30T05_17_35.059.fits,41340,2008-12-08T06:11:10.130,54808.25775614,GIRAFFE,ESO-VLT-U2,ADP.2019-01-30T05:17:35.059.fits,182.D-0222(A),SCIENCE_RBNSPEC_STACK,,,,84.7446249999986,-69.1130833333322
ADP.2019-01-30T05_17_35.083.fits,42842,2008-12-08T06:11:10.130,54808.25775614,GIRAFFE,ESO-VLT-U2,ADP.2019-01-30T05:17:35.083.fits,182.D-0222(A),SCIENCE_RBNSPEC_STACK,,,,84.5599166666652,-69.10136111111
ADP.2019-01-30T05_17_35.087.fits,171,2008-12-08T06:11:10.130,54808.25775614,GIRAFFE,ESO-VLT-U2,ADP.2019-01-30T05:17:35.087.fits,182.D-0222(A),SCIENCE_RBNSPEC_STACK,,,,84.6873749999986,-69.0854444444433
ADP.2019-01-30T05_33_56.083.fits,42643,2008-12-04T05:16:22.671,54804.21970685,GIRAFFE,ESO-VLT-U2,ADP.2019-01-30T05:33:56.083.fits,182.D-0222(A),SCIENCE_RBNSPEC_STACK,,,,84.8224583333319,-69.1027222222211
ADP.2019-01-30T05_33_56.110.fits,99156,2008-12-04T06:33:40.610,54804.2733867,GIRAFFE,ESO-VLT-U2,ADP.2019-01-30T05:33:56.110.fits,182.D-0222(A),SCIENCE_RBNSPEC_STACK,,,,84.6749583333319,-69.1180277777766
ADP.2019-01-30T05_33_56.123.fits,36417,2008-12-04T05:16:22.671,54804.21970685,GIRAFFE,ESO-VLT-U2,ADP.2019-01-30T05:33:56.123.fits,182.D-0222(A),SCIENCE_RBNSPEC_STACK,,,,84.8059999999986,-69.1529166666655
ADP.2019-01-30T05_33_56.127.fits,171889,2008-12-04T06:33:40.610,54804.2733867,GIRAFFE,ESO-VLT-U2,ADP.2019-01-30T05:33:56.127.fits,182.D-0222(A),SCIENCE_RBNSPEC_STACK,,,,84.5986249999986,-69.0843333333322
ADP.2019-01-30T05_33_56.151.fits,219,2008-12-04T05:16:22.671,54804.21970685,GIRAFFE,ESO-VLT-U2,ADP.2019-01-30T05:33:56.151.fits,182.D-0222(A),SCIENCE_RBNSPEC_STACK,,,,84.6965416666652,-69.0984444444433
ADP.2019-01-30T05_33_56.155.fits,412568,2008-12-04T06:33:40.610,54804.2733867,GIRAFFE,ESO-VLT-U2,ADP.2019-01-30T05:33:56.155.fits,182.D-0222(A),SCIENCE_RBNSPEC_STACK,,,,84.4334166666652,-69.17661111111
ADP.2019-01-30T05_33_56.171.fits,168,2008-12-04T05:16:22.671,54804.21970685,GIRAFFE,ESO-VLT-U2,ADP.2019-01-30T05:33:56.171.fits,182.D-0222(A),SCIENCE_RBNSPEC_STACK,,,,84.6848749999986,-69.0873055555544
ADP.2019-01-30T05_33_56.183.fits,35421,2008-12-04T05:16:22.671,54804.21970685,GIRAFFE,ESO-VLT-U2,ADP.2019-01-30T05:33:56.183.fits,182.D-0222(A),SCIENCE_RBNSPEC_STACK,,,,84.7314999999986,-69.1604999999988
ADP.2019-01-30T05_33_56.187.fits,171889,2008-12-04T05:16:22.671,54804.21970685,GIRAFFE,ESO-VLT-U2,ADP.2019-01-30T05:33:56.187.fits,182.D-0222(A),SCIENCE_RBNSPEC_STACK,,,,84.5986249999986,-69.0843333333322
ADP.2019-01-30T05_33_56.203.fits,43579,2008-12-04T05:16:22.671,54804.21970685,GIRAFFE,ESO-VLT-U2,ADP.2019-01-30T05:33:56.203.fits,182.D-0222(A),SCIENCE_RBNSPEC_STACK,,,,84.7497083333319,-69.0949722222211
ADP.2019-01-30T05_33_56.211.fits,347,2008-12-04T06:33:40.610,54804.2733867,GIRAFFE,ESO-VLT-U2,ADP.2019-01-30T05:33:56.211.fits,182.D-0222(A),SCIENCE_RBNSPEC_STACK,,,,84.6716249999986,-69.1097499999988
ADP.2019-01-30T05_33_56.223.fits,313244,2008-12-04T06:33:40.610,54804.2733867,GIRAFFE,ESO-VLT-U2,ADP.2019-01-30T05:33:56.223.fits,182.D-0222(A),SCIENCE_RBNSPEC_STACK,,,,84.5460416666653,-69.1221388888877
ADP.2019-01-30T05_33_56.227.fits,102842,2008-12-04T05:16:22.671,54804.21970685,GIRAFFE,ESO-VLT-U2,ADP.2019-01-30T05:33:56.227.fits,182.D-0222(A),SCIENCE_RBNSPEC_STACK,,,,84.7280416666652,-69.0635555555544
ADP.2019-01-30T05_33_56.247.fits,132003,2008-12-04T05:16:22.671,54804.21970685,GIRAFFE,ESO-VLT-U2,ADP.2019-01-30T05:33:56.247.fits,182.D-0222(A),SCIENCE_RBNSPEC_STACK,,,,84.7284166666652,-69.1306111111099
ADP.2019-01-30T05_33_56.263.fits,216,2008-12-04T06:33:40.610,54804.2733867,GIRAFFE,ESO-VLT-U2,ADP.2019-01-30T05:33:56.263.fits,182.D-0222(A),SCIENCE_RBNSPEC_STACK,,,,84.6229999999986,-69.1056944444433
ADP.2019-01-30T05_33_56.287.fits,100698,2008-12-04T06:33:40.610,54804.2733867,GIRAFFE,ESO-VLT-U2,ADP.2019-01-30T05:33:56.287.fits,182.D-0222(A),SCIENCE_RBNSPEC_STACK,,,,84.7702499999986,-69.0945555555544
ADP.2019-01-30T05_33_56.291.fits,100698,2008-12-04T05:16:22.671,54804.21970685,GIRAFFE,ESO-VLT-U2,ADP.2019-01-30T05:33:56.291.fits,182.D-0222(A),SCIENCE_RBNSPEC_STACK,,,,84.7702499999986,-69.0945555555544
ADP.2019-01-30T05_33_56.295.fits,434,2008-12-04T05:16:22.671,54804.21970685,GIRAFFE,ESO-VLT-U2,ADP.2019-01-30T05:33:56.295.fits,182.D-0222(A),SCIENCE_RBNSPEC_STACK,,,,84.6744166666652,-69.0923333333322
ADP.2019-01-30T05_33_56.315.fits,412568,2008-12-04T05:16:22.671,54804.21970685,GIRAFFE,ESO-VLT-U2,ADP.2019-01-30T05:33:56.315.fits,182.D-0222(A),SCIENCE_RBNSPEC_STACK,,,,84.4334166666652,-69.17661111111
ADP.2019-01-30T05_33_56.319.fits,99074,2008-12-04T05:16:22.671,54804.21970685,GIRAFFE,ESO-VLT-U2,ADP.2019-01-30T05:33:56.319.fits,182.D-0222(A),SCIENCE_RBNSPEC_STACK,,,,84.7387916666652,-69.1193611111099
ADP.2019-01-30T05_33_56.331.fits,175,2008-12-04T05:16:22.671,54804.21970685,GIRAFFE,ESO-VLT-U2,ADP.2019-01-30T05:33:56.331.fits,182.D-0222(A),SCIENCE_RBNSPEC_STACK,,,,84.6919583333319,-69.1155833333322
ADP.2019-01-30T05_33_56.335.fits,44154,2008-12-04T06:33:40.610,54804.2733867,GIRAFFE,ESO-VLT-U2,ADP.2019-01-30T05:33:56.335.fits,182.D-0222(A),SCIENCE_RBNSPEC_STACK,,,,84.7448333333319,-69.0899722222211
ADP.2019-01-30T05_33_56.355.fits,194,2008-12-04T06:33:40.610,54804.2733867,GIRAFFE,ESO-VLT-U2,ADP.2019-01-30T05:33:56.355.fits,182.D-0222(A),SCIENCE_RBNSPEC_STACK,,,,84.6594166666653,-69.1047777777766
ADP.2019-01-30T05_33_56.359.fits,333,2008-12-04T05:16:22.671,54804.21970685,GIRAFFE,ESO-VLT-U2,ADP.2019-01-30T05:33:56.359.fits,182.D-0222(A),SCIENCE_RBNSPEC_STACK,,,,84.7004999999986,-69.1033888888877
ADP.2019-01-30T05_33_56.371.fits,333,2008-12-04T06:33:40.610,54804.2733867,GIRAFFE,ESO-VLT-U2,ADP.2019-01-30T05:33:56.371.fits,182.D-0222(A),SCIENCE_RBNSPEC_STACK,,,,84.7004999999986,-69.1033888888877
ADP.2019-01-30T05_33_56.387.fits,150788,2008-12-04T05:16:22.671,54804.21970685,GIRAFFE,ESO-VLT-U2,ADP.2019-01-30T05:33:56.387.fits,182.D-0222(A),SCIENCE_RBNSPEC_STACK,,,,84.6409166666652,-69.1658611111099
ADP.2019-01-30T05_33_56.391.fits,54,2008-12-04T05:16:22.671,54804.21970685,GIRAFFE,ESO-VLT-U2,ADP.2019-01-30T05:33:56.391.fits,182.D-0222(A),SCIENCE_RBNSPEC_STACK,,,,84.7127083333319,-69.1056666666655
ADP.2019-01-30T05_33_56.399.fits,239184,2008-12-04T06:33:40.610,54804.2733867,GIRAFFE,ESO-VLT-U2,ADP.2019-01-30T05:33:56.399.fits,182.D-0222(A),SCIENCE_RBNSPEC_STACK,,,,84.5398749999986,-69.1150277777766
ADP.2019-01-30T05_33_56.407.fits,34473,2008-12-04T06:33:40.610,54804.2733867,GIRAFFE,ESO-VLT-U2,ADP.2019-01-30T05:33:56.407.fits,182.D-0222(A),SCIENCE_RBNSPEC_STACK,,,,84.7049583333319,-69.1678888888877
ADP.2019-01-30T05_33_56.411.fits,434,2008-12-04T06:33:40.610,54804.2733867,GIRAFFE,ESO-VLT-U2,ADP.2019-01-30T05:33:56.411.fits,182.D-0222(A),SCIENCE_RBNSPEC_STACK,,,,84.6744166666652,-69.0923333333322
ADP.2019-01-30T05_33_56.415.fits,347,2008-12-04T05:16:22.671,54804.21970685,GIRAFFE,ESO-VLT-U2,ADP.2019-01-30T05:33:56.415.fits,182.D-0222(A),SCIENCE_RBNSPEC_STACK,,,,84.6716249999986,-69.1097499999988
ADP.2019-01-30T05_33_56.427.fits,49098,2008-12-04T05:16:22.671,54804.21970685,GIRAFFE,ESO-VLT-U2,ADP.2019-01-30T05:33:56.427.fits,182.D-0222(A),SCIENCE_RBNSPEC_STACK,,,,84.7963749999986,-69.049722222221
ADP.2019-01-30T05_33_56.431.fits,376885,2008-12-04T05:16:22.671,54804.21970685,GIRAFFE,ESO-VLT-U2,ADP.2019-01-30T05:33:56.431.fits,182.D-0222(A),SCIENCE_RBNSPEC_STACK,,,,84.4792083333319,-69.0668055555544
ADP.2019-01-30T05_33_56.443.fits,170956,2008-12-04T05:16:22.671,54804.21970685,GIRAFFE,ESO-VLT-U2,ADP.2019-01-30T05:33:56.443.fits,182.D-0222(A),SCIENCE_RBNSPEC_STACK,,,,84.9142083333319,-69.1977777777766
ADP.2019-01-30T05_33_56.447.fits,132003,2008-12-04T06:33:40.610,54804.2733867,GIRAFFE,ESO-VLT-U2,ADP.2019-01-30T05:33:56.447.fits,182.D-0222(A),SCIENCE_RBNSPEC_STACK,,,,84.7284166666652,-69.1306111111099
ADP.2019-01-30T05_33_56.459.fits,411431,2008-12-04T06:33:40.610,54804.2733867,GIRAFFE,ESO-VLT-U2,ADP.2019-01-30T05:33:56.459.fits,182.D-0222(A),SCIENCE_RBNSPEC_STACK,,,,84.3787083333319,-69.1968055555544
ADP.2019-01-30T05_33_56.463.fits,378395,2008-12-04T05:16:22.671,54804.21970685,GIRAFFE,ESO-VLT-U2,ADP.2019-01-30T05:33:56.463.fits,182.D-0222(A),SCIENCE_RBNSPEC_STACK,,,,84.5432083333319,-69.0418333333321
ADP.2019-01-30T05_33_56.467.fits,153487,2008-12-04T05:16:22.671,54804.21970685,GIRAFFE,ESO-VLT-U2,ADP.2019-01-30T05:33:56.467.fits,182.D-0222(A),SCIENCE_RBNSPEC_STACK,,,,84.5767499999986,-69.0643611111099
ADP.2019-01-30T05_33_56.475.fits,150788,2008-12-04T06:33:40.610,54804.2733867,GIRAFFE,ESO-VLT-U2,ADP.2019-01-30T05:33:56.475.fits,182.D-0222(A),SCIENCE_RBNSPEC_STACK,,,,84.6409166666652,-69.1658611111099
ADP.2019-01-30T05_33_56.479.fits,377662,2008-12-04T05:16:22.671,54804.21970685,GIRAFFE,ESO-VLT-U2,ADP.2019-01-30T05:33:56.479.fits,182.D-0222(A),SCIENCE_RBNSPEC_STACK,,,,84.5054583333319,-69.05386111111
ADP.2019-01-30T05_33_56.483.fits,412621,2008-12-04T06:33:40.610,54804.2733867,GIRAFFE,ESO-VLT-U2,ADP.2019-01-30T05:33:56.483.fits,182.D-0222(A),SCIENCE_RBNSPEC_STACK,,,,84.4022916666652,-69.1756944444433
ADP.2019-01-30T05_33_56.487.fits,308556,2008-12-04T05:16:22.671,54804.21970685,GIRAFFE,ESO-VLT-U2,ADP.2019-01-30T05:33:56.487.fits,182.D-0222(A),SCIENCE_RBNSPEC_STACK,,,,84.4914999999986,-69.1650277777766
ADP.2019-01-30T05_33_56.511.fits,38796,2008-12-04T05:16:22.671,54804.21970685,GIRAFFE,ESO-VLT-U2,ADP.2019-01-30T05:33:56.511.fits,182.D-0222(A),SCIENCE_RBNSPEC_STACK,,,,84.6757499999986,-69.134472222221
ADP.2019-01-30T05_33_56.515.fits,102842,2008-12-04T06:33:40.610,54804.2733867,GIRAFFE,ESO-VLT-U2,ADP.2019-01-30T05:33:56.515.fits,182.D-0222(A),SCIENCE_RBNSPEC_STACK,,,,84.7280416666652,-69.0635555555544
ADP.2019-01-30T05_33_56.519.fits,16,2008-12-04T06:33:40.610,54804.2733867,GIRAFFE,ESO-VLT-U2,ADP.2019-01-30T05:33:56.519.fits,182.D-0222(A),SCIENCE_RBNSPEC_STACK,,,,84.6498333333319,-69.1025277777766
ADP.2019-01-30T05_33_56.531.fits,34473,2008-12-04T05:16:22.671,54804.21970685,GIRAFFE,ESO-VLT-U2,ADP.2019-01-30T05:33:56.531.fits,182.D-0222(A),SCIENCE_RBNSPEC_STACK,,,,84.7049583333319,-69.1678888888877
ADP.2019-01-30T05_33_56.543.fits,308556,2008-12-04T06:33:40.610,54804.2733867,GIRAFFE,ESO-VLT-U2,ADP.2019-01-30T05:33:56.543.fits,182.D-0222(A),SCIENCE_RBNSPEC_STACK,,,,84.4914999999986,-69.1650277777766
ADP.2019-01-30T05_33_56.547.fits,153806,2008-12-04T05:16:22.671,54804.21970685,GIRAFFE,ESO-VLT-U2,ADP.2019-01-30T05:33:56.547.fits,182.D-0222(A),SCIENCE_RBNSPEC_STACK,,,,84.6766666666652,-69.0511666666655
ADP.2019-01-30T05_33_56.579.fits,285,2008-12-04T05:16:22.671,54804.21970685,GIRAFFE,ESO-VLT-U2,ADP.2019-01-30T05:33:56.579.fits,182.D-0222(A),SCIENCE_RBNSPEC_STACK,,,,84.7097083333319,-69.0840833333322
ADP.2019-01-30T05_33_56.583.fits,35635,2008-12-04T05:16:22.671,54804.21970685,GIRAFFE,ESO-VLT-U2,ADP.2019-01-30T05:33:56.583.fits,182.D-0222(A),SCIENCE_RBNSPEC_STACK,,,,84.7637499999986,-69.15886111111
ADP.2019-01-30T05_33_56.595.fits,453402,2008-12-04T06:33:40.610,54804.2733867,GIRAFFE,ESO-VLT-U2,ADP.2019-01-30T05:33:56.595.fits,182.D-0222(A),SCIENCE_RBNSPEC_STACK,,,,84.2301666666652,-69.1937499999988
ADP.2019-01-30T05_33_56.603.fits,244016,2008-12-04T05:16:22.671,54804.21970685,GIRAFFE,ESO-VLT-U2,ADP.2019-01-30T05:33:56.603.fits,182.D-0222(A),SCIENCE_RBNSPEC_STACK,,,,84.5470833333319,-69.0803333333321
ADP.2019-01-30T05_33_56.607.fits,39265,2008-12-04T05:16:22.671,54804.21970685,GIRAFFE,ESO-VLT-U2,ADP.2019-01-30T05:33:56.607.fits,182.D-0222(A),SCIENCE_RBNSPEC_STACK,,,,84.5888333333319,-69.1308888888877
ADP.2019-01-30T05_33_56.611.fits,246253,2008-12-04T06:33:40.610,54804.2733867,GIRAFFE,ESO-VLT-U2,ADP.2019-01-30T05:33:56.611.fits,182.D-0222(A),SCIENCE_RBNSPEC_STACK,,,,84.5523333333319,-69.0643888888877
ADP.2019-01-30T05_33_56.639.fits,99704,2008-12-04T06:33:40.610,54804.2733867,GIRAFFE,ESO-VLT-U2,ADP.2019-01-30T05:33:56.639.fits,182.D-0222(A),SCIENCE_RBNSPEC_STACK,,,,84.5793749999986,-69.1095833333322
ADP.2019-01-30T05_33_56.643.fits,41966,2008-12-04T06:33:40.610,54804.2733867,GIRAFFE,ESO-VLT-U2,ADP.2019-01-30T05:33:56.643.fits,182.D-0222(A),SCIENCE_RBNSPEC_STACK,,,,84.7537916666653,-69.1080833333322
ADP.2019-01-30T05_33_56.647.fits,44347,2008-12-04T06:33:40.610,54804.2733867,GIRAFFE,ESO-VLT-U2,ADP.2019-01-30T05:33:56.647.fits,182.D-0222(A),SCIENCE_RBNSPEC_STACK,,,,84.8252916666652,-69.0879166666655
ADP.2019-01-30T05_33_56.651.fits,412621,2008-12-04T05:16:22.671,54804.21970685,GIRAFFE,ESO-VLT-U2,ADP.2019-01-30T05:33:56.651.fits,182.D-0222(A),SCIENCE_RBNSPEC_STACK,,,,84.4022916666652,-69.1756944444433
ADP.2019-01-30T05_33_56.659.fits,246253,2008-12-04T05:16:22.671,54804.21970685,GIRAFFE,ESO-VLT-U2,ADP.2019-01-30T05:33:56.659.fits,182.D-0222(A),SCIENCE_RBNSPEC_STACK,,,,84.5523333333319,-69.0643888888877
ADP.2019-01-30T05_33_56.671.fits,46053,2008-12-04T05:16:22.671,54804.21970685,GIRAFFE,ESO-VLT-U2,ADP.2019-01-30T05:33:56.671.fits,182.D-0222(A),SCIENCE_RBNSPEC_STACK,,,,84.7312916666652,-69.0740833333322
ADP.2019-01-30T05_33_56.691.fits,168,2008-12-04T06:33:40.610,54804.2733867,GIRAFFE,ESO-VLT-U2,ADP.2019-01-30T05:33:56.691.fits,182.D-0222(A),SCIENCE_RBNSPEC_STACK,,,,84.6848749999986,-69.0873055555544
ADP.2019-01-30T05_33_56.695.fits,245380,2008-12-04T06:33:40.610,54804.2733867,GIRAFFE,ESO-VLT-U2,ADP.2019-01-30T05:33:56.695.fits,182.D-0222(A),SCIENCE_RBNSPEC_STACK,,,,84.5295416666652,-69.0707499999988
ADP.2019-01-30T05_33_56.707.fits,54,2008-12-04T06:33:40.610,54804.2733867,GIRAFFE,ESO-VLT-U2,ADP.2019-01-30T05:33:56.707.fits,182.D-0222(A),SCIENCE_RBNSPEC_STACK,,,,84.7127083333319,-69.1056666666655
ADP.2019-01-30T05_33_56.715.fits,40091,2008-12-04T05:16:22.671,54804.21970685,GIRAFFE,ESO-VLT-U2,ADP.2019-01-30T05:33:56.715.fits,182.D-0222(A),SCIENCE_RBNSPEC_STACK,,,,84.7317916666652,-69.1232499999988
ADP.2019-01-30T05_33_56.727.fits,418,2008-12-04T06:33:40.610,54804.2733867,GIRAFFE,ESO-VLT-U2,ADP.2019-01-30T05:33:56.727.fits,182.D-0222(A),SCIENCE_RBNSPEC_STACK,,,,84.6324166666652,-69.0990833333322
ADP.2019-01-30T05_33_56.731.fits,110910,2008-12-04T05:16:22.671,54804.21970685,GIRAFFE,ESO-VLT-U2,ADP.2019-01-30T05:33:56.731.fits,182.D-0222(A),SCIENCE_RBNSPEC_STACK,,,,84.5804166666652,-68.9543611111099
ADP.2019-01-30T05_33_56.743.fits,246996,2008-12-04T05:16:22.671,54804.21970685,GIRAFFE,ESO-VLT-U2,ADP.2019-01-30T05:33:56.743.fits,182.D-0222(A),SCIENCE_RBNSPEC_STACK,,,,84.5612083333319,-69.0589444444433
ADP.2019-01-30T05_33_56.767.fits,37468,2008-12-04T05:16:22.671,54804.21970685,GIRAFFE,ESO-VLT-U2,ADP.2019-01-30T05:33:56.767.fits,182.D-0222(A),SCIENCE_RBNSPEC_STACK,,,,84.7519999999986,-69.1447777777766
ADP.2019-01-30T05_33_56.775.fits,216,2008-12-04T05:16:22.671,54804.21970685,GIRAFFE,ESO-VLT-U2,ADP.2019-01-30T05:33:56.775.fits,182.D-0222(A),SCIENCE_RBNSPEC_STACK,,,,84.6229999999986,-69.1056944444433
ADP.2019-01-30T05_33_56.783.fits,246996,2008-12-04T06:33:40.610,54804.2733867,GIRAFFE,ESO-VLT-U2,ADP.2019-01-30T05:33:56.783.fits,182.D-0222(A),SCIENCE_RBNSPEC_STACK,,,,84.5612083333319,-69.0589444444433
ADP.2019-01-30T05_33_56.807.fits,231020,2008-12-04T06:33:40.610,54804.2733867,GIRAFFE,ESO-VLT-U2,ADP.2019-01-30T05:33:56.807.fits,182.D-0222(A),SCIENCE_RBNSPEC_STACK,,,,84.4385416666652,-69.170472222221
ADP.2019-01-30T05_33_56.811.fits,104090,2008-12-04T05:16:22.671,54804.21970685,GIRAFFE,ESO-VLT-U2,ADP.2019-01-30T05:33:56.811.fits,182.D-0222(A),SCIENCE_RBNSPEC_STACK,,,,84.7458333333319,-69.0456666666655
ADP.2019-01-30T05_33_56.827.fits,194,2008-12-04T05:16:22.671,54804.21970685,GIRAFFE,ESO-VLT-U2,ADP.2019-01-30T05:33:56.827.fits,182.D-0222(A),SCIENCE_RBNSPEC_STACK,,,,84.6594166666653,-69.1047777777766
ADP.2019-01-30T05_33_56.835.fits,453402,2008-12-04T05:16:22.671,54804.21970685,GIRAFFE,ESO-VLT-U2,ADP.2019-01-30T05:33:56.835.fits,182.D-0222(A),SCIENCE_RBNSPEC_STACK,,,,84.2301666666652,-69.1937499999988
ADP.2019-01-30T05_33_56.863.fits,131,2008-12-04T05:16:22.671,54804.21970685,GIRAFFE,ESO-VLT-U2,ADP.2019-01-30T05:33:56.863.fits,182.D-0222(A),SCIENCE_RBNSPEC_STACK,,,,84.6375833333319,-69.086972222221
ADP.2019-01-30T05_33_56.867.fits,37428,2008-12-04T05:16:22.671,54804.21970685,GIRAFFE,ESO-VLT-U2,ADP.2019-01-30T05:33:56.867.fits,182.D-0222(A),SCIENCE_RBNSPEC_STACK,,,,84.6557083333319,-69.1452222222211
ADP.2019-01-30T05_33_56.891.fits,135528,2008-12-04T06:33:40.610,54804.2733867,GIRAFFE,ESO-VLT-U2,ADP.2019-01-30T05:33:56.891.fits,182.D-0222(A),SCIENCE_RBNSPEC_STACK,,,,84.6876249999986,-69.05536111111
ADP.2019-01-30T05_33_56.895.fits,39265,2008-12-04T06:33:40.610,54804.2733867,GIRAFFE,ESO-VLT-U2,ADP.2019-01-30T05:33:56.895.fits,182.D-0222(A),SCIENCE_RBNSPEC_STACK,,,,84.5888333333319,-69.1308888888877
ADP.2019-01-30T05_33_56.927.fits,418,2008-12-04T05:16:22.671,54804.21970685,GIRAFFE,ESO-VLT-U2,ADP.2019-01-30T05:33:56.927.fits,182.D-0222(A),SCIENCE_RBNSPEC_STACK,,,,84.6324166666652,-69.0990833333322
ADP.2019-01-30T05_33_56.935.fits,50535,2008-12-04T06:33:40.610,54804.2733867,GIRAFFE,ESO-VLT-U2,ADP.2019-01-30T05:33:56.935.fits,182.D-0222(A),SCIENCE_RBNSPEC_STACK,,,,84.7189583333319,-69.0389722222211
ADP.2019-01-30T05_33_56.959.fits,307853,2008-12-04T05:16:22.671,54804.21970685,GIRAFFE,ESO-VLT-U2,ADP.2019-01-30T05:33:56.959.fits,182.D-0222(A),SCIENCE_RBNSPEC_STACK,,,,84.4082083333319,-69.1707777777766
ADP.2019-01-30T05_33_56.967.fits,345,2008-12-04T06:33:40.610,54804.2733867,GIRAFFE,ESO-VLT-U2,ADP.2019-01-30T05:33:56.967.fits,182.D-0222(A),SCIENCE_RBNSPEC_STACK,,,,84.6996666666652,-69.0924444444433
ADP.2019-01-30T05_33_56.971.fits,219,2008-12-04T06:33:40.610,54804.2733867,GIRAFFE,ESO-VLT-U2,ADP.2019-01-30T05:33:56.971.fits,182.D-0222(A),SCIENCE_RBNSPEC_STACK,,,,84.6965416666652,-69.0984444444433
ADP.2019-01-30T05_33_56.975.fits,44845,2008-12-04T05:16:22.671,54804.21970685,GIRAFFE,ESO-VLT-U2,ADP.2019-01-30T05:33:56.975.fits,182.D-0222(A),SCIENCE_RBNSPEC_STACK,,,,84.6092083333319,-69.0838055555544
ADP.2019-01-30T05_33_56.983.fits,417220,2008-12-04T06:33:40.610,54804.2733867,GIRAFFE,ESO-VLT-U2,ADP.2019-01-30T05:33:56.983.fits,182.D-0222(A),SCIENCE_RBNSPEC_STACK,,,,84.5666666666652,-69.0651944444433
ADP.2019-01-30T05_33_56.987.fits,318943,2008-12-04T05:16:22.671,54804.21970685,GIRAFFE,ESO-VLT-U2,ADP.2019-01-30T05:33:56.987.fits,182.D-0222(A),SCIENCE_RBNSPEC_STACK,,,,84.5365833333319,-69.0625277777766
ADP.2019-01-30T05_33_56.995.fits,47581,2008-12-04T05:16:22.671,54804.21970685,GIRAFFE,ESO-VLT-U2,ADP.2019-01-30T05:33:56.995.fits,182.D-0222(A),SCIENCE_RBNSPEC_STACK,,,,84.6659166666652,-69.0614166666655
ADP.2019-01-30T05_33_56.999.fits,35804,2008-12-04T06:33:40.610,54804.2733867,GIRAFFE,ESO-VLT-U2,ADP.2019-01-30T05:33:56.999.fits,182.D-0222(A),SCIENCE_RBNSPEC_STACK,,,,84.8053333333319,-69.1576111111099
ADP.2019-01-30T05_33_57.003.fits,110910,2008-12-04T06:33:40.610,54804.2733867,GIRAFFE,ESO-VLT-U2,ADP.2019-01-30T05:33:57.003.fits,182.D-0222(A),SCIENCE_RBNSPEC_STACK,,,,84.5804166666652,-68.9543611111099
ADP.2019-01-30T05_33_57.023.fits,231020,2008-12-04T05:16:22.671,54804.21970685,GIRAFFE,ESO-VLT-U2,ADP.2019-01-30T05:33:57.023.fits,182.D-0222(A),SCIENCE_RBNSPEC_STACK,,,,84.4385416666652,-69.170472222221
ADP.2019-01-30T05_33_57.027.fits,38796,2008-12-04T06:33:40.610,54804.2733867,GIRAFFE,ESO-VLT-U2,ADP.2019-01-30T05:33:57.027.fits,182.D-0222(A),SCIENCE_RBNSPEC_STACK,,,,84.6757499999986,-69.134472222221
ADP.2019-01-30T05_33_57.043.fits,462233,2008-12-04T05:16:22.671,54804.21970685,GIRAFFE,ESO-VLT-U2,ADP.2019-01-30T05:33:57.043.fits,182.D-0222(A),SCIENCE_RBNSPEC_STACK,,,,84.4639583333319,-69.162972222221
ADP.2019-01-30T05_33_57.051.fits,47581,2008-12-04T06:33:40.610,54804.2733867,GIRAFFE,ESO-VLT-U2,ADP.2019-01-30T05:33:57.051.fits,182.D-0222(A),SCIENCE_RBNSPEC_STACK,,,,84.6659166666652,-69.0614166666655
ADP.2019-01-30T05_33_57.055.fits,234,2008-12-04T06:33:40.610,54804.2733867,GIRAFFE,ESO-VLT-U2,ADP.2019-01-30T05:33:57.055.fits,182.D-0222(A),SCIENCE_RBNSPEC_STACK,,,,84.6988333333319,-69.1124722222211
ADP.2019-01-30T05_33_57.063.fits,245380,2008-12-04T05:16:22.671,54804.21970685,GIRAFFE,ESO-VLT-U2,ADP.2019-01-30T05:33:57.063.fits,182.D-0222(A),SCIENCE_RBNSPEC_STACK,,,,84.5295416666652,-69.0707499999988
ADP.2019-01-30T05_33_57.082.fits,49918,2008-12-04T06:33:40.610,54804.2733867,GIRAFFE,ESO-VLT-U2,ADP.2019-01-30T05:33:57.082.fits,182.D-0222(A),SCIENCE_RBNSPEC_STACK,,,,84.7804583333319,-69.0434444444433
ADP.2019-01-30T05_33_57.090.fits,135626,2008-12-04T05:16:22.671,54804.21970685,GIRAFFE,ESO-VLT-U2,ADP.2019-01-30T05:33:57.090.fits,182.D-0222(A),SCIENCE_RBNSPEC_STACK,,,,84.6104166666652,-69.0530555555544
ADP.2019-01-30T05_33_57.098.fits,153204,2008-12-04T06:33:40.610,54804.2733867,GIRAFFE,ESO-VLT-U2,ADP.2019-01-30T05:33:57.098.fits,182.D-0222(A),SCIENCE_RBNSPEC_STACK,,,,84.7808749999986,-69.0723055555544
ADP.2019-01-30T05_33_57.106.fits,39935,2008-12-04T05:16:22.671,54804.21970685,GIRAFFE,ESO-VLT-U2,ADP.2019-01-30T05:33:57.106.fits,182.D-0222(A),SCIENCE_RBNSPEC_STACK,,,,84.7197499999986,-69.1246388888877
ADP.2019-01-30T05_33_57.114.fits,35421,2008-12-04T06:33:40.610,54804.2733867,GIRAFFE,ESO-VLT-U2,ADP.2019-01-30T05:33:57.114.fits,182.D-0222(A),SCIENCE_RBNSPEC_STACK,,,,84.7314999999986,-69.1604999999988
ADP.2019-01-30T05_33_57.126.fits,234206,2008-12-04T05:16:22.671,54804.21970685,GIRAFFE,ESO-VLT-U2,ADP.2019-01-30T05:33:57.126.fits,182.D-0222(A),SCIENCE_RBNSPEC_STACK,,,,84.5426249999986,-69.1489999999988
ADP.2019-01-30T05_33_57.130.fits,131,2008-12-04T06:33:40.610,54804.2733867,GIRAFFE,ESO-VLT-U2,ADP.2019-01-30T05:33:57.130.fits,182.D-0222(A),SCIENCE_RBNSPEC_STACK,,,,84.6375833333319,-69.086972222221
ADP.2019-01-30T05_33_57.158.fits,409,2008-12-04T06:33:40.610,54804.2733867,GIRAFFE,ESO-VLT-U2,ADP.2019-01-30T05:33:57.158.fits,182.D-0222(A),SCIENCE_RBNSPEC_STACK,,,,84.6449583333319,-69.0834722222211
ADP.2019-01-30T05_33_57.162.fits,411431,2008-12-04T05:16:22.671,54804.21970685,GIRAFFE,ESO-VLT-U2,ADP.2019-01-30T05:33:57.162.fits,182.D-0222(A),SCIENCE_RBNSPEC_STACK,,,,84.3787083333319,-69.1968055555544
ADP.2019-01-30T05_33_57.190.fits,232642,2008-12-04T06:33:40.610,54804.2733867,GIRAFFE,ESO-VLT-U2,ADP.2019-01-30T05:33:57.190.fits,182.D-0222(A),SCIENCE_RBNSPEC_STACK,,,,84.4627083333319,-69.1594444444433
ADP.2019-01-30T05_33_57.194.fits,99179,2008-12-04T05:16:22.671,54804.21970685,GIRAFFE,ESO-VLT-U2,ADP.2019-01-30T05:33:57.194.fits,182.D-0222(A),SCIENCE_RBNSPEC_STACK,,,,84.8196249999986,-69.1174999999988
ADP.2019-01-30T05_33_57.206.fits,49918,2008-12-04T05:16:22.671,54804.21970685,GIRAFFE,ESO-VLT-U2,ADP.2019-01-30T05:33:57.206.fits,182.D-0222(A),SCIENCE_RBNSPEC_STACK,,,,84.7804583333319,-69.0434444444433
ADP.2019-01-30T05_33_57.218.fits,153487,2008-12-04T06:33:40.610,54804.2733867,GIRAFFE,ESO-VLT-U2,ADP.2019-01-30T05:33:57.218.fits,182.D-0222(A),SCIENCE_RBNSPEC_STACK,,,,84.5767499999986,-69.0643611111099
ADP.2019-01-30T05_33_57.226.fits,52100,2008-12-04T06:33:40.610,54804.2733867,GIRAFFE,ESO-VLT-U2,ADP.2019-01-30T05:33:57.226.fits,182.D-0222(A),SCIENCE_RBNSPEC_STACK,,,,84.7199583333319,-69.0272222222211
ADP.2019-01-30T05_33_57.242.fits,44845,2008-12-04T06:33:40.610,54804.2733867,GIRAFFE,ESO-VLT-U2,ADP.2019-01-30T05:33:57.242.fits,182.D-0222(A),SCIENCE_RBNSPEC_STACK,,,,84.6092083333319,-69.0838055555544
ADP.2019-01-30T05_33_57.254.fits,239184,2008-12-04T05:16:22.671,54804.21970685,GIRAFFE,ESO-VLT-U2,ADP.2019-01-30T05:33:57.254.fits,182.D-0222(A),SCIENCE_RBNSPEC_STACK,,,,84.5398749999986,-69.1150277777766
ADP.2019-01-30T05_33_57.262.fits,242407,2008-12-04T05:16:22.671,54804.21970685,GIRAFFE,ESO-VLT-U2,ADP.2019-01-30T05:33:57.262.fits,182.D-0222(A),SCIENCE_RBNSPEC_STACK,,,,84.4642916666652,-69.0916944444433
ADP.2019-01-30T05_33_57.274.fits,309918,2008-12-04T05:16:22.671,54804.21970685,GIRAFFE,ESO-VLT-U2,ADP.2019-01-30T05:33:57.274.fits,182.D-0222(A),SCIENCE_RBNSPEC_STACK,,,,84.5719166666652,-69.1530833333322
ADP.2019-01-30T05_33_57.282.fits,100574,2008-12-04T06:33:40.610,54804.2733867,GIRAFFE,ESO-VLT-U2,ADP.2019-01-30T05:33:57.282.fits,182.D-0222(A),SCIENCE_RBNSPEC_STACK,,,,84.6545416666652,-69.0968888888877
ADP.2019-01-30T05_33_57.286.fits,169347,2008-12-04T05:16:22.671,54804.21970685,GIRAFFE,ESO-VLT-U2,ADP.2019-01-30T05:33:57.286.fits,182.D-0222(A),SCIENCE_RBNSPEC_STACK,,,,84.6873333333319,-69.1351944444433
ADP.2019-01-30T05_33_57.294.fits,42013,2008-12-04T05:16:22.671,54804.21970685,GIRAFFE,ESO-VLT-U2,ADP.2019-01-30T05:33:57.294.fits,182.D-0222(A),SCIENCE_RBNSPEC_STACK,,,,84.6012083333319,-69.1078055555544
ADP.2019-01-30T05_33_57.302.fits,317952,2008-12-04T05:16:22.671,54804.21970685,GIRAFFE,ESO-VLT-U2,ADP.2019-01-30T05:33:57.302.fits,182.D-0222(A),SCIENCE_RBNSPEC_STACK,,,,84.4659583333319,-69.0735555555544
ADP.2019-01-30T05_33_57.310.fits,303559,2008-12-04T05:16:22.671,54804.21970685,GIRAFFE,ESO-VLT-U2,ADP.2019-01-30T05:33:57.310.fits,182.D-0222(A),SCIENCE_RBNSPEC_STACK,,,,84.3999583333319,-69.2083055555544
ADP.2019-01-30T05_33_57.318.fits,412398,2008-12-04T06:33:40.610,54804.2733867,GIRAFFE,ESO-VLT-U2,ADP.2019-01-30T05:33:57.318.fits,182.D-0222(A),SCIENCE_RBNSPEC_STACK,,,,84.4189166666652,-69.1799166666655
ADP.2019-01-30T05_33_57.326.fits,35804,2008-12-04T05:16:22.671,54804.21970685,GIRAFFE,ESO-VLT-U2,ADP.2019-01-30T05:33:57.326.fits,182.D-0222(A),SCIENCE_RBNSPEC_STACK,,,,84.8053333333319,-69.1576111111099
ADP.2019-01-30T05_33_57.330.fits,317952,2008-12-04T06:33:40.610,54804.2733867,GIRAFFE,ESO-VLT-U2,ADP.2019-01-30T05:33:57.330.fits,182.D-0222(A),SCIENCE_RBNSPEC_STACK,,,,84.4659583333319,-69.0735555555544
ADP.2019-01-30T05_33_57.342.fits,41950,2008-12-04T05:16:22.671,54804.21970685,GIRAFFE,ESO-VLT-U2,ADP.2019-01-30T05:33:57.342.fits,182.D-0222(A),SCIENCE_RBNSPEC_STACK,,,,84.8581249999986,-69.1080555555544
ADP.2019-01-30T05_33_57.346.fits,234,2008-12-04T05:16:22.671,54804.21970685,GIRAFFE,ESO-VLT-U2,ADP.2019-01-30T05:33:57.346.fits,182.D-0222(A),SCIENCE_RBNSPEC_STACK,,,,84.6988333333319,-69.1124722222211
ADP.2019-01-30T05_33_57.354.fits,246635,2008-12-04T06:33:40.610,54804.2733867,GIRAFFE,ESO-VLT-U2,ADP.2019-01-30T05:33:57.354.fits,182.D-0222(A),SCIENCE_RBNSPEC_STACK,,,,84.5104583333319,-69.0616388888877
ADP.2019-01-30T05_33_57.362.fits,345,2008-12-04T05:16:22.671,54804.21970685,GIRAFFE,ESO-VLT-U2,ADP.2019-01-30T05:33:57.362.fits,182.D-0222(A),SCIENCE_RBNSPEC_STACK,,,,84.6996666666652,-69.0924444444433
ADP.2019-01-30T05_33_57.370.fits,459711,2008-12-04T06:33:40.610,54804.2733867,GIRAFFE,ESO-VLT-U2,ADP.2019-01-30T05:33:57.370.fits,182.D-0222(A),SCIENCE_RBNSPEC_STACK,,,,84.4433749999986,-69.1533611111099
ADP.2019-01-30T05_33_57.378.fits,234206,2008-12-04T06:33:40.610,54804.2733867,GIRAFFE,ESO-VLT-U2,ADP.2019-01-30T05:33:57.378.fits,182.D-0222(A),SCIENCE_RBNSPEC_STACK,,,,84.5426249999986,-69.1489999999988
ADP.2019-01-30T05_33_57.390.fits,37748,2008-12-04T05:16:22.671,54804.21970685,GIRAFFE,ESO-VLT-U2,ADP.2019-01-30T05:33:57.390.fits,182.D-0222(A),SCIENCE_RBNSPEC_STACK,,,,84.7007083333319,-69.1428055555544
ADP.2019-01-30T05_33_57.398.fits,242407,2008-12-04T06:33:40.610,54804.2733867,GIRAFFE,ESO-VLT-U2,ADP.2019-01-30T05:33:57.398.fits,182.D-0222(A),SCIENCE_RBNSPEC_STACK,,,,84.4642916666652,-69.0916944444433
ADP.2019-01-30T05_33_57.410.fits,47317,2008-12-04T06:33:40.610,54804.2733867,GIRAFFE,ESO-VLT-U2,ADP.2019-01-30T05:33:57.410.fits,182.D-0222(A),SCIENCE_RBNSPEC_STACK,,,,84.7394999999986,-69.0634444444433
ADP.2019-01-30T05_33_57.418.fits,42013,2008-12-04T06:33:40.610,54804.2733867,GIRAFFE,ESO-VLT-U2,ADP.2019-01-30T05:33:57.418.fits,182.D-0222(A),SCIENCE_RBNSPEC_STACK,,,,84.6012083333319,-69.1078055555544
ADP.2019-01-30T05_33_57.422.fits,16,2008-12-04T05:16:22.671,54804.21970685,GIRAFFE,ESO-VLT-U2,ADP.2019-01-30T05:33:57.422.fits,182.D-0222(A),SCIENCE_RBNSPEC_STACK,,,,84.6498333333319,-69.1025277777766
ADP.2019-01-30T05_33_57.430.fits,134790,2008-12-04T06:33:40.610,54804.2733867,GIRAFFE,ESO-VLT-U2,ADP.2019-01-30T05:33:57.430.fits,182.D-0222(A),SCIENCE_RBNSPEC_STACK,,,,84.6776666666652,-69.0703888888877
ADP.2019-01-30T05_33_57.434.fits,135626,2008-12-04T06:33:40.610,54804.2733867,GIRAFFE,ESO-VLT-U2,ADP.2019-01-30T05:33:57.434.fits,182.D-0222(A),SCIENCE_RBNSPEC_STACK,,,,84.6104166666652,-69.0530555555544
ADP.2019-01-30T05_33_57.458.fits,378395,2008-12-04T06:33:40.610,54804.2733867,GIRAFFE,ESO-VLT-U2,ADP.2019-01-30T05:33:57.458.fits,182.D-0222(A),SCIENCE_RBNSPEC_STACK,,,,84.5432083333319,-69.0418333333321
ADP.2019-01-30T05_33_57.470.fits,39935,2008-12-04T06:33:40.610,54804.2733867,GIRAFFE,ESO-VLT-U2,ADP.2019-01-30T05:33:57.470.fits,182.D-0222(A),SCIENCE_RBNSPEC_STACK,,,,84.7197499999986,-69.1246388888877
ADP.2019-01-30T05_33_57.482.fits,246635,2008-12-04T05:16:22.671,54804.21970685,GIRAFFE,ESO-VLT-U2,ADP.2019-01-30T05:33:57.482.fits,182.D-0222(A),SCIENCE_RBNSPEC_STACK,,,,84.5104583333319,-69.0616388888877
ADP.2019-01-30T05_33_57.490.fits,104090,2008-12-04T06:33:40.610,54804.2733867,GIRAFFE,ESO-VLT-U2,ADP.2019-01-30T05:33:57.490.fits,182.D-0222(A),SCIENCE_RBNSPEC_STACK,,,,84.7458333333319,-69.0456666666655
ADP.2019-01-30T05_33_57.494.fits,318943,2008-12-04T06:33:40.610,54804.2733867,GIRAFFE,ESO-VLT-U2,ADP.2019-01-30T05:33:57.494.fits,182.D-0222(A),SCIENCE_RBNSPEC_STACK,,,,84.5365833333319,-69.0625277777766
ADP.2019-01-30T05_33_57.498.fits,417220,2008-12-04T05:16:22.671,54804.21970685,GIRAFFE,ESO-VLT-U2,ADP.2019-01-30T05:33:57.498.fits,182.D-0222(A),SCIENCE_RBNSPEC_STACK,,,,84.5666666666652,-69.0651944444433
ADP.2019-01-30T05_33_57.502.fits,37748,2008-12-04T06:33:40.610,54804.2733867,GIRAFFE,ESO-VLT-U2,ADP.2019-01-30T05:33:57.502.fits,182.D-0222(A),SCIENCE_RBNSPEC_STACK,,,,84.7007083333319,-69.1428055555544
ADP.2019-01-30T05_33_57.518.fits,37952,2008-12-04T05:16:22.671,54804.21970685,GIRAFFE,ESO-VLT-U2,ADP.2019-01-30T05:33:57.518.fits,182.D-0222(A),SCIENCE_RBNSPEC_STACK,,,,84.7314583333319,-69.1411666666655
ADP.2019-01-30T05_33_57.526.fits,129094,2008-12-04T05:16:22.671,54804.21970685,GIRAFFE,ESO-VLT-U2,ADP.2019-01-30T05:33:57.526.fits,182.D-0222(A),SCIENCE_RBNSPEC_STACK,,,,84.9278749999986,-69.1975833333322
ADP.2019-01-30T05_33_57.530.fits,206,2008-12-04T05:16:22.671,54804.21970685,GIRAFFE,ESO-VLT-U2,ADP.2019-01-30T05:33:57.530.fits,182.D-0222(A),SCIENCE_RBNSPEC_STACK,,,,84.6656249999986,-69.094222222221
ADP.2019-01-30T05_33_57.538.fits,244016,2008-12-04T06:33:40.610,54804.2733867,GIRAFFE,ESO-VLT-U2,ADP.2019-01-30T05:33:57.538.fits,182.D-0222(A),SCIENCE_RBNSPEC_STACK,,,,84.5470833333319,-69.0803333333321
ADP.2019-01-30T05_33_57.542.fits,134790,2008-12-04T05:16:22.671,54804.21970685,GIRAFFE,ESO-VLT-U2,ADP.2019-01-30T05:33:57.542.fits,182.D-0222(A),SCIENCE_RBNSPEC_STACK,,,,84.6776666666652,-69.0703888888877
ADP.2019-01-30T05_33_57.546.fits,170956,2008-12-04T06:33:40.610,54804.2733867,GIRAFFE,ESO-VLT-U2,ADP.2019-01-30T05:33:57.546.fits,182.D-0222(A),SCIENCE_RBNSPEC_STACK,,,,84.9142083333319,-69.1977777777766
ADP.2019-01-30T05_33_57.550.fits,44154,2008-12-04T05:16:22.671,54804.21970685,GIRAFFE,ESO-VLT-U2,ADP.2019-01-30T05:33:57.550.fits,182.D-0222(A),SCIENCE_RBNSPEC_STACK,,,,84.7448333333319,-69.0899722222211
ADP.2019-01-30T05_33_57.558.fits,285,2008-12-04T06:33:40.610,54804.2733867,GIRAFFE,ESO-VLT-U2,ADP.2019-01-30T05:33:57.558.fits,182.D-0222(A),SCIENCE_RBNSPEC_STACK,,,,84.7097083333319,-69.0840833333322
ADP.2019-01-30T05_33_57.570.fits,11,2008-12-04T06:33:40.610,54804.2733867,GIRAFFE,ESO-VLT-U2,ADP.2019-01-30T05:33:57.570.fits,182.D-0222(A),SCIENCE_RBNSPEC_STACK,,,,84.6903749999986,-69.1062222222211
ADP.2019-01-30T05_33_57.574.fits,230003,2008-12-04T05:16:22.671,54804.21970685,GIRAFFE,ESO-VLT-U2,ADP.2019-01-30T05:33:57.574.fits,182.D-0222(A),SCIENCE_RBNSPEC_STACK,,,,84.4836666666652,-69.1774999999988
ADP.2019-01-30T05_33_57.578.fits,37428,2008-12-04T06:33:40.610,54804.2733867,GIRAFFE,ESO-VLT-U2,ADP.2019-01-30T05:33:57.578.fits,182.D-0222(A),SCIENCE_RBNSPEC_STACK,,,,84.6557083333319,-69.1452222222211
ADP.2019-01-30T05_33_57.586.fits,47317,2008-12-04T05:16:22.671,54804.21970685,GIRAFFE,ESO-VLT-U2,ADP.2019-01-30T05:33:57.586.fits,182.D-0222(A),SCIENCE_RBNSPEC_STACK,,,,84.7394999999986,-69.0634444444433
ADP.2019-01-30T05_33_57.606.fits,462233,2008-12-04T06:33:40.610,54804.2733867,GIRAFFE,ESO-VLT-U2,ADP.2019-01-30T05:33:57.606.fits,182.D-0222(A),SCIENCE_RBNSPEC_STACK,,,,84.4639583333319,-69.162972222221
ADP.2019-01-30T05_33_57.626.fits,153336,2008-12-04T06:33:40.610,54804.2733867,GIRAFFE,ESO-VLT-U2,ADP.2019-01-30T05:33:57.626.fits,182.D-0222(A),SCIENCE_RBNSPEC_STACK,,,,84.8021249999986,-69.0691111111099
ADP.2019-01-30T05_33_57.634.fits,230003,2008-12-04T06:33:40.610,54804.2733867,GIRAFFE,ESO-VLT-U2,ADP.2019-01-30T05:33:57.634.fits,182.D-0222(A),SCIENCE_RBNSPEC_STACK,,,,84.4836666666652,-69.1774999999988
ADP.2019-01-30T05_33_57.646.fits,206,2008-12-04T06:33:40.610,54804.2733867,GIRAFFE,ESO-VLT-U2,ADP.2019-01-30T05:33:57.646.fits,182.D-0222(A),SCIENCE_RBNSPEC_STACK,,,,84.6656249999986,-69.094222222221
ADP.2019-01-30T05_33_57.658.fits,49098,2008-12-04T06:33:40.610,54804.2733867,GIRAFFE,ESO-VLT-U2,ADP.2019-01-30T05:33:57.658.fits,182.D-0222(A),SCIENCE_RBNSPEC_STACK,,,,84.7963749999986,-69.049722222221
ADP.2019-01-30T05_33_57.678.fits,42101,2008-12-04T06:33:40.610,54804.2733867,GIRAFFE,ESO-VLT-U2,ADP.2019-01-30T05:33:57.678.fits,182.D-0222(A),SCIENCE_RBNSPEC_STACK,,,,84.7817499999986,-69.1069166666655
ADP.2019-01-30T05_33_57.682.fits,409,2008-12-04T05:16:22.671,54804.21970685,GIRAFFE,ESO-VLT-U2,ADP.2019-01-30T05:33:57.682.fits,182.D-0222(A),SCIENCE_RBNSPEC_STACK,,,,84.6449583333319,-69.0834722222211
ADP.2019-01-30T05_33_57.702.fits,99704,2008-12-04T05:16:22.671,54804.21970685,GIRAFFE,ESO-VLT-U2,ADP.2019-01-30T05:33:57.702.fits,182.D-0222(A),SCIENCE_RBNSPEC_STACK,,,,84.5793749999986,-69.1095833333322
ADP.2019-01-30T05_33_57.734.fits,172,2008-12-04T05:16:22.671,54804.21970685,GIRAFFE,ESO-VLT-U2,ADP.2019-01-30T05:33:57.734.fits,182.D-0222(A),SCIENCE_RBNSPEC_STACK,,,,84.6617916666653,-69.0904166666655
ADP.2019-01-30T05_33_57.738.fits,93170,2008-12-04T05:16:22.671,54804.21970685,GIRAFFE,ESO-VLT-U2,ADP.2019-01-30T05:33:57.738.fits,182.D-0222(A),SCIENCE_RBNSPEC_STACK,,,,84.8901249999986,-69.2065277777766
ADP.2019-01-30T05_33_57.742.fits,313244,2008-12-04T05:16:22.671,54804.21970685,GIRAFFE,ESO-VLT-U2,ADP.2019-01-30T05:33:57.742.fits,182.D-0222(A),SCIENCE_RBNSPEC_STACK,,,,84.5460416666653,-69.1221388888877
ADP.2019-01-30T05_33_57.746.fits,384,2008-12-04T05:16:22.671,54804.21970685,GIRAFFE,ESO-VLT-U2,ADP.2019-01-30T05:33:57.746.fits,182.D-0222(A),SCIENCE_RBNSPEC_STACK,,,,84.6952916666652,-69.0888888888877
ADP.2019-01-30T05_33_57.774.fits,40091,2008-12-04T06:33:40.610,54804.2733867,GIRAFFE,ESO-VLT-U2,ADP.2019-01-30T05:33:57.774.fits,182.D-0222(A),SCIENCE_RBNSPEC_STACK,,,,84.7317916666652,-69.1232499999988
ADP.2019-01-30T05_33_57.778.fits,153204,2008-12-04T05:16:22.671,54804.21970685,GIRAFFE,ESO-VLT-U2,ADP.2019-01-30T05:33:57.778.fits,182.D-0222(A),SCIENCE_RBNSPEC_STACK,,,,84.7808749999986,-69.0723055555544
ADP.2019-01-30T05_33_57.794.fits,172,2008-12-04T06:33:40.610,54804.2733867,GIRAFFE,ESO-VLT-U2,ADP.2019-01-30T05:33:57.794.fits,182.D-0222(A),SCIENCE_RBNSPEC_STACK,,,,84.6617916666653,-69.0904166666655
ADP.2019-01-30T05_33_57.802.fits,153336,2008-12-04T05:16:22.671,54804.21970685,GIRAFFE,ESO-VLT-U2,ADP.2019-01-30T05:33:57.802.fits,182.D-0222(A),SCIENCE_RBNSPEC_STACK,,,,84.8021249999986,-69.0691111111099
ADP.2019-01-30T05_33_57.806.fits,35635,2008-12-04T06:33:40.610,54804.2733867,GIRAFFE,ESO-VLT-U2,ADP.2019-01-30T05:33:57.806.fits,182.D-0222(A),SCIENCE_RBNSPEC_STACK,,,,84.7637499999986,-69.15886111111
ADP.2019-01-30T05_33_57.810.fits,50535,2008-12-04T05:16:22.671,54804.21970685,GIRAFFE,ESO-VLT-U2,ADP.2019-01-30T05:33:57.810.fits,182.D-0222(A),SCIENCE_RBNSPEC_STACK,,,,84.7189583333319,-69.0389722222211
ADP.2019-01-30T05_33_57.842.fits,99074,2008-12-04T06:33:40.610,54804.2733867,GIRAFFE,ESO-VLT-U2,ADP.2019-01-30T05:33:57.842.fits,182.D-0222(A),SCIENCE_RBNSPEC_STACK,,,,84.7387916666652,-69.1193611111099
ADP.2019-01-30T05_33_57.846.fits,303559,2008-12-04T06:33:40.610,54804.2733867,GIRAFFE,ESO-VLT-U2,ADP.2019-01-30T05:33:57.846.fits,182.D-0222(A),SCIENCE_RBNSPEC_STACK,,,,84.3999583333319,-69.2083055555544
ADP.2019-01-30T05_33_57.858.fits,309918,2008-12-04T06:33:40.610,54804.2733867,GIRAFFE,ESO-VLT-U2,ADP.2019-01-30T05:33:57.858.fits,182.D-0222(A),SCIENCE_RBNSPEC_STACK,,,,84.5719166666652,-69.1530833333322
ADP.2019-01-30T05_33_57.882.fits,135873,2008-12-04T05:16:22.671,54804.21970685,GIRAFFE,ESO-VLT-U2,ADP.2019-01-30T05:33:57.882.fits,182.D-0222(A),SCIENCE_RBNSPEC_STACK,,,,84.6890833333319,-69.0475833333322
ADP.2019-01-30T05_33_57.894.fits,36417,2008-12-04T06:33:40.610,54804.2733867,GIRAFFE,ESO-VLT-U2,ADP.2019-01-30T05:33:57.894.fits,182.D-0222(A),SCIENCE_RBNSPEC_STACK,,,,84.8059999999986,-69.1529166666655
ADP.2019-01-30T05_33_57.898.fits,239,2008-12-04T06:33:40.610,54804.2733867,GIRAFFE,ESO-VLT-U2,ADP.2019-01-30T05:33:57.898.fits,182.D-0222(A),SCIENCE_RBNSPEC_STACK,,,,84.7109166666652,-69.0984722222211
ADP.2019-01-30T05_33_57.906.fits,44757,2008-12-04T05:16:22.671,54804.21970685,GIRAFFE,ESO-VLT-U2,ADP.2019-01-30T05:33:57.906.fits,182.D-0222(A),SCIENCE_RBNSPEC_STACK,,,,84.8109583333319,-69.0843055555544
ADP.2019-01-30T05_33_57.926.fits,37952,2008-12-04T06:33:40.610,54804.2733867,GIRAFFE,ESO-VLT-U2,ADP.2019-01-30T05:33:57.926.fits,182.D-0222(A),SCIENCE_RBNSPEC_STACK,,,,84.7314583333319,-69.1411666666655
ADP.2019-01-30T05_33_57.950.fits,98,2008-12-04T05:16:22.671,54804.21970685,GIRAFFE,ESO-VLT-U2,ADP.2019-01-30T05:33:57.950.fits,182.D-0222(A),SCIENCE_RBNSPEC_STACK,,,,84.6250416666653,-69.0848055555544
ADP.2019-01-30T05_33_57.962.fits,384,2008-12-04T06:33:40.610,54804.2733867,GIRAFFE,ESO-VLT-U2,ADP.2019-01-30T05:33:57.962.fits,182.D-0222(A),SCIENCE_RBNSPEC_STACK,,,,84.6952916666652,-69.0888888888877
ADP.2019-01-30T05_33_57.994.fits,42643,2008-12-04T06:33:40.610,54804.2733867,GIRAFFE,ESO-VLT-U2,ADP.2019-01-30T05:33:57.994.fits,182.D-0222(A),SCIENCE_RBNSPEC_STACK,,,,84.8224583333319,-69.1027222222211
ADP.2019-01-30T05_33_58.002.fits,459711,2008-12-04T05:16:22.671,54804.21970685,GIRAFFE,ESO-VLT-U2,ADP.2019-01-30T05:33:58.002.fits,182.D-0222(A),SCIENCE_RBNSPEC_STACK,,,,84.4433749999986,-69.1533611111099
ADP.2019-01-30T05_33_58.006.fits,232642,2008-12-04T05:16:22.671,54804.21970685,GIRAFFE,ESO-VLT-U2,ADP.2019-01-30T05:33:58.006.fits,182.D-0222(A),SCIENCE_RBNSPEC_STACK,,,,84.4627083333319,-69.1594444444433
ADP.2019-01-30T05_33_58.018.fits,169347,2008-12-04T06:33:40.610,54804.2733867,GIRAFFE,ESO-VLT-U2,ADP.2019-01-30T05:33:58.018.fits,182.D-0222(A),SCIENCE_RBNSPEC_STACK,,,,84.6873333333319,-69.1351944444433
ADP.2019-01-30T05_33_58.022.fits,46053,2008-12-04T06:33:40.610,54804.2733867,GIRAFFE,ESO-VLT-U2,ADP.2019-01-30T05:33:58.022.fits,182.D-0222(A),SCIENCE_RBNSPEC_STACK,,,,84.7312916666652,-69.0740833333322
ADP.2019-01-30T05_33_58.026.fits,98,2008-12-04T06:33:40.610,54804.2733867,GIRAFFE,ESO-VLT-U2,ADP.2019-01-30T05:33:58.026.fits,182.D-0222(A),SCIENCE_RBNSPEC_STACK,,,,84.6250416666653,-69.0848055555544
ADP.2019-01-30T05_33_58.034.fits,239,2008-12-04T05:16:22.671,54804.21970685,GIRAFFE,ESO-VLT-U2,ADP.2019-01-30T05:33:58.034.fits,182.D-0222(A),SCIENCE_RBNSPEC_STACK,,,,84.7109166666652,-69.0984722222211
ADP.2019-01-30T05_33_58.038.fits,37468,2008-12-04T06:33:40.610,54804.2733867,GIRAFFE,ESO-VLT-U2,ADP.2019-01-30T05:33:58.038.fits,182.D-0222(A),SCIENCE_RBNSPEC_STACK,,,,84.7519999999986,-69.1447777777766
ADP.2019-01-30T05_33_58.066.fits,43579,2008-12-04T06:33:40.610,54804.2733867,GIRAFFE,ESO-VLT-U2,ADP.2019-01-30T05:33:58.066.fits,182.D-0222(A),SCIENCE_RBNSPEC_STACK,,,,84.7497083333319,-69.0949722222211
ADP.2019-01-30T05_33_58.086.fits,307932,2008-12-04T05:16:22.671,54804.21970685,GIRAFFE,ESO-VLT-U2,ADP.2019-01-30T05:33:58.086.fits,182.D-0222(A),SCIENCE_RBNSPEC_STACK,,,,84.4789583333319,-69.1701666666655
ADP.2019-01-30T05_33_58.102.fits,377662,2008-12-04T06:33:40.610,54804.2733867,GIRAFFE,ESO-VLT-U2,ADP.2019-01-30T05:33:58.102.fits,182.D-0222(A),SCIENCE_RBNSPEC_STACK,,,,84.5054583333319,-69.05386111111
ADP.2019-01-30T05_33_58.106.fits,307853,2008-12-04T06:33:40.610,54804.2733867,GIRAFFE,ESO-VLT-U2,ADP.2019-01-30T05:33:58.106.fits,182.D-0222(A),SCIENCE_RBNSPEC_STACK,,,,84.4082083333319,-69.1707777777766
ADP.2019-01-30T05_33_58.110.fits,99179,2008-12-04T06:33:40.610,54804.2733867,GIRAFFE,ESO-VLT-U2,ADP.2019-01-30T05:33:58.110.fits,182.D-0222(A),SCIENCE_RBNSPEC_STACK,,,,84.8196249999986,-69.1174999999988
ADP.2019-01-30T05_33_58.114.fits,135873,2008-12-04T06:33:40.610,54804.2733867,GIRAFFE,ESO-VLT-U2,ADP.2019-01-30T05:33:58.114.fits,182.D-0222(A),SCIENCE_RBNSPEC_STACK,,,,84.6890833333319,-69.0475833333322
ADP.2019-01-30T05_33_58.118.fits,11,2008-12-04T05:16:22.671,54804.21970685,GIRAFFE,ESO-VLT-U2,ADP.2019-01-30T05:33:58.118.fits,182.D-0222(A),SCIENCE_RBNSPEC_STACK,,,,84.6903749999986,-69.1062222222211
ADP.2019-01-30T05_33_58.122.fits,376885,2008-12-04T06:33:40.610,54804.2733867,GIRAFFE,ESO-VLT-U2,ADP.2019-01-30T05:33:58.122.fits,182.D-0222(A),SCIENCE_RBNSPEC_STACK,,,,84.4792083333319,-69.0668055555544
ADP.2019-01-30T05_33_58.134.fits,152050,2008-12-04T06:33:40.610,54804.2733867,GIRAFFE,ESO-VLT-U2,ADP.2019-01-30T05:33:58.134.fits,182.D-0222(A),SCIENCE_RBNSPEC_STACK,,,,84.6597499999986,-69.1124722222211
ADP.2019-01-30T05_33_58.138.fits,175,2008-12-04T06:33:40.610,54804.2733867,GIRAFFE,ESO-VLT-U2,ADP.2019-01-30T05:33:58.138.fits,182.D-0222(A),SCIENCE_RBNSPEC_STACK,,,,84.6919583333319,-69.1155833333322
ADP.2019-01-30T05_33_58.150.fits,236589,2008-12-04T06:33:40.610,54804.2733867,GIRAFFE,ESO-VLT-U2,ADP.2019-01-30T05:33:58.150.fits,182.D-0222(A),SCIENCE_RBNSPEC_STACK,,,,84.5184583333319,-69.1327499999988
ADP.2019-01-30T05_33_58.154.fits,413612,2008-12-04T05:16:22.671,54804.21970685,GIRAFFE,ESO-VLT-U2,ADP.2019-01-30T05:33:58.154.fits,182.D-0222(A),SCIENCE_RBNSPEC_STACK,,,,84.4663333333319,-69.1557777777766
ADP.2019-01-30T05_33_58.162.fits,47375,2008-12-04T05:16:22.671,54804.21970685,GIRAFFE,ESO-VLT-U2,ADP.2019-01-30T05:33:58.162.fits,182.D-0222(A),SCIENCE_RBNSPEC_STACK,,,,84.7656249999986,-69.0629166666655
ADP.2019-01-30T05_33_58.170.fits,100574,2008-12-04T05:16:22.671,54804.21970685,GIRAFFE,ESO-VLT-U2,ADP.2019-01-30T05:33:58.170.fits,182.D-0222(A),SCIENCE_RBNSPEC_STACK,,,,84.6545416666652,-69.0968888888877
ADP.2019-01-30T05_33_58.174.fits,42101,2008-12-04T05:16:22.671,54804.21970685,GIRAFFE,ESO-VLT-U2,ADP.2019-01-30T05:33:58.174.fits,182.D-0222(A),SCIENCE_RBNSPEC_STACK,,,,84.7817499999986,-69.1069166666655
ADP.2019-01-30T05_33_58.186.fits,52100,2008-12-04T05:16:22.671,54804.21970685,GIRAFFE,ESO-VLT-U2,ADP.2019-01-30T05:33:58.186.fits,182.D-0222(A),SCIENCE_RBNSPEC_STACK,,,,84.7199583333319,-69.0272222222211
ADP.2019-01-30T05_33_58.190.fits,307932,2008-12-04T06:33:40.610,54804.2733867,GIRAFFE,ESO-VLT-U2,ADP.2019-01-30T05:33:58.190.fits,182.D-0222(A),SCIENCE_RBNSPEC_STACK,,,,84.4789583333319,-69.1701666666655
ADP.2019-01-30T05_33_58.206.fits,153806,2008-12-04T06:33:40.610,54804.2733867,GIRAFFE,ESO-VLT-U2,ADP.2019-01-30T05:33:58.206.fits,182.D-0222(A),SCIENCE_RBNSPEC_STACK,,,,84.6766666666652,-69.0511666666655
ADP.2019-01-30T05_33_58.210.fits,41966,2008-12-04T05:16:22.671,54804.21970685,GIRAFFE,ESO-VLT-U2,ADP.2019-01-30T05:33:58.210.fits,182.D-0222(A),SCIENCE_RBNSPEC_STACK,,,,84.7537916666653,-69.1080833333322
ADP.2019-01-30T05_33_58.218.fits,41950,2008-12-04T06:33:40.610,54804.2733867,GIRAFFE,ESO-VLT-U2,ADP.2019-01-30T05:33:58.218.fits,182.D-0222(A),SCIENCE_RBNSPEC_STACK,,,,84.8581249999986,-69.1080555555544
ADP.2019-01-30T05_33_58.222.fits,99156,2008-12-04T05:16:22.671,54804.21970685,GIRAFFE,ESO-VLT-U2,ADP.2019-01-30T05:33:58.222.fits,182.D-0222(A),SCIENCE_RBNSPEC_STACK,,,,84.6749583333319,-69.1180277777766
ADP.2019-01-30T05_33_58.226.fits,412398,2008-12-04T05:16:22.671,54804.21970685,GIRAFFE,ESO-VLT-U2,ADP.2019-01-30T05:33:58.226.fits,182.D-0222(A),SCIENCE_RBNSPEC_STACK,,,,84.4189166666652,-69.1799166666655
ADP.2019-01-30T05_33_58.230.fits,135528,2008-12-04T05:16:22.671,54804.21970685,GIRAFFE,ESO-VLT-U2,ADP.2019-01-30T05:33:58.230.fits,182.D-0222(A),SCIENCE_RBNSPEC_STACK,,,,84.6876249999986,-69.05536111111
ADP.2019-01-30T05_33_58.242.fits,47375,2008-12-04T06:33:40.610,54804.2733867,GIRAFFE,ESO-VLT-U2,ADP.2019-01-30T05:33:58.242.fits,182.D-0222(A),SCIENCE_RBNSPEC_STACK,,,,84.7656249999986,-69.0629166666655
ADP.2019-01-30T05_33_58.246.fits,152050,2008-12-04T05:16:22.671,54804.21970685,GIRAFFE,ESO-VLT-U2,ADP.2019-01-30T05:33:58.246.fits,182.D-0222(A),SCIENCE_RBNSPEC_STACK,,,,84.6597499999986,-69.1124722222211
ADP.2019-01-30T05_33_58.250.fits,236589,2008-12-04T05:16:22.671,54804.21970685,GIRAFFE,ESO-VLT-U2,ADP.2019-01-30T05:33:58.250.fits,182.D-0222(A),SCIENCE_RBNSPEC_STACK,,,,84.5184583333319,-69.1327499999988
ADP.2019-01-30T05_33_58.258.fits,93170,2008-12-04T06:33:40.610,54804.2733867,GIRAFFE,ESO-VLT-U2,ADP.2019-01-30T05:33:58.258.fits,182.D-0222(A),SCIENCE_RBNSPEC_STACK,,,,84.8901249999986,-69.2065277777766
ADP.2019-01-30T05_33_58.266.fits,129094,2008-12-04T06:33:40.610,54804.2733867,GIRAFFE,ESO-VLT-U2,ADP.2019-01-30T05:33:58.266.fits,182.D-0222(A),SCIENCE_RBNSPEC_STACK,,,,84.9278749999986,-69.1975833333322
ADP.2019-01-30T05_33_58.274.fits,413612,2008-12-04T06:33:40.610,54804.2733867,GIRAFFE,ESO-VLT-U2,ADP.2019-01-30T05:33:58.274.fits,182.D-0222(A),SCIENCE_RBNSPEC_STACK,,,,84.4663333333319,-69.1557777777766
ADP.2019-01-30T05_33_58.282.fits,44757,2008-12-04T06:33:40.610,54804.2733867,GIRAFFE,ESO-VLT-U2,ADP.2019-01-30T05:33:58.282.fits,182.D-0222(A),SCIENCE_RBNSPEC_STACK,,,,84.8109583333319,-69.0843055555544
ADP.2019-01-30T05_33_58.286.fits,44347,2008-12-04T05:16:22.671,54804.21970685,GIRAFFE,ESO-VLT-U2,ADP.2019-01-30T05:33:58.286.fits,182.D-0222(A),SCIENCE_RBNSPEC_STACK,,,,84.8252916666652,-69.0879166666655
ADP.2019-01-30T06_28_14.894.fits,102795,2008-11-26T04:18:44.481,54796.1796815,GIRAFFE,ESO-VLT-U2,ADP.2019-01-30T06:28:14.894.fits,182.D-0222(A),SCIENCE_RBNSPEC_STACK,,,,84.6261249999986,-69.0646388888877
ADP.2019-01-30T06_28_14.903.fits,30167,2008-11-26T04:18:44.481,54796.1796815,GIRAFFE,ESO-VLT-U2,ADP.2019-01-30T06:28:14.903.fits,182.D-0222(A),SCIENCE_RBNSPEC_STACK,,,,84.9020416666652,-69.2000833333322
ADP.2019-01-30T06_28_14.907.fits,453,2008-11-26T04:18:44.481,54796.1796815,GIRAFFE,ESO-VLT-U2,ADP.2019-01-30T06:28:14.907.fits,182.D-0222(A),SCIENCE_RBNSPEC_STACK,,,,84.7005416666652,-69.1013333333322
ADP.2019-01-30T06_28_14.911.fits,372967,2008-11-26T04:18:44.481,54796.1796815,GIRAFFE,ESO-VLT-U2,ADP.2019-01-30T06:28:14.911.fits,182.D-0222(A),SCIENCE_RBNSPEC_STACK,,,,84.5582083333319,-69.1299444444433
ADP.2019-01-30T06_28_14.915.fits,152927,2008-11-26T04:18:44.481,54796.1796815,GIRAFFE,ESO-VLT-U2,ADP.2019-01-30T06:28:14.915.fits,182.D-0222(A),SCIENCE_RBNSPEC_STACK,,,,84.7423749999986,-69.0827777777766
ADP.2019-01-30T06_28_14.919.fits,132188,2008-11-26T04:18:44.481,54796.1796815,GIRAFFE,ESO-VLT-U2,ADP.2019-01-30T06:28:14.919.fits,182.D-0222(A),SCIENCE_RBNSPEC_STACK,,,,84.6899583333319,-69.1263333333322
ADP.2019-01-30T06_28_14.923.fits,29838,2008-11-26T04:18:44.481,54796.1796815,GIRAFFE,ESO-VLT-U2,ADP.2019-01-30T06:28:14.923.fits,182.D-0222(A),SCIENCE_RBNSPEC_STACK,,,,84.9402916666652,-69.2022777777766
ADP.2019-01-30T06_28_14.927.fits,38107,2008-11-26T04:18:44.481,54796.1796815,GIRAFFE,ESO-VLT-U2,ADP.2019-01-30T06:28:14.927.fits,182.D-0222(A),SCIENCE_RBNSPEC_STACK,,,,84.6275416666652,-69.1401111111099
ADP.2019-01-30T06_28_14.931.fits,102599,2008-11-26T04:18:44.481,54796.1796815,GIRAFFE,ESO-VLT-U2,ADP.2019-01-30T06:28:14.931.fits,182.D-0222(A),SCIENCE_RBNSPEC_STACK,,,,84.5808333333319,-69.0675277777766
ADP.2019-01-30T06_28_14.935.fits,307677,2008-11-26T04:18:44.481,54796.1796815,GIRAFFE,ESO-VLT-U2,ADP.2019-01-30T06:28:14.935.fits,182.D-0222(A),SCIENCE_RBNSPEC_STACK,,,,84.4807916666652,-69.1724444444433
ADP.2019-01-30T06_28_14.939.fits,237,2008-11-26T04:18:44.481,54796.1796815,GIRAFFE,ESO-VLT-U2,ADP.2019-01-30T06:28:14.939.fits,182.D-0222(A),SCIENCE_RBNSPEC_STACK,,,,84.6855833333319,-69.107972222221
ADP.2019-01-30T06_28_14.943.fits,161474,2008-11-26T04:18:44.481,54796.1796815,GIRAFFE,ESO-VLT-U2,ADP.2019-01-30T06:28:14.943.fits,182.D-0222(A),SCIENCE_RBNSPEC_STACK,,,,84.9164999999986,-69.1987499999988
ADP.2019-01-30T06_28_14.947.fits,46050,2008-11-26T04:18:44.481,54796.1796815,GIRAFFE,ESO-VLT-U2,ADP.2019-01-30T06:28:14.947.fits,182.D-0222(A),SCIENCE_RBNSPEC_STACK,,,,84.6293333333319,-69.0741666666655
ADP.2019-01-30T06_28_14.951.fits,37962,2008-11-26T04:18:44.481,54796.1796815,GIRAFFE,ESO-VLT-U2,ADP.2019-01-30T06:28:14.951.fits,182.D-0222(A),SCIENCE_RBNSPEC_STACK,,,,84.7036249999986,-69.14111111111
ADP.2019-01-30T06_28_14.955.fits,231068,2008-11-26T04:18:44.481,54796.1796815,GIRAFFE,ESO-VLT-U2,ADP.2019-01-30T06:28:14.955.fits,182.D-0222(A),SCIENCE_RBNSPEC_STACK,,,,84.4735416666652,-69.1701111111099
ADP.2019-01-30T06_28_14.959.fits,36906,2008-11-26T04:18:44.481,54796.1796815,GIRAFFE,ESO-VLT-U2,ADP.2019-01-30T06:28:14.959.fits,182.D-0222(A),SCIENCE_RBNSPEC_STACK,,,,84.6863333333319,-69.1491944444433
ADP.2019-01-30T06_28_14.963.fits,103843,2008-11-26T04:18:44.481,54796.1796815,GIRAFFE,ESO-VLT-U2,ADP.2019-01-30T06:28:14.963.fits,182.D-0222(A),SCIENCE_RBNSPEC_STACK,,,,84.6716666666652,-69.0494999999988
ADP.2019-01-30T06_28_14.967.fits,309792,2008-11-26T04:18:44.481,54796.1796815,GIRAFFE,ESO-VLT-U2,ADP.2019-01-30T06:28:14.967.fits,182.D-0222(A),SCIENCE_RBNSPEC_STACK,,,,84.4513749999986,-69.154222222221
ADP.2019-01-30T06_28_14.971.fits,39407,2008-11-26T04:18:44.481,54796.1796815,GIRAFFE,ESO-VLT-U2,ADP.2019-01-30T06:28:14.971.fits,182.D-0222(A),SCIENCE_RBNSPEC_STACK,,,,84.7805416666652,-69.1294166666655
ADP.2019-01-30T06_28_14.975.fits,306805,2008-11-26T04:18:44.481,54796.1796815,GIRAFFE,ESO-VLT-U2,ADP.2019-01-30T06:28:14.975.fits,182.D-0222(A),SCIENCE_RBNSPEC_STACK,,,,84.4202916666652,-69.18011111111
ADP.2019-01-30T06_28_14.979.fits,38684,2008-11-26T04:18:44.481,54796.1796815,GIRAFFE,ESO-VLT-U2,ADP.2019-01-30T06:28:14.979.fits,182.D-0222(A),SCIENCE_RBNSPEC_STACK,,,,84.5927499999986,-69.1355277777766
ADP.2019-01-30T06_28_14.983.fits,134805,2008-11-26T04:18:44.481,54796.1796815,GIRAFFE,ESO-VLT-U2,ADP.2019-01-30T06:28:14.983.fits,182.D-0222(A),SCIENCE_RBNSPEC_STACK,,,,84.7042083333319,-69.0696111111099
ADP.2019-01-30T06_28_14.987.fits,170852,2008-11-26T04:18:44.481,54796.1796815,GIRAFFE,ESO-VLT-U2,ADP.2019-01-30T06:28:14.987.fits,182.D-0222(A),SCIENCE_RBNSPEC_STACK,,,,84.7971666666652,-69.0337777777766
ADP.2019-01-30T06_28_14.991.fits,332,2008-11-26T04:18:44.481,54796.1796815,GIRAFFE,ESO-VLT-U2,ADP.2019-01-30T06:28:14.991.fits,182.D-0222(A),SCIENCE_RBNSPEC_STACK,,,,84.6856666666652,-69.0819444444433
ADP.2019-01-30T06_28_14.995.fits,47758,2008-11-26T04:18:44.481,54796.1796815,GIRAFFE,ESO-VLT-U2,ADP.2019-01-30T06:28:14.995.fits,182.D-0222(A),SCIENCE_RBNSPEC_STACK,,,,84.6158749999986,-69.0601388888877
ADP.2019-01-30T06_28_14.999.fits,42892,2008-11-26T04:18:44.481,54796.1796815,GIRAFFE,ESO-VLT-U2,ADP.2019-01-30T06:28:14.999.fits,182.D-0222(A),SCIENCE_RBNSPEC_STACK,,,,84.7830833333319,-69.1007222222211
ADP.2019-01-30T06_28_15.003.fits,102853,2008-11-26T04:18:44.481,54796.1796815,GIRAFFE,ESO-VLT-U2,ADP.2019-01-30T06:28:15.003.fits,182.D-0222(A),SCIENCE_RBNSPEC_STACK,,,,84.5871249999986,-69.0638888888877
ADP.2019-01-30T06_28_15.007.fits,204,2008-11-26T04:18:44.481,54796.1796815,GIRAFFE,ESO-VLT-U2,ADP.2019-01-30T06:28:15.007.fits,182.D-0222(A),SCIENCE_RBNSPEC_STACK,,,,84.6486666666652,-69.1048333333322
ADP.2019-01-30T06_28_15.011.fits,302957,2008-11-26T04:18:44.481,54796.1796815,GIRAFFE,ESO-VLT-U2,ADP.2019-01-30T06:28:15.011.fits,182.D-0222(A),SCIENCE_RBNSPEC_STACK,,,,84.4611666666652,-69.2134999999988
ADP.2019-01-30T06_28_15.015.fits,413764,2008-11-26T04:18:44.481,54796.1796815,GIRAFFE,ESO-VLT-U2,ADP.2019-01-30T06:28:15.015.fits,182.D-0222(A),SCIENCE_RBNSPEC_STACK,,,,84.4419999999986,-69.1524444444433
ADP.2019-01-30T06_28_15.019.fits,45517,2008-11-26T04:18:44.481,54796.1796815,GIRAFFE,ESO-VLT-U2,ADP.2019-01-30T06:28:15.019.fits,182.D-0222(A),SCIENCE_RBNSPEC_STACK,,,,84.6816666666652,-69.0784444444433
ADP.2019-01-30T06_28_15.023.fits,928141,2008-11-26T04:18:44.481,54796.1796815,GIRAFFE,ESO-VLT-U2,ADP.2019-01-30T06:28:15.023.fits,182.D-0222(A),SCIENCE_RBNSPEC_STACK,,,,84.7377916666652,-69.1015833333322
ADP.2019-01-30T06_28_15.027.fits,151641,2008-11-26T04:18:44.481,54796.1796815,GIRAFFE,ESO-VLT-U2,ADP.2019-01-30T06:28:15.027.fits,182.D-0222(A),SCIENCE_RBNSPEC_STACK,,,,84.7207083333319,-69.1292499999988
ADP.2019-01-30T06_28_15.031.fits,118,2008-11-26T04:18:44.481,54796.1796815,GIRAFFE,ESO-VLT-U2,ADP.2019-01-30T06:28:15.031.fits,182.D-0222(A),SCIENCE_RBNSPEC_STACK,,,,84.7201666666652,-69.1033333333322
ADP.2019-01-30T06_28_15.035.fits,232317,2008-11-26T04:18:44.481,54796.1796815,GIRAFFE,ESO-VLT-U2,ADP.2019-01-30T06:28:15.035.fits,182.D-0222(A),SCIENCE_RBNSPEC_STACK,,,,84.4768333333319,-69.1615555555544
ADP.2019-01-30T06_28_15.039.fits,135215,2008-11-26T04:18:44.481,54796.1796815,GIRAFFE,ESO-VLT-U2,ADP.2019-01-30T06:28:15.039.fits,182.D-0222(A),SCIENCE_RBNSPEC_STACK,,,,84.6792499999986,-69.0624166666655
ADP.2019-01-30T06_28_15.043.fits,104,2008-11-26T04:18:44.481,54796.1796815,GIRAFFE,ESO-VLT-U2,ADP.2019-01-30T06:28:15.043.fits,182.D-0222(A),SCIENCE_RBNSPEC_STACK,,,,84.6777916666652,-69.1099166666655
ADP.2019-01-30T06_28_15.047.fits,42786,2008-11-26T04:18:44.481,54796.1796815,GIRAFFE,ESO-VLT-U2,ADP.2019-01-30T06:28:15.047.fits,182.D-0222(A),SCIENCE_RBNSPEC_STACK,,,,84.6156249999986,-69.1018611111099
ADP.2019-01-30T06_28_15.051.fits,294,2008-11-26T04:18:44.481,54796.1796815,GIRAFFE,ESO-VLT-U2,ADP.2019-01-30T06:28:15.051.fits,182.D-0222(A),SCIENCE_RBNSPEC_STACK,,,,84.6948333333319,-69.0968611111099
ADP.2019-01-30T06_28_15.055.fits,58,2008-11-26T04:18:44.481,54796.1796815,GIRAFFE,ESO-VLT-U2,ADP.2019-01-30T06:28:15.055.fits,182.D-0222(A),SCIENCE_RBNSPEC_STACK,,,,84.7100416666652,-69.0939166666655
ADP.2019-01-30T06_28_15.059.fits,218,2008-11-26T04:18:44.481,54796.1796815,GIRAFFE,ESO-VLT-U2,ADP.2019-01-30T06:28:15.059.fits,182.D-0222(A),SCIENCE_RBNSPEC_STACK,,,,84.6972083333319,-69.1049166666655
ADP.2019-01-30T06_28_15.063.fits,152,2008-11-26T04:18:44.481,54796.1796815,GIRAFFE,ESO-VLT-U2,ADP.2019-01-30T06:28:15.063.fits,182.D-0222(A),SCIENCE_RBNSPEC_STACK,,,,84.6799999999986,-69.0909444444433
ADP.2019-01-30T06_28_15.067.fits,912820,2008-11-26T04:18:44.481,54796.1796815,GIRAFFE,ESO-VLT-U2,ADP.2019-01-30T06:28:15.067.fits,182.D-0222(A),SCIENCE_RBNSPEC_STACK,,,,84.7747499999986,-69.27411111111
ADP.2019-01-30T06_28_15.071.fits,43776,2008-11-26T04:18:44.481,54796.1796815,GIRAFFE,ESO-VLT-U2,ADP.2019-01-30T06:28:15.071.fits,182.D-0222(A),SCIENCE_RBNSPEC_STACK,,,,84.7704999999986,-69.0931388888877
ADP.2019-01-30T06_28_15.075.fits,37002,2008-11-26T04:18:44.481,54796.1796815,GIRAFFE,ESO-VLT-U2,ADP.2019-01-30T06:28:15.075.fits,182.D-0222(A),SCIENCE_RBNSPEC_STACK,,,,84.7069166666653,-69.1485555555544
ADP.2019-01-30T06_28_15.079.fits,93997,2008-11-26T04:18:44.481,54796.1796815,GIRAFFE,ESO-VLT-U2,ADP.2019-01-30T06:28:15.079.fits,182.D-0222(A),SCIENCE_RBNSPEC_STACK,,,,84.9133749999986,-69.1949166666655
ADP.2019-01-30T06_28_15.083.fits,352,2008-11-26T04:18:44.481,54796.1796815,GIRAFFE,ESO-VLT-U2,ADP.2019-01-30T06:28:15.083.fits,182.D-0222(A),SCIENCE_RBNSPEC_STACK,,,,84.7122083333319,-69.0814444444433
ADP.2019-01-30T06_28_15.087.fits,241957,2008-11-26T04:18:44.481,54796.1796815,GIRAFFE,ESO-VLT-U2,ADP.2019-01-30T06:28:15.087.fits,182.D-0222(A),SCIENCE_RBNSPEC_STACK,,,,84.5722499999986,-69.0950277777766
ADP.2019-01-30T06_28_15.091.fits,454705,2008-11-26T04:18:44.481,54796.1796815,GIRAFFE,ESO-VLT-U2,ADP.2019-01-30T06:28:15.091.fits,182.D-0222(A),SCIENCE_RBNSPEC_STACK,,,,84.5620416666652,-69.0634722222211
ADP.2019-01-30T06_28_15.095.fits,102841,2008-11-26T04:18:44.481,54796.1796815,GIRAFFE,ESO-VLT-U2,ADP.2019-01-30T06:28:15.095.fits,182.D-0222(A),SCIENCE_RBNSPEC_STACK,,,,84.7285416666652,-69.0639444444433
ADP.2019-01-30T06_28_15.099.fits,411288,2008-11-26T04:18:44.481,54796.1796815,GIRAFFE,ESO-VLT-U2,ADP.2019-01-30T06:28:15.099.fits,182.D-0222(A),SCIENCE_RBNSPEC_STACK,,,,84.4960833333319,-69.19911111111
ADP.2019-01-30T06_28_15.103.fits,101981,2008-11-26T04:18:44.481,54796.1796815,GIRAFFE,ESO-VLT-U2,ADP.2019-01-30T06:28:15.103.fits,182.D-0222(A),SCIENCE_RBNSPEC_STACK,,,,84.6754999999986,-69.0758055555544
ADP.2019-01-30T06_28_15.107.fits,134727,2008-11-26T04:18:44.481,54796.1796815,GIRAFFE,ESO-VLT-U2,ADP.2019-01-30T06:28:15.107.fits,182.D-0222(A),SCIENCE_RBNSPEC_STACK,,,,84.6119166666652,-69.07161111111
ADP.2019-01-30T06_28_15.111.fits,391,2008-11-26T04:18:44.481,54796.1796815,GIRAFFE,ESO-VLT-U2,ADP.2019-01-30T06:28:15.111.fits,182.D-0222(A),SCIENCE_RBNSPEC_STACK,,,,84.7084583333319,-69.1144444444433
ADP.2019-01-30T06_28_15.115.fits,310586,2008-11-26T04:18:44.481,54796.1796815,GIRAFFE,ESO-VLT-U2,ADP.2019-01-30T06:28:15.115.fits,182.D-0222(A),SCIENCE_RBNSPEC_STACK,,,,84.4610833333319,-69.1467777777766
ADP.2019-01-30T06_28_15.119.fits,93428,2008-11-26T04:18:44.481,54796.1796815,GIRAFFE,ESO-VLT-U2,ADP.2019-01-30T06:28:15.119.fits,182.D-0222(A),SCIENCE_RBNSPEC_STACK,,,,84.8810416666652,-69.2031666666655
ADP.2019-01-30T06_28_15.123.fits,43915,2008-11-26T04:18:44.481,54796.1796815,GIRAFFE,ESO-VLT-U2,ADP.2019-01-30T06:28:15.123.fits,182.D-0222(A),SCIENCE_RBNSPEC_STACK,,,,84.6106666666652,-69.0920833333322
ADP.2019-01-30T06_28_15.127.fits,44975,2008-11-26T04:18:44.481,54796.1796815,GIRAFFE,ESO-VLT-U2,ADP.2019-01-30T06:28:15.127.fits,182.D-0222(A),SCIENCE_RBNSPEC_STACK,,,,84.5795833333319,-69.0828055555544
ADP.2019-01-30T06_28_15.131.fits,163147,2008-11-26T04:18:44.481,54796.1796815,GIRAFFE,ESO-VLT-U2,ADP.2019-01-30T06:28:15.131.fits,182.D-0222(A),SCIENCE_RBNSPEC_STACK,,,,84.7137916666652,-69.0689999999988
ADP.2019-01-30T06_28_15.135.fits,42533,2008-11-26T04:18:44.481,54796.1796815,GIRAFFE,ESO-VLT-U2,ADP.2019-01-30T06:28:15.135.fits,182.D-0222(A),SCIENCE_RBNSPEC_STACK,,,,84.7954583333319,-69.1037777777766
ADP.2019-01-30T06_28_15.139.fits,46404,2008-11-26T04:18:44.481,54796.1796815,GIRAFFE,ESO-VLT-U2,ADP.2019-01-30T06:28:15.139.fits,182.D-0222(A),SCIENCE_RBNSPEC_STACK,,,,84.7720416666652,-69.0711111111099
ADP.2019-01-30T06_28_15.143.fits,304839,2008-11-26T04:18:44.481,54796.1796815,GIRAFFE,ESO-VLT-U2,ADP.2019-01-30T06:28:15.143.fits,182.D-0222(A),SCIENCE_RBNSPEC_STACK,,,,84.4842916666653,-69.1974722222211
ADP.2019-01-30T06_28_15.147.fits,46385,2008-11-26T04:18:44.481,54796.1796815,GIRAFFE,ESO-VLT-U2,ADP.2019-01-30T06:28:15.147.fits,182.D-0222(A),SCIENCE_RBNSPEC_STACK,,,,84.6389166666652,-69.0713888888877
ADP.2019-01-30T06_28_15.151.fits,237983,2008-11-26T04:18:44.481,54796.1796815,GIRAFFE,ESO-VLT-U2,ADP.2019-01-30T06:28:15.151.fits,182.D-0222(A),SCIENCE_RBNSPEC_STACK,,,,84.5732916666652,-69.1234166666655
ADP.2019-01-30T06_28_15.155.fits,413870,2008-11-26T04:18:44.481,54796.1796815,GIRAFFE,ESO-VLT-U2,ADP.2019-01-30T06:28:15.155.fits,182.D-0222(A),SCIENCE_RBNSPEC_STACK,,,,84.4978749999986,-69.150472222221
ADP.2019-01-30T06_28_15.159.fits,308374,2008-11-26T04:18:44.481,54796.1796815,GIRAFFE,ESO-VLT-U2,ADP.2019-01-30T06:28:15.159.fits,182.D-0222(A),SCIENCE_RBNSPEC_STACK,,,,84.4584166666652,-69.1666388888877
ADP.2019-01-30T06_28_15.163.fits,41591,2008-11-26T04:18:44.481,54796.1796815,GIRAFFE,ESO-VLT-U2,ADP.2019-01-30T06:28:15.163.fits,182.D-0222(A),SCIENCE_RBNSPEC_STACK,,,,84.6182916666652,-69.1113333333322
ADP.2019-01-30T06_28_15.167.fits,912398,2008-11-26T04:18:44.481,54796.1796815,GIRAFFE,ESO-VLT-U2,ADP.2019-01-30T06:28:15.167.fits,182.D-0222(A),SCIENCE_RBNSPEC_STACK,,,,84.8105416666652,-69.278472222221
ADP.2019-01-30T06_28_15.171.fits,38437,2008-11-26T04:18:44.481,54796.1796815,GIRAFFE,ESO-VLT-U2,ADP.2019-01-30T06:28:15.171.fits,182.D-0222(A),SCIENCE_RBNSPEC_STACK,,,,84.7495833333319,-69.1373888888877
ADP.2019-01-30T06_28_15.175.fits,97825,2008-11-26T04:18:44.481,54796.1796815,GIRAFFE,ESO-VLT-U2,ADP.2019-01-30T06:28:15.175.fits,182.D-0222(A),SCIENCE_RBNSPEC_STACK,,,,84.6488749999986,-69.1388055555544
ADP.2019-01-30T06_28_15.179.fits,102993,2008-11-26T04:18:44.481,54796.1796815,GIRAFFE,ESO-VLT-U2,ADP.2019-01-30T06:28:15.179.fits,182.D-0222(A),SCIENCE_RBNSPEC_STACK,,,,84.7386666666652,-69.0615555555544
ADP.2019-01-30T06_28_15.183.fits,399,2008-11-26T04:18:44.481,54796.1796815,GIRAFFE,ESO-VLT-U2,ADP.2019-01-30T06:28:15.183.fits,182.D-0222(A),SCIENCE_RBNSPEC_STACK,,,,84.6712916666652,-69.1143055555544
ADP.2019-01-30T06_28_15.187.fits,243016,2008-11-26T04:18:44.481,54796.1796815,GIRAFFE,ESO-VLT-U2,ADP.2019-01-30T06:28:15.187.fits,182.D-0222(A),SCIENCE_RBNSPEC_STACK,,,,84.5539166666652,-69.0874166666655
ADP.2019-01-30T06_28_15.191.fits,310168,2008-11-26T04:18:44.481,54796.1796815,GIRAFFE,ESO-VLT-U2,ADP.2019-01-30T06:28:15.191.fits,182.D-0222(A),SCIENCE_RBNSPEC_STACK,,,,84.4776666666652,-69.1509166666655
ADP.2019-01-30T06_28_15.195.fits,500,2008-11-26T04:18:44.481,54796.1796815,GIRAFFE,ESO-VLT-U2,ADP.2019-01-30T06:28:15.195.fits,182.D-0222(A),SCIENCE_RBNSPEC_STACK,,,,84.6252083333319,-69.1071944444433
ADP.2019-01-30T06_28_15.199.fits,151090,2008-11-26T04:18:44.481,54796.1796815,GIRAFFE,ESO-VLT-U2,ADP.2019-01-30T06:28:15.199.fits,182.D-0222(A),SCIENCE_RBNSPEC_STACK,,,,84.5198333333319,-69.1515277777766
ADP.2019-01-30T06_28_15.203.fits,150152,2008-11-26T04:18:44.481,54796.1796815,GIRAFFE,ESO-VLT-U2,ADP.2019-01-30T06:28:15.203.fits,182.D-0222(A),SCIENCE_RBNSPEC_STACK,,,,84.9240833333319,-69.1919444444433
ADP.2019-01-30T06_28_15.207.fits,97,2008-11-26T04:18:44.481,54796.1796815,GIRAFFE,ESO-VLT-U2,ADP.2019-01-30T06:28:15.207.fits,182.D-0222(A),SCIENCE_RBNSPEC_STACK,,,,84.6584999999986,-69.0953333333321
ADP.2019-01-30T06_28_15.211.fits,412693,2008-11-26T04:18:44.481,54796.1796815,GIRAFFE,ESO-VLT-U2,ADP.2019-01-30T06:28:15.211.fits,182.D-0222(A),SCIENCE_RBNSPEC_STACK,,,,84.4579583333319,-69.1744166666655
ADP.2019-01-30T06_28_15.215.fits,463346,2008-11-26T04:18:44.481,54796.1796815,GIRAFFE,ESO-VLT-U2,ADP.2019-01-30T06:28:15.215.fits,182.D-0222(A),SCIENCE_RBNSPEC_STACK,,,,84.4003333333319,-69.1125833333322
ADP.2019-01-30T06_28_15.219.fits,152091,2008-11-26T04:18:44.481,54796.1796815,GIRAFFE,ESO-VLT-U2,ADP.2019-01-30T06:28:15.219.fits,182.D-0222(A),SCIENCE_RBNSPEC_STACK,,,,84.7371666666652,-69.1108333333322
ADP.2019-01-30T06_28_15.223.fits,408775,2008-11-26T04:18:44.481,54796.1796815,GIRAFFE,ESO-VLT-U2,ADP.2019-01-30T06:28:15.223.fits,182.D-0222(A),SCIENCE_RBNSPEC_STACK,,,,84.4359583333319,-69.240472222221
ADP.2019-01-30T06_28_15.227.fits,208,2008-11-26T04:18:44.481,54796.1796815,GIRAFFE,ESO-VLT-U2,ADP.2019-01-30T06:28:15.227.fits,182.D-0222(A),SCIENCE_RBNSPEC_STACK,,,,84.6582916666652,-69.104222222221
ADP.2019-01-30T06_28_15.231.fits,137590,2008-11-26T04:18:44.481,54796.1796815,GIRAFFE,ESO-VLT-U2,ADP.2019-01-30T06:28:15.231.fits,182.D-0222(A),SCIENCE_RBNSPEC_STACK,,,,84.6978749999986,-69.0069999999988
ADP.2019-01-30T06_28_15.235.fits,98333,2008-11-26T04:18:44.481,54796.1796815,GIRAFFE,ESO-VLT-U2,ADP.2019-01-30T06:28:15.235.fits,182.D-0222(A),SCIENCE_RBNSPEC_STACK,,,,84.6815833333319,-69.1310555555544
ADP.2019-01-30T06_28_15.239.fits,102378,2008-11-26T04:18:44.481,54796.1796815,GIRAFFE,ESO-VLT-U2,ADP.2019-01-30T06:28:15.239.fits,182.D-0222(A),SCIENCE_RBNSPEC_STACK,,,,84.6794583333319,-69.0702777777766
ADP.2019-01-30T06_28_15.243.fits,151380,2008-11-26T04:18:44.481,54796.1796815,GIRAFFE,ESO-VLT-U2,ADP.2019-01-30T06:28:15.243.fits,182.D-0222(A),SCIENCE_RBNSPEC_STACK,,,,84.7349166666652,-69.1396111111099
ADP.2019-01-30T06_28_15.247.fits,150,2008-11-26T04:18:44.481,54796.1796815,GIRAFFE,ESO-VLT-U2,ADP.2019-01-30T06:28:15.247.fits,182.D-0222(A),SCIENCE_RBNSPEC_STACK,,,,84.6478333333319,-69.0826944444433
ADP.2019-01-30T06_28_15.251.fits,941854,2008-11-26T04:18:44.481,54796.1796815,GIRAFFE,ESO-VLT-U2,ADP.2019-01-30T06:28:15.251.fits,182.D-0222(A),SCIENCE_RBNSPEC_STACK,,,,84.7382083333319,-68.9481111111099
ADP.2019-01-30T06_28_15.255.fits,98970,2008-11-26T04:18:44.481,54796.1796815,GIRAFFE,ESO-VLT-U2,ADP.2019-01-30T06:28:15.255.fits,182.D-0222(A),SCIENCE_RBNSPEC_STACK,,,,84.5970833333319,-69.1211111111099
ADP.2019-01-30T06_28_15.259.fits,4,2008-11-26T04:18:44.481,54796.1796815,GIRAFFE,ESO-VLT-U2,ADP.2019-01-30T06:28:15.259.fits,182.D-0222(A),SCIENCE_RBNSPEC_STACK,,,,84.6506249999986,-69.0993888888877
ADP.2019-01-30T06_28_15.263.fits,45895,2008-11-26T04:18:44.481,54796.1796815,GIRAFFE,ESO-VLT-U2,ADP.2019-01-30T06:28:15.263.fits,182.D-0222(A),SCIENCE_RBNSPEC_STACK,,,,84.7724166666652,-69.0752777777766
ADP.2019-01-30T06_28_15.267.fits,393,2008-11-26T04:18:44.481,54796.1796815,GIRAFFE,ESO-VLT-U2,ADP.2019-01-30T06:28:15.267.fits,182.D-0222(A),SCIENCE_RBNSPEC_STACK,,,,84.6383333333319,-69.0809166666655
ADP.2019-01-30T06_28_15.271.fits,40319,2008-11-26T04:18:44.481,54796.1796815,GIRAFFE,ESO-VLT-U2,ADP.2019-01-30T06:28:15.271.fits,182.D-0222(A),SCIENCE_RBNSPEC_STACK,,,,84.7649999999986,-69.1213333333322
ADP.2019-01-30T06_28_15.275.fits,322,2008-11-26T04:18:44.481,54796.1796815,GIRAFFE,ESO-VLT-U2,ADP.2019-01-30T06:28:15.275.fits,182.D-0222(A),SCIENCE_RBNSPEC_STACK,,,,84.6419999999986,-69.0875833333322
ADP.2019-01-30T06_28_15.279.fits,98318,2008-11-26T04:18:44.481,54796.1796815,GIRAFFE,ESO-VLT-U2,ADP.2019-01-30T06:28:15.279.fits,182.D-0222(A),SCIENCE_RBNSPEC_STACK,,,,84.6636666666652,-69.13136111111
ADP.2019-01-30T06_28_15.283.fits,312854,2008-11-26T04:18:44.481,54796.1796815,GIRAFFE,ESO-VLT-U2,ADP.2019-01-30T06:28:15.283.fits,182.D-0222(A),SCIENCE_RBNSPEC_STACK,,,,84.4027499999986,-69.1254999999989
ADP.2019-01-30T06_28_15.287.fits,304834,2008-11-26T04:18:44.481,54796.1796815,GIRAFFE,ESO-VLT-U2,ADP.2019-01-30T06:28:15.287.fits,182.D-0222(A),SCIENCE_RBNSPEC_STACK,,,,84.4715416666652,-69.1974999999988
ADP.2019-01-30T06_28_15.291.fits,99139,2008-11-26T04:18:44.481,54796.1796815,GIRAFFE,ESO-VLT-U2,ADP.2019-01-30T06:28:15.291.fits,182.D-0222(A),SCIENCE_RBNSPEC_STACK,,,,84.7082083333319,-69.1181388888877
ADP.2019-01-30T06_28_15.295.fits,41795,2008-11-26T04:18:44.481,54796.1796815,GIRAFFE,ESO-VLT-U2,ADP.2019-01-30T06:28:15.295.fits,182.D-0222(A),SCIENCE_RBNSPEC_STACK,,,,84.7642499999986,-69.1096111111099
ADP.2019-01-30T06_28_15.299.fits,42199,2008-11-26T04:18:44.481,54796.1796815,GIRAFFE,ESO-VLT-U2,ADP.2019-01-30T06:28:15.299.fits,182.D-0222(A),SCIENCE_RBNSPEC_STACK,,,,84.5848749999986,-69.1063055555544
ADP.2019-01-30T06_28_15.303.fits,411951,2008-11-26T04:18:44.481,54796.1796815,GIRAFFE,ESO-VLT-U2,ADP.2019-01-30T06:28:15.303.fits,182.D-0222(A),SCIENCE_RBNSPEC_STACK,,,,84.4436249999986,-69.1880555555544
ADP.2019-01-30T06_28_15.307.fits,423,2008-11-26T04:18:44.481,54796.1796815,GIRAFFE,ESO-VLT-U2,ADP.2019-01-30T06:28:15.307.fits,182.D-0222(A),SCIENCE_RBNSPEC_STACK,,,,84.6382916666653,-69.0914166666655
ADP.2019-01-30T06_28_15.311.fits,265,2008-11-26T04:18:44.481,54796.1796815,GIRAFFE,ESO-VLT-U2,ADP.2019-01-30T06:28:15.311.fits,182.D-0222(A),SCIENCE_RBNSPEC_STACK,,,,84.6728749999986,-69.0929166666655
ADP.2019-01-30T06_28_15.315.fits,40565,2008-11-26T04:18:44.481,54796.1796815,GIRAFFE,ESO-VLT-U2,ADP.2019-01-30T06:28:15.315.fits,182.D-0222(A),SCIENCE_RBNSPEC_STACK,,,,84.5826666666652,-69.119472222221
ADP.2019-01-30T06_28_15.319.fits,38321,2008-11-26T04:18:44.481,54796.1796815,GIRAFFE,ESO-VLT-U2,ADP.2019-01-30T06:28:15.319.fits,182.D-0222(A),SCIENCE_RBNSPEC_STACK,,,,84.7634166666652,-69.1383888888877
ADP.2019-01-30T06_28_15.323.fits,222,2008-11-26T04:18:44.481,54796.1796815,GIRAFFE,ESO-VLT-U2,ADP.2019-01-30T06:28:15.323.fits,182.D-0222(A),SCIENCE_RBNSPEC_STACK,,,,84.6604999999985,-69.1129166666655
ADP.2019-01-30T06_28_15.327.fits,110,2008-11-26T04:18:44.481,54796.1796815,GIRAFFE,ESO-VLT-U2,ADP.2019-01-30T06:28:15.327.fits,182.D-0222(A),SCIENCE_RBNSPEC_STACK,,,,84.6940833333319,-69.09361111111
ADP.2019-01-30T06_28_15.331.fits,44073,2008-11-26T04:18:44.481,54796.1796815,GIRAFFE,ESO-VLT-U2,ADP.2019-01-30T06:28:15.331.fits,182.D-0222(A),SCIENCE_RBNSPEC_STACK,,,,84.7618749999986,-69.0906388888877
ADP.2019-01-30T06_35_31.887.fits,37962,2008-11-25T06:06:40.319,54795.25463333,GIRAFFE,ESO-VLT-U2,ADP.2019-01-30T06:35:31.887.fits,182.D-0222(A),SCIENCE_RBNSPEC_STACK,,,,84.7036249999986,-69.14111111111
ADP.2019-01-30T06_35_31.913.fits,307677,2008-11-25T06:06:40.319,54795.25463333,GIRAFFE,ESO-VLT-U2,ADP.2019-01-30T06:35:31.913.fits,182.D-0222(A),SCIENCE_RBNSPEC_STACK,,,,84.4807916666652,-69.1724444444433
ADP.2019-01-30T06_35_31.921.fits,243016,2008-11-25T06:06:40.319,54795.25463333,GIRAFFE,ESO-VLT-U2,ADP.2019-01-30T06:35:31.921.fits,182.D-0222(A),SCIENCE_RBNSPEC_STACK,,,,84.5539166666652,-69.0874166666655
ADP.2019-01-30T06_35_31.925.fits,42533,2008-11-25T06:06:40.319,54795.25463333,GIRAFFE,ESO-VLT-U2,ADP.2019-01-30T06:35:31.925.fits,182.D-0222(A),SCIENCE_RBNSPEC_STACK,,,,84.7954583333319,-69.1037777777766
ADP.2019-01-30T06_35_31.973.fits,912398,2008-11-25T06:06:40.319,54795.25463333,GIRAFFE,ESO-VLT-U2,ADP.2019-01-30T06:35:31.973.fits,182.D-0222(A),SCIENCE_RBNSPEC_STACK,,,,84.8105416666652,-69.278472222221
ADP.2019-01-30T06_35_32.009.fits,152,2008-11-25T06:06:40.319,54795.25463333,GIRAFFE,ESO-VLT-U2,ADP.2019-01-30T06:35:32.009.fits,182.D-0222(A),SCIENCE_RBNSPEC_STACK,,,,84.6799999999986,-69.0909444444433
ADP.2019-01-30T06_35_32.013.fits,40565,2008-11-25T06:06:40.319,54795.25463333,GIRAFFE,ESO-VLT-U2,ADP.2019-01-30T06:35:32.013.fits,182.D-0222(A),SCIENCE_RBNSPEC_STACK,,,,84.5826666666652,-69.119472222221
ADP.2019-01-30T06_35_32.057.fits,309792,2008-11-25T06:06:40.319,54795.25463333,GIRAFFE,ESO-VLT-U2,ADP.2019-01-30T06:35:32.057.fits,182.D-0222(A),SCIENCE_RBNSPEC_STACK,,,,84.4513749999986,-69.154222222221
ADP.2019-01-30T06_35_32.061.fits,132188,2008-11-25T06:06:40.319,54795.25463333,GIRAFFE,ESO-VLT-U2,ADP.2019-01-30T06:35:32.061.fits,182.D-0222(A),SCIENCE_RBNSPEC_STACK,,,,84.6899583333319,-69.1263333333322
ADP.2019-01-30T06_35_32.065.fits,29838,2008-11-25T06:06:40.319,54795.25463333,GIRAFFE,ESO-VLT-U2,ADP.2019-01-30T06:35:32.065.fits,182.D-0222(A),SCIENCE_RBNSPEC_STACK,,,,84.9402916666652,-69.2022777777766
ADP.2019-01-30T06_35_32.073.fits,310586,2008-11-25T06:06:40.319,54795.25463333,GIRAFFE,ESO-VLT-U2,ADP.2019-01-30T06:35:32.073.fits,182.D-0222(A),SCIENCE_RBNSPEC_STACK,,,,84.4610833333319,-69.1467777777766
ADP.2019-01-30T06_35_32.077.fits,408775,2008-11-25T06:06:40.319,54795.25463333,GIRAFFE,ESO-VLT-U2,ADP.2019-01-30T06:35:32.077.fits,182.D-0222(A),SCIENCE_RBNSPEC_STACK,,,,84.4359583333319,-69.240472222221
ADP.2019-01-30T06_35_32.085.fits,39407,2008-11-25T06:06:40.319,54795.25463333,GIRAFFE,ESO-VLT-U2,ADP.2019-01-30T06:35:32.085.fits,182.D-0222(A),SCIENCE_RBNSPEC_STACK,,,,84.7805416666652,-69.1294166666655
ADP.2019-01-30T06_35_32.097.fits,93428,2008-11-25T06:06:40.319,54795.25463333,GIRAFFE,ESO-VLT-U2,ADP.2019-01-30T06:35:32.097.fits,182.D-0222(A),SCIENCE_RBNSPEC_STACK,,,,84.8810416666652,-69.2031666666655
ADP.2019-01-30T06_35_32.105.fits,310168,2008-11-25T06:06:40.319,54795.25463333,GIRAFFE,ESO-VLT-U2,ADP.2019-01-30T06:35:32.105.fits,182.D-0222(A),SCIENCE_RBNSPEC_STACK,,,,84.4776666666652,-69.1509166666655
ADP.2019-01-30T06_35_32.109.fits,38321,2008-11-25T06:06:40.319,54795.25463333,GIRAFFE,ESO-VLT-U2,ADP.2019-01-30T06:35:32.109.fits,182.D-0222(A),SCIENCE_RBNSPEC_STACK,,,,84.7634166666652,-69.1383888888877
ADP.2019-01-30T06_35_32.133.fits,97,2008-11-25T06:06:40.319,54795.25463333,GIRAFFE,ESO-VLT-U2,ADP.2019-01-30T06:35:32.133.fits,182.D-0222(A),SCIENCE_RBNSPEC_STACK,,,,84.6584999999986,-69.0953333333321
ADP.2019-01-30T06_35_32.141.fits,928141,2008-11-25T06:06:40.319,54795.25463333,GIRAFFE,ESO-VLT-U2,ADP.2019-01-30T06:35:32.141.fits,182.D-0222(A),SCIENCE_RBNSPEC_STACK,,,,84.7377916666652,-69.1015833333322
ADP.2019-01-30T06_35_32.153.fits,222,2008-11-25T06:06:40.319,54795.25463333,GIRAFFE,ESO-VLT-U2,ADP.2019-01-30T06:35:32.153.fits,182.D-0222(A),SCIENCE_RBNSPEC_STACK,,,,84.6604999999985,-69.1129166666655
ADP.2019-01-30T06_35_32.157.fits,308374,2008-11-25T06:06:40.319,54795.25463333,GIRAFFE,ESO-VLT-U2,ADP.2019-01-30T06:35:32.157.fits,182.D-0222(A),SCIENCE_RBNSPEC_STACK,,,,84.4584166666652,-69.1666388888877
ADP.2019-01-30T06_35_32.161.fits,941854,2008-11-25T06:06:40.319,54795.25463333,GIRAFFE,ESO-VLT-U2,ADP.2019-01-30T06:35:32.161.fits,182.D-0222(A),SCIENCE_RBNSPEC_STACK,,,,84.7382083333319,-68.9481111111099
ADP.2019-01-30T06_35_32.185.fits,312854,2008-11-25T06:06:40.319,54795.25463333,GIRAFFE,ESO-VLT-U2,ADP.2019-01-30T06:35:32.185.fits,182.D-0222(A),SCIENCE_RBNSPEC_STACK,,,,84.4027499999986,-69.1254999999989
ADP.2019-01-30T06_35_32.197.fits,46385,2008-11-25T06:06:40.319,54795.25463333,GIRAFFE,ESO-VLT-U2,ADP.2019-01-30T06:35:32.197.fits,182.D-0222(A),SCIENCE_RBNSPEC_STACK,,,,84.6389166666652,-69.0713888888877
ADP.2019-01-30T06_35_32.209.fits,237,2008-11-25T06:06:40.319,54795.25463333,GIRAFFE,ESO-VLT-U2,ADP.2019-01-30T06:35:32.209.fits,182.D-0222(A),SCIENCE_RBNSPEC_STACK,,,,84.6855833333319,-69.107972222221
ADP.2019-01-30T06_35_32.217.fits,99139,2008-11-25T06:06:40.319,54795.25463333,GIRAFFE,ESO-VLT-U2,ADP.2019-01-30T06:35:32.217.fits,182.D-0222(A),SCIENCE_RBNSPEC_STACK,,,,84.7082083333319,-69.1181388888877
ADP.2019-01-30T06_35_32.229.fits,43915,2008-11-25T06:06:40.319,54795.25463333,GIRAFFE,ESO-VLT-U2,ADP.2019-01-30T06:35:32.229.fits,182.D-0222(A),SCIENCE_RBNSPEC_STACK,,,,84.6106666666652,-69.0920833333322
ADP.2019-01-30T06_35_32.273.fits,150152,2008-11-25T06:06:40.319,54795.25463333,GIRAFFE,ESO-VLT-U2,ADP.2019-01-30T06:35:32.273.fits,182.D-0222(A),SCIENCE_RBNSPEC_STACK,,,,84.9240833333319,-69.1919444444433
ADP.2019-01-30T06_35_32.281.fits,306805,2008-11-25T06:06:40.319,54795.25463333,GIRAFFE,ESO-VLT-U2,ADP.2019-01-30T06:35:32.281.fits,182.D-0222(A),SCIENCE_RBNSPEC_STACK,,,,84.4202916666652,-69.18011111111
ADP.2019-01-30T06_35_32.289.fits,463346,2008-11-25T06:06:40.319,54795.25463333,GIRAFFE,ESO-VLT-U2,ADP.2019-01-30T06:35:32.289.fits,182.D-0222(A),SCIENCE_RBNSPEC_STACK,,,,84.4003333333319,-69.1125833333322
ADP.2019-01-30T06_35_32.293.fits,135215,2008-11-25T06:06:40.319,54795.25463333,GIRAFFE,ESO-VLT-U2,ADP.2019-01-30T06:35:32.293.fits,182.D-0222(A),SCIENCE_RBNSPEC_STACK,,,,84.6792499999986,-69.0624166666655
ADP.2019-01-30T06_35_32.301.fits,161474,2008-11-25T06:06:40.319,54795.25463333,GIRAFFE,ESO-VLT-U2,ADP.2019-01-30T06:35:32.301.fits,182.D-0222(A),SCIENCE_RBNSPEC_STACK,,,,84.9164999999986,-69.1987499999988
ADP.2019-01-30T06_35_32.313.fits,134727,2008-11-25T06:06:40.319,54795.25463333,GIRAFFE,ESO-VLT-U2,ADP.2019-01-30T06:35:32.313.fits,182.D-0222(A),SCIENCE_RBNSPEC_STACK,,,,84.6119166666652,-69.07161111111
ADP.2019-01-30T06_35_32.329.fits,102378,2008-11-25T06:06:40.319,54795.25463333,GIRAFFE,ESO-VLT-U2,ADP.2019-01-30T06:35:32.329.fits,182.D-0222(A),SCIENCE_RBNSPEC_STACK,,,,84.6794583333319,-69.0702777777766
ADP.2019-01-30T06_35_32.337.fits,218,2008-11-25T06:06:40.319,54795.25463333,GIRAFFE,ESO-VLT-U2,ADP.2019-01-30T06:35:32.337.fits,182.D-0222(A),SCIENCE_RBNSPEC_STACK,,,,84.6972083333319,-69.1049166666655
ADP.2019-01-30T06_35_32.345.fits,38684,2008-11-25T06:06:40.319,54795.25463333,GIRAFFE,ESO-VLT-U2,ADP.2019-01-30T06:35:32.345.fits,182.D-0222(A),SCIENCE_RBNSPEC_STACK,,,,84.5927499999986,-69.1355277777766
ADP.2019-01-30T06_35_32.365.fits,118,2008-11-25T06:06:40.319,54795.25463333,GIRAFFE,ESO-VLT-U2,ADP.2019-01-30T06:35:32.365.fits,182.D-0222(A),SCIENCE_RBNSPEC_STACK,,,,84.7201666666652,-69.1033333333322
ADP.2019-01-30T06_35_32.369.fits,413870,2008-11-25T06:06:40.319,54795.25463333,GIRAFFE,ESO-VLT-U2,ADP.2019-01-30T06:35:32.369.fits,182.D-0222(A),SCIENCE_RBNSPEC_STACK,,,,84.4978749999986,-69.150472222221
ADP.2019-01-30T06_35_32.401.fits,102853,2008-11-25T06:06:40.319,54795.25463333,GIRAFFE,ESO-VLT-U2,ADP.2019-01-30T06:35:32.401.fits,182.D-0222(A),SCIENCE_RBNSPEC_STACK,,,,84.5871249999986,-69.0638888888877
ADP.2019-01-30T06_35_32.405.fits,413764,2008-11-25T06:06:40.319,54795.25463333,GIRAFFE,ESO-VLT-U2,ADP.2019-01-30T06:35:32.405.fits,182.D-0222(A),SCIENCE_RBNSPEC_STACK,,,,84.4419999999986,-69.1524444444433
ADP.2019-01-30T06_35_32.417.fits,103843,2008-11-25T06:06:40.319,54795.25463333,GIRAFFE,ESO-VLT-U2,ADP.2019-01-30T06:35:32.417.fits,182.D-0222(A),SCIENCE_RBNSPEC_STACK,,,,84.6716666666652,-69.0494999999988
ADP.2019-01-30T06_35_32.421.fits,151641,2008-11-25T06:06:40.319,54795.25463333,GIRAFFE,ESO-VLT-U2,ADP.2019-01-30T06:35:32.421.fits,182.D-0222(A),SCIENCE_RBNSPEC_STACK,,,,84.7207083333319,-69.1292499999988
ADP.2019-01-30T06_35_32.425.fits,411288,2008-11-25T06:06:40.319,54795.25463333,GIRAFFE,ESO-VLT-U2,ADP.2019-01-30T06:35:32.425.fits,182.D-0222(A),SCIENCE_RBNSPEC_STACK,,,,84.4960833333319,-69.19911111111
ADP.2019-01-30T06_35_32.433.fits,44073,2008-11-25T06:06:40.319,54795.25463333,GIRAFFE,ESO-VLT-U2,ADP.2019-01-30T06:35:32.433.fits,182.D-0222(A),SCIENCE_RBNSPEC_STACK,,,,84.7618749999986,-69.0906388888877
ADP.2019-01-30T06_35_32.437.fits,423,2008-11-25T06:06:40.319,54795.25463333,GIRAFFE,ESO-VLT-U2,ADP.2019-01-30T06:35:32.437.fits,182.D-0222(A),SCIENCE_RBNSPEC_STACK,,,,84.6382916666653,-69.0914166666655
ADP.2019-01-30T06_35_32.453.fits,152091,2008-11-25T06:06:40.319,54795.25463333,GIRAFFE,ESO-VLT-U2,ADP.2019-01-30T06:35:32.453.fits,182.D-0222(A),SCIENCE_RBNSPEC_STACK,,,,84.7371666666652,-69.1108333333322
ADP.2019-01-30T06_35_32.457.fits,151090,2008-11-25T06:06:40.319,54795.25463333,GIRAFFE,ESO-VLT-U2,ADP.2019-01-30T06:35:32.457.fits,182.D-0222(A),SCIENCE_RBNSPEC_STACK,,,,84.5198333333319,-69.1515277777766
ADP.2019-01-30T06_35_32.465.fits,137590,2008-11-25T06:06:40.319,54795.25463333,GIRAFFE,ESO-VLT-U2,ADP.2019-01-30T06:35:32.465.fits,182.D-0222(A),SCIENCE_RBNSPEC_STACK,,,,84.6978749999986,-69.0069999999988
ADP.2019-01-30T06_35_32.469.fits,204,2008-11-25T06:06:40.319,54795.25463333,GIRAFFE,ESO-VLT-U2,ADP.2019-01-30T06:35:32.469.fits,182.D-0222(A),SCIENCE_RBNSPEC_STACK,,,,84.6486666666652,-69.1048333333322
ADP.2019-01-30T06_35_32.473.fits,237983,2008-11-25T06:06:40.319,54795.25463333,GIRAFFE,ESO-VLT-U2,ADP.2019-01-30T06:35:32.473.fits,182.D-0222(A),SCIENCE_RBNSPEC_STACK,,,,84.5732916666652,-69.1234166666655
ADP.2019-01-30T06_35_32.489.fits,47758,2008-11-25T06:06:40.319,54795.25463333,GIRAFFE,ESO-VLT-U2,ADP.2019-01-30T06:35:32.489.fits,182.D-0222(A),SCIENCE_RBNSPEC_STACK,,,,84.6158749999986,-69.0601388888877
ADP.2019-01-30T06_35_32.493.fits,150,2008-11-25T06:06:40.319,54795.25463333,GIRAFFE,ESO-VLT-U2,ADP.2019-01-30T06:35:32.493.fits,182.D-0222(A),SCIENCE_RBNSPEC_STACK,,,,84.6478333333319,-69.0826944444433
ADP.2019-01-30T06_35_32.505.fits,37002,2008-11-25T06:06:40.319,54795.25463333,GIRAFFE,ESO-VLT-U2,ADP.2019-01-30T06:35:32.505.fits,182.D-0222(A),SCIENCE_RBNSPEC_STACK,,,,84.7069166666653,-69.1485555555544
ADP.2019-01-30T06_35_32.509.fits,45895,2008-11-25T06:06:40.319,54795.25463333,GIRAFFE,ESO-VLT-U2,ADP.2019-01-30T06:35:32.509.fits,182.D-0222(A),SCIENCE_RBNSPEC_STACK,,,,84.7724166666652,-69.0752777777766
ADP.2019-01-30T06_35_32.517.fits,104,2008-11-25T06:06:40.319,54795.25463333,GIRAFFE,ESO-VLT-U2,ADP.2019-01-30T06:35:32.517.fits,182.D-0222(A),SCIENCE_RBNSPEC_STACK,,,,84.6777916666652,-69.1099166666655
ADP.2019-01-30T06_35_32.525.fits,38437,2008-11-25T06:06:40.319,54795.25463333,GIRAFFE,ESO-VLT-U2,ADP.2019-01-30T06:35:32.525.fits,182.D-0222(A),SCIENCE_RBNSPEC_STACK,,,,84.7495833333319,-69.1373888888877
ADP.2019-01-30T06_35_32.529.fits,97825,2008-11-25T06:06:40.319,54795.25463333,GIRAFFE,ESO-VLT-U2,ADP.2019-01-30T06:35:32.529.fits,182.D-0222(A),SCIENCE_RBNSPEC_STACK,,,,84.6488749999986,-69.1388055555544
ADP.2019-01-30T06_35_32.533.fits,98318,2008-11-25T06:06:40.319,54795.25463333,GIRAFFE,ESO-VLT-U2,ADP.2019-01-30T06:35:32.533.fits,182.D-0222(A),SCIENCE_RBNSPEC_STACK,,,,84.6636666666652,-69.13136111111
ADP.2019-01-30T06_35_32.541.fits,302957,2008-11-25T06:06:40.319,54795.25463333,GIRAFFE,ESO-VLT-U2,ADP.2019-01-30T06:35:32.541.fits,182.D-0222(A),SCIENCE_RBNSPEC_STACK,,,,84.4611666666652,-69.2134999999988
ADP.2019-01-30T06_35_32.573.fits,231068,2008-11-25T06:06:40.319,54795.25463333,GIRAFFE,ESO-VLT-U2,ADP.2019-01-30T06:35:32.573.fits,182.D-0222(A),SCIENCE_RBNSPEC_STACK,,,,84.4735416666652,-69.1701111111099
ADP.2019-01-30T06_35_32.589.fits,44975,2008-11-25T06:06:40.319,54795.25463333,GIRAFFE,ESO-VLT-U2,ADP.2019-01-30T06:35:32.589.fits,182.D-0222(A),SCIENCE_RBNSPEC_STACK,,,,84.5795833333319,-69.0828055555544
ADP.2019-01-30T06_35_32.601.fits,102841,2008-11-25T06:06:40.319,54795.25463333,GIRAFFE,ESO-VLT-U2,ADP.2019-01-30T06:35:32.601.fits,182.D-0222(A),SCIENCE_RBNSPEC_STACK,,,,84.7285416666652,-69.0639444444433
ADP.2019-01-30T06_35_32.609.fits,304834,2008-11-25T06:06:40.319,54795.25463333,GIRAFFE,ESO-VLT-U2,ADP.2019-01-30T06:35:32.609.fits,182.D-0222(A),SCIENCE_RBNSPEC_STACK,,,,84.4715416666652,-69.1974999999988
ADP.2019-01-30T06_35_32.633.fits,399,2008-11-25T06:06:40.319,54795.25463333,GIRAFFE,ESO-VLT-U2,ADP.2019-01-30T06:35:32.633.fits,182.D-0222(A),SCIENCE_RBNSPEC_STACK,,,,84.6712916666652,-69.1143055555544
ADP.2019-01-30T06_35_32.637.fits,352,2008-11-25T06:06:40.319,54795.25463333,GIRAFFE,ESO-VLT-U2,ADP.2019-01-30T06:35:32.637.fits,182.D-0222(A),SCIENCE_RBNSPEC_STACK,,,,84.7122083333319,-69.0814444444433
ADP.2019-01-30T06_35_32.649.fits,98333,2008-11-25T06:06:40.319,54795.25463333,GIRAFFE,ESO-VLT-U2,ADP.2019-01-30T06:35:32.649.fits,182.D-0222(A),SCIENCE_RBNSPEC_STACK,,,,84.6815833333319,-69.1310555555544
ADP.2019-01-30T06_35_32.669.fits,42786,2008-11-25T06:06:40.319,54795.25463333,GIRAFFE,ESO-VLT-U2,ADP.2019-01-30T06:35:32.669.fits,182.D-0222(A),SCIENCE_RBNSPEC_STACK,,,,84.6156249999986,-69.1018611111099
ADP.2019-01-30T06_35_32.673.fits,46404,2008-11-25T06:06:40.319,54795.25463333,GIRAFFE,ESO-VLT-U2,ADP.2019-01-30T06:35:32.673.fits,182.D-0222(A),SCIENCE_RBNSPEC_STACK,,,,84.7720416666652,-69.0711111111099
ADP.2019-01-30T06_35_32.693.fits,134805,2008-11-25T06:06:40.319,54795.25463333,GIRAFFE,ESO-VLT-U2,ADP.2019-01-30T06:35:32.693.fits,182.D-0222(A),SCIENCE_RBNSPEC_STACK,,,,84.7042083333319,-69.0696111111099
ADP.2019-01-30T06_35_32.705.fits,102599,2008-11-25T06:06:40.319,54795.25463333,GIRAFFE,ESO-VLT-U2,ADP.2019-01-30T06:35:32.705.fits,182.D-0222(A),SCIENCE_RBNSPEC_STACK,,,,84.5808333333319,-69.0675277777766
ADP.2019-01-30T06_35_32.713.fits,208,2008-11-25T06:06:40.319,54795.25463333,GIRAFFE,ESO-VLT-U2,ADP.2019-01-30T06:35:32.713.fits,182.D-0222(A),SCIENCE_RBNSPEC_STACK,,,,84.6582916666652,-69.104222222221
ADP.2019-01-30T06_35_32.717.fits,912820,2008-11-25T06:06:40.319,54795.25463333,GIRAFFE,ESO-VLT-U2,ADP.2019-01-30T06:35:32.717.fits,182.D-0222(A),SCIENCE_RBNSPEC_STACK,,,,84.7747499999986,-69.27411111111
ADP.2019-01-30T06_35_32.725.fits,322,2008-11-25T06:06:40.319,54795.25463333,GIRAFFE,ESO-VLT-U2,ADP.2019-01-30T06:35:32.725.fits,182.D-0222(A),SCIENCE_RBNSPEC_STACK,,,,84.6419999999986,-69.0875833333322
ADP.2019-01-30T06_35_32.737.fits,332,2008-11-25T06:06:40.319,54795.25463333,GIRAFFE,ESO-VLT-U2,ADP.2019-01-30T06:35:32.737.fits,182.D-0222(A),SCIENCE_RBNSPEC_STACK,,,,84.6856666666652,-69.0819444444433
ADP.2019-01-30T06_35_32.757.fits,98970,2008-11-25T06:06:40.319,54795.25463333,GIRAFFE,ESO-VLT-U2,ADP.2019-01-30T06:35:32.757.fits,182.D-0222(A),SCIENCE_RBNSPEC_STACK,,,,84.5970833333319,-69.1211111111099
ADP.2019-01-30T06_35_32.761.fits,304839,2008-11-25T06:06:40.319,54795.25463333,GIRAFFE,ESO-VLT-U2,ADP.2019-01-30T06:35:32.761.fits,182.D-0222(A),SCIENCE_RBNSPEC_STACK,,,,84.4842916666653,-69.1974722222211
ADP.2019-01-30T06_35_32.769.fits,101981,2008-11-25T06:06:40.319,54795.25463333,GIRAFFE,ESO-VLT-U2,ADP.2019-01-30T06:35:32.769.fits,182.D-0222(A),SCIENCE_RBNSPEC_STACK,,,,84.6754999999986,-69.0758055555544
ADP.2019-01-30T06_35_32.777.fits,393,2008-11-25T06:06:40.319,54795.25463333,GIRAFFE,ESO-VLT-U2,ADP.2019-01-30T06:35:32.777.fits,182.D-0222(A),SCIENCE_RBNSPEC_STACK,,,,84.6383333333319,-69.0809166666655
ADP.2019-01-30T06_35_32.805.fits,102795,2008-11-25T06:06:40.319,54795.25463333,GIRAFFE,ESO-VLT-U2,ADP.2019-01-30T06:35:32.805.fits,182.D-0222(A),SCIENCE_RBNSPEC_STACK,,,,84.6261249999986,-69.0646388888877
ADP.2019-01-30T06_35_32.813.fits,391,2008-11-25T06:06:40.319,54795.25463333,GIRAFFE,ESO-VLT-U2,ADP.2019-01-30T06:35:32.813.fits,182.D-0222(A),SCIENCE_RBNSPEC_STACK,,,,84.7084583333319,-69.1144444444433
ADP.2019-01-30T06_35_32.817.fits,152927,2008-11-25T06:06:40.319,54795.25463333,GIRAFFE,ESO-VLT-U2,ADP.2019-01-30T06:35:32.817.fits,182.D-0222(A),SCIENCE_RBNSPEC_STACK,,,,84.7423749999986,-69.0827777777766
ADP.2019-01-30T06_35_32.829.fits,163147,2008-11-25T06:06:40.319,54795.25463333,GIRAFFE,ESO-VLT-U2,ADP.2019-01-30T06:35:32.829.fits,182.D-0222(A),SCIENCE_RBNSPEC_STACK,,,,84.7137916666652,-69.0689999999988
ADP.2019-01-30T06_35_32.845.fits,110,2008-11-25T06:06:40.319,54795.25463333,GIRAFFE,ESO-VLT-U2,ADP.2019-01-30T06:35:32.845.fits,182.D-0222(A),SCIENCE_RBNSPEC_STACK,,,,84.6940833333319,-69.09361111111
ADP.2019-01-30T06_35_32.869.fits,41591,2008-11-25T06:06:40.319,54795.25463333,GIRAFFE,ESO-VLT-U2,ADP.2019-01-30T06:35:32.869.fits,182.D-0222(A),SCIENCE_RBNSPEC_STACK,,,,84.6182916666652,-69.1113333333322
ADP.2019-01-30T06_35_32.880.fits,500,2008-11-25T06:06:40.319,54795.25463333,GIRAFFE,ESO-VLT-U2,ADP.2019-01-30T06:35:32.880.fits,182.D-0222(A),SCIENCE_RBNSPEC_STACK,,,,84.6252083333319,-69.1071944444433
ADP.2019-01-30T06_35_32.884.fits,42199,2008-11-25T06:06:40.319,54795.25463333,GIRAFFE,ESO-VLT-U2,ADP.2019-01-30T06:35:32.884.fits,182.D-0222(A),SCIENCE_RBNSPEC_STACK,,,,84.5848749999986,-69.1063055555544
ADP.2019-01-30T06_35_32.896.fits,40319,2008-11-25T06:06:40.319,54795.25463333,GIRAFFE,ESO-VLT-U2,ADP.2019-01-30T06:35:32.896.fits,182.D-0222(A),SCIENCE_RBNSPEC_STACK,,,,84.7649999999986,-69.1213333333322
ADP.2019-01-30T06_35_32.920.fits,93997,2008-11-25T06:06:40.319,54795.25463333,GIRAFFE,ESO-VLT-U2,ADP.2019-01-30T06:35:32.920.fits,182.D-0222(A),SCIENCE_RBNSPEC_STACK,,,,84.9133749999986,-69.1949166666655
ADP.2019-01-30T06_35_32.932.fits,411951,2008-11-25T06:06:40.319,54795.25463333,GIRAFFE,ESO-VLT-U2,ADP.2019-01-30T06:35:32.932.fits,182.D-0222(A),SCIENCE_RBNSPEC_STACK,,,,84.4436249999986,-69.1880555555544
ADP.2019-01-30T06_35_32.956.fits,151380,2008-11-25T06:06:40.319,54795.25463333,GIRAFFE,ESO-VLT-U2,ADP.2019-01-30T06:35:32.956.fits,182.D-0222(A),SCIENCE_RBNSPEC_STACK,,,,84.7349166666652,-69.1396111111099
ADP.2019-01-30T06_35_32.968.fits,43776,2008-11-25T06:06:40.319,54795.25463333,GIRAFFE,ESO-VLT-U2,ADP.2019-01-30T06:35:32.968.fits,182.D-0222(A),SCIENCE_RBNSPEC_STACK,,,,84.7704999999986,-69.0931388888877
ADP.2019-01-30T06_35_32.972.fits,294,2008-11-25T06:06:40.319,54795.25463333,GIRAFFE,ESO-VLT-U2,ADP.2019-01-30T06:35:32.972.fits,182.D-0222(A),SCIENCE_RBNSPEC_STACK,,,,84.6948333333319,-69.0968611111099
ADP.2019-01-30T06_35_32.984.fits,46050,2008-11-25T06:06:40.319,54795.25463333,GIRAFFE,ESO-VLT-U2,ADP.2019-01-30T06:35:32.984.fits,182.D-0222(A),SCIENCE_RBNSPEC_STACK,,,,84.6293333333319,-69.0741666666655
ADP.2019-01-30T06_35_32.992.fits,170852,2008-11-25T06:06:40.319,54795.25463333,GIRAFFE,ESO-VLT-U2,ADP.2019-01-30T06:35:32.992.fits,182.D-0222(A),SCIENCE_RBNSPEC_STACK,,,,84.7971666666652,-69.0337777777766
ADP.2019-01-30T06_35_32.996.fits,265,2008-11-25T06:06:40.319,54795.25463333,GIRAFFE,ESO-VLT-U2,ADP.2019-01-30T06:35:32.996.fits,182.D-0222(A),SCIENCE_RBNSPEC_STACK,,,,84.6728749999986,-69.0929166666655
ADP.2019-01-30T06_35_33.000.fits,241957,2008-11-25T06:06:40.319,54795.25463333,GIRAFFE,ESO-VLT-U2,ADP.2019-01-30T06:35:33.000.fits,182.D-0222(A),SCIENCE_RBNSPEC_STACK,,,,84.5722499999986,-69.0950277777766
ADP.2019-01-30T06_35_33.016.fits,453,2008-11-25T06:06:40.319,54795.25463333,GIRAFFE,ESO-VLT-U2,ADP.2019-01-30T06:35:33.016.fits,182.D-0222(A),SCIENCE_RBNSPEC_STACK,,,,84.7005416666652,-69.1013333333322
ADP.2019-01-30T06_35_33.052.fits,45517,2008-11-25T06:06:40.319,54795.25463333,GIRAFFE,ESO-VLT-U2,ADP.2019-01-30T06:35:33.052.fits,182.D-0222(A),SCIENCE_RBNSPEC_STACK,,,,84.6816666666652,-69.0784444444433
ADP.2019-01-30T06_35_33.080.fits,102993,2008-11-25T06:06:40.319,54795.25463333,GIRAFFE,ESO-VLT-U2,ADP.2019-01-30T06:35:33.080.fits,182.D-0222(A),SCIENCE_RBNSPEC_STACK,,,,84.7386666666652,-69.0615555555544
ADP.2019-01-30T06_35_33.084.fits,412693,2008-11-25T06:06:40.319,54795.25463333,GIRAFFE,ESO-VLT-U2,ADP.2019-01-30T06:35:33.084.fits,182.D-0222(A),SCIENCE_RBNSPEC_STACK,,,,84.4579583333319,-69.1744166666655
ADP.2019-01-30T06_35_33.088.fits,4,2008-11-25T06:06:40.319,54795.25463333,GIRAFFE,ESO-VLT-U2,ADP.2019-01-30T06:35:33.088.fits,182.D-0222(A),SCIENCE_RBNSPEC_STACK,,,,84.6506249999986,-69.0993888888877
ADP.2019-01-30T06_35_33.104.fits,41795,2008-11-25T06:06:40.319,54795.25463333,GIRAFFE,ESO-VLT-U2,ADP.2019-01-30T06:35:33.104.fits,182.D-0222(A),SCIENCE_RBNSPEC_STACK,,,,84.7642499999986,-69.1096111111099
ADP.2019-01-30T06_35_33.112.fits,30167,2008-11-25T06:06:40.319,54795.25463333,GIRAFFE,ESO-VLT-U2,ADP.2019-01-30T06:35:33.112.fits,182.D-0222(A),SCIENCE_RBNSPEC_STACK,,,,84.9020416666652,-69.2000833333322
ADP.2019-01-30T06_35_33.120.fits,58,2008-11-25T06:06:40.319,54795.25463333,GIRAFFE,ESO-VLT-U2,ADP.2019-01-30T06:35:33.120.fits,182.D-0222(A),SCIENCE_RBNSPEC_STACK,,,,84.7100416666652,-69.0939166666655
ADP.2019-01-30T06_35_33.152.fits,42892,2008-11-25T06:06:40.319,54795.25463333,GIRAFFE,ESO-VLT-U2,ADP.2019-01-30T06:35:33.152.fits,182.D-0222(A),SCIENCE_RBNSPEC_STACK,,,,84.7830833333319,-69.1007222222211
ADP.2019-01-30T06_35_33.168.fits,372967,2008-11-25T06:06:40.319,54795.25463333,GIRAFFE,ESO-VLT-U2,ADP.2019-01-30T06:35:33.168.fits,182.D-0222(A),SCIENCE_RBNSPEC_STACK,,,,84.5582083333319,-69.1299444444433
ADP.2019-01-30T06_35_33.180.fits,454705,2008-11-25T06:06:40.319,54795.25463333,GIRAFFE,ESO-VLT-U2,ADP.2019-01-30T06:35:33.180.fits,182.D-0222(A),SCIENCE_RBNSPEC_STACK,,,,84.5620416666652,-69.0634722222211
ADP.2019-01-30T06_35_33.184.fits,36906,2008-11-25T06:06:40.319,54795.25463333,GIRAFFE,ESO-VLT-U2,ADP.2019-01-30T06:35:33.184.fits,182.D-0222(A),SCIENCE_RBNSPEC_STACK,,,,84.6863333333319,-69.1491944444433
ADP.2019-01-30T06_35_33.192.fits,232317,2008-11-25T06:06:40.319,54795.25463333,GIRAFFE,ESO-VLT-U2,ADP.2019-01-30T06:35:33.192.fits,182.D-0222(A),SCIENCE_RBNSPEC_STACK,,,,84.4768333333319,-69.1615555555544
ADP.2019-01-30T06_35_33.196.fits,38107,2008-11-25T06:06:40.319,54795.25463333,GIRAFFE,ESO-VLT-U2,ADP.2019-01-30T06:35:33.196.fits,182.D-0222(A),SCIENCE_RBNSPEC_STACK,,,,84.6275416666652,-69.1401111111099
ADP.2019-01-30T07_29_34.711.fits,6,2008-11-06T07:04:46.902,54776.29498729,GIRAFFE,ESO-VLT-U2,ADP.2019-01-30T07:29:34.711.fits,182.D-0222(A),SCIENCE_RBNSPEC_STACK,,,,84.6733333333319,-69.0870277777766
ADP.2019-01-30T07_29_34.720.fits,111212,2008-11-06T07:04:46.902,54776.29498729,GIRAFFE,ESO-VLT-U2,ADP.2019-01-30T07:29:34.720.fits,182.D-0222(A),SCIENCE_RBNSPEC_STACK,,,,84.8669999999986,-68.9496666666655
ADP.2019-01-30T07_29_34.724.fits,33046,2008-11-06T05:47:14.954,54776.2411453,GIRAFFE,ESO-VLT-U2,ADP.2019-01-30T07:29:34.724.fits,182.D-0222(A),SCIENCE_RBNSPEC_STACK,,,,85.0305416666652,-69.1785277777766
ADP.2019-01-30T07_29_34.733.fits,164452,2008-11-06T07:04:46.902,54776.29498729,GIRAFFE,ESO-VLT-U2,ADP.2019-01-30T07:29:34.733.fits,182.D-0222(A),SCIENCE_RBNSPEC_STACK,,,,84.7955833333319,-68.9463055555544
ADP.2019-01-30T07_29_34.737.fits,57726,2008-11-06T05:47:14.954,54776.2411453,GIRAFFE,ESO-VLT-U2,ADP.2019-01-30T07:29:34.737.fits,182.D-0222(A),SCIENCE_RBNSPEC_STACK,,,,84.9129583333319,-68.9869722222211
ADP.2019-01-30T07_29_34.741.fits,64,2008-11-06T05:47:14.954,54776.2411453,GIRAFFE,ESO-VLT-U2,ADP.2019-01-30T07:29:34.741.fits,182.D-0222(A),SCIENCE_RBNSPEC_STACK,,,,84.6949583333319,-69.1008333333322
ADP.2019-01-30T07_29_34.745.fits,102360,2008-11-06T05:47:14.954,54776.2411453,GIRAFFE,ESO-VLT-U2,ADP.2019-01-30T07:29:34.745.fits,182.D-0222(A),SCIENCE_RBNSPEC_STACK,,,,84.6717916666652,-69.0706111111099
ADP.2019-01-30T07_29_34.749.fits,368846,2008-11-06T07:04:46.902,54776.29498729,GIRAFFE,ESO-VLT-U2,ADP.2019-01-30T07:29:34.749.fits,182.D-0222(A),SCIENCE_RBNSPEC_STACK,,,,84.3788749999986,-69.1852777777766
ADP.2019-01-30T07_29_34.753.fits,61853,2008-11-06T07:04:46.902,54776.29498729,GIRAFFE,ESO-VLT-U2,ADP.2019-01-30T07:29:34.753.fits,182.D-0222(A),SCIENCE_RBNSPEC_STACK,,,,84.6867499999986,-68.9595833333322
ADP.2019-01-30T07_29_34.757.fits,38112,2008-11-06T07:04:46.902,54776.29498729,GIRAFFE,ESO-VLT-U2,ADP.2019-01-30T07:29:34.757.fits,182.D-0222(A),SCIENCE_RBNSPEC_STACK,,,,85.1119999999986,-69.13911111111
ADP.2019-01-30T07_29_34.761.fits,252634,2008-11-06T07:04:46.902,54776.29498729,GIRAFFE,ESO-VLT-U2,ADP.2019-01-30T07:29:34.761.fits,182.D-0222(A),SCIENCE_RBNSPEC_STACK,,,,84.3936249999986,-69.0194999999988
ADP.2019-01-30T07_29_34.765.fits,25049,2008-11-06T07:04:46.902,54776.29498729,GIRAFFE,ESO-VLT-U2,ADP.2019-01-30T07:29:34.765.fits,182.D-0222(A),SCIENCE_RBNSPEC_STACK,,,,84.7647083333319,-69.2373333333322
ADP.2019-01-30T07_29_34.769.fits,155663,2008-11-06T07:04:46.902,54776.29498729,GIRAFFE,ESO-VLT-U2,ADP.2019-01-30T07:29:34.769.fits,182.D-0222(A),SCIENCE_RBNSPEC_STACK,,,,84.7438749999986,-68.9675277777766
ADP.2019-01-30T07_29_34.773.fits,41831,2008-11-06T05:47:14.954,54776.2411453,GIRAFFE,ESO-VLT-U2,ADP.2019-01-30T07:29:34.773.fits,182.D-0222(A),SCIENCE_RBNSPEC_STACK,,,,85.1072083333319,-69.1085277777766
ADP.2019-01-30T07_29_34.777.fits,62210,2008-11-06T07:04:46.902,54776.29498729,GIRAFFE,ESO-VLT-U2,ADP.2019-01-30T07:29:34.777.fits,182.D-0222(A),SCIENCE_RBNSPEC_STACK,,,,84.5760416666652,-68.9572777777766
ADP.2019-01-30T07_29_34.781.fits,322002,2008-11-06T07:04:46.902,54776.29498729,GIRAFFE,ESO-VLT-U2,ADP.2019-01-30T07:29:34.781.fits,182.D-0222(A),SCIENCE_RBNSPEC_STACK,,,,84.3452083333319,-69.0303333333322
ADP.2019-01-30T07_29_34.785.fits,161251,2008-11-06T05:47:14.954,54776.2411453,GIRAFFE,ESO-VLT-U2,ADP.2019-01-30T07:29:34.785.fits,182.D-0222(A),SCIENCE_RBNSPEC_STACK,,,,84.5912083333319,-69.2133333333322
ADP.2019-01-30T07_29_34.789.fits,231137,2008-11-06T07:04:46.902,54776.29498729,GIRAFFE,ESO-VLT-U2,ADP.2019-01-30T07:29:34.789.fits,182.D-0222(A),SCIENCE_RBNSPEC_STACK,,,,84.3939999999986,-69.1694999999988
ADP.2019-01-30T07_29_34.793.fits,231214,2008-11-06T07:04:46.902,54776.29498729,GIRAFFE,ESO-VLT-U2,ADP.2019-01-30T07:29:34.793.fits,182.D-0222(A),SCIENCE_RBNSPEC_STACK,,,,84.4121666666652,-69.1689722222211
ADP.2019-01-30T07_29_34.797.fits,41952,2008-11-06T05:47:14.954,54776.2411453,GIRAFFE,ESO-VLT-U2,ADP.2019-01-30T07:29:34.797.fits,182.D-0222(A),SCIENCE_RBNSPEC_STACK,,,,85.0718749999986,-69.1075277777766
ADP.2019-01-30T07_29_34.801.fits,305,2008-11-06T07:04:46.902,54776.29498729,GIRAFFE,ESO-VLT-U2,ADP.2019-01-30T07:29:34.801.fits,182.D-0222(A),SCIENCE_RBNSPEC_STACK,,,,84.6736666666652,-69.1051111111099
ADP.2019-01-30T07_29_34.805.fits,154524,2008-11-06T05:47:14.954,54776.2411453,GIRAFFE,ESO-VLT-U2,ADP.2019-01-30T07:29:34.805.fits,182.D-0222(A),SCIENCE_RBNSPEC_STACK,,,,85.0614583333319,-69.0178888888877
ADP.2019-01-30T07_29_34.809.fits,422242,2008-11-06T05:47:14.954,54776.2411453,GIRAFFE,ESO-VLT-U2,ADP.2019-01-30T07:29:34.809.fits,182.D-0222(A),SCIENCE_RBNSPEC_STACK,,,,84.4809583333319,-68.9519166666655
ADP.2019-01-30T07_29_34.813.fits,305960,2008-11-06T07:04:46.902,54776.29498729,GIRAFFE,ESO-VLT-U2,ADP.2019-01-30T07:29:34.813.fits,182.D-0222(A),SCIENCE_RBNSPEC_STACK,,,,84.4987916666652,-69.1872777777766
ADP.2019-01-30T07_29_34.817.fits,64,2008-11-06T07:04:46.902,54776.29498729,GIRAFFE,ESO-VLT-U2,ADP.2019-01-30T07:29:34.817.fits,182.D-0222(A),SCIENCE_RBNSPEC_STACK,,,,84.6949583333319,-69.1008333333322
ADP.2019-01-30T07_29_34.821.fits,36340,2008-11-06T07:04:46.902,54776.29498729,GIRAFFE,ESO-VLT-U2,ADP.2019-01-30T07:29:34.821.fits,182.D-0222(A),SCIENCE_RBNSPEC_STACK,,,,85.0533749999986,-69.15286111111
ADP.2019-01-30T07_29_34.825.fits,243076,2008-11-06T07:04:46.902,54776.29498729,GIRAFFE,ESO-VLT-U2,ADP.2019-01-30T07:29:34.825.fits,182.D-0222(A),SCIENCE_RBNSPEC_STACK,,,,84.2129583333319,-69.086722222221
ADP.2019-01-30T07_29_34.829.fits,65,2008-11-06T07:04:46.902,54776.29498729,GIRAFFE,ESO-VLT-U2,ADP.2019-01-30T07:29:34.829.fits,182.D-0222(A),SCIENCE_RBNSPEC_STACK,,,,84.7197083333319,-69.1119999999988
ADP.2019-01-30T07_29_34.833.fits,232411,2008-11-06T07:04:46.902,54776.29498729,GIRAFFE,ESO-VLT-U2,ADP.2019-01-30T07:29:34.833.fits,182.D-0222(A),SCIENCE_RBNSPEC_STACK,,,,84.4331666666652,-69.1608333333322
ADP.2019-01-30T07_29_34.837.fits,230151,2008-11-06T05:47:14.954,54776.2411453,GIRAFFE,ESO-VLT-U2,ADP.2019-01-30T07:29:34.837.fits,182.D-0222(A),SCIENCE_RBNSPEC_STACK,,,,84.4289583333319,-69.1764166666655
ADP.2019-01-30T07_29_34.841.fits,31,2008-11-06T07:04:46.902,54776.29498729,GIRAFFE,ESO-VLT-U2,ADP.2019-01-30T07:29:34.841.fits,182.D-0222(A),SCIENCE_RBNSPEC_STACK,,,,84.6886666666652,-69.0962222222211
ADP.2019-01-30T07_29_34.845.fits,29,2008-11-06T07:04:46.902,54776.29498729,GIRAFFE,ESO-VLT-U2,ADP.2019-01-30T07:29:34.845.fits,182.D-0222(A),SCIENCE_RBNSPEC_STACK,,,,84.6572499999986,-69.0891666666655
ADP.2019-01-30T07_29_34.849.fits,39196,2008-11-06T07:04:46.902,54776.29498729,GIRAFFE,ESO-VLT-U2,ADP.2019-01-30T07:29:34.849.fits,182.D-0222(A),SCIENCE_RBNSPEC_STACK,,,,84.7439999999986,-69.1312222222211
ADP.2019-01-30T07_29_34.853.fits,127121,2008-11-06T05:47:14.954,54776.2411453,GIRAFFE,ESO-VLT-U2,ADP.2019-01-30T07:29:34.853.fits,182.D-0222(A),SCIENCE_RBNSPEC_STACK,,,,84.8067499999986,-69.2438888888877
ADP.2019-01-30T07_29_34.857.fits,413688,2008-11-06T05:47:14.954,54776.2411453,GIRAFFE,ESO-VLT-U2,ADP.2019-01-30T07:29:34.857.fits,182.D-0222(A),SCIENCE_RBNSPEC_STACK,,,,84.4419999999986,-69.1539722222211
ADP.2019-01-30T07_29_34.861.fits,22816,2008-11-06T05:47:14.954,54776.2411453,GIRAFFE,ESO-VLT-U2,ADP.2019-01-30T07:29:34.861.fits,182.D-0222(A),SCIENCE_RBNSPEC_STACK,,,,84.6872499999986,-69.2531666666655
ADP.2019-01-30T07_29_34.865.fits,327651,2008-11-06T05:47:14.954,54776.2411453,GIRAFFE,ESO-VLT-U2,ADP.2019-01-30T07:29:34.865.fits,182.D-0222(A),SCIENCE_RBNSPEC_STACK,,,,84.4383749999986,-68.9801944444433
ADP.2019-01-30T07_29_34.869.fits,316829,2008-11-06T05:47:14.954,54776.2411453,GIRAFFE,ESO-VLT-U2,ADP.2019-01-30T07:29:34.869.fits,182.D-0222(A),SCIENCE_RBNSPEC_STACK,,,,84.2812916666653,-69.0852222222211
ADP.2019-01-30T07_29_34.873.fits,161251,2008-11-06T07:04:46.902,54776.29498729,GIRAFFE,ESO-VLT-U2,ADP.2019-01-30T07:29:34.873.fits,182.D-0222(A),SCIENCE_RBNSPEC_STACK,,,,84.5912083333319,-69.2133333333322
ADP.2019-01-30T07_29_34.877.fits,232411,2008-11-06T05:47:14.954,54776.2411453,GIRAFFE,ESO-VLT-U2,ADP.2019-01-30T07:29:34.877.fits,182.D-0222(A),SCIENCE_RBNSPEC_STACK,,,,84.4331666666652,-69.1608333333322
ADP.2019-01-30T07_29_34.881.fits,343,2008-11-06T07:04:46.902,54776.29498729,GIRAFFE,ESO-VLT-U2,ADP.2019-01-30T07:29:34.881.fits,182.D-0222(A),SCIENCE_RBNSPEC_STACK,,,,84.6824583333319,-69.0940833333322
ADP.2019-01-30T07_29_34.885.fits,370549,2008-11-06T07:04:46.902,54776.29498729,GIRAFFE,ESO-VLT-U2,ADP.2019-01-30T07:29:34.885.fits,182.D-0222(A),SCIENCE_RBNSPEC_STACK,,,,84.3527083333319,-69.1646944444433
ADP.2019-01-30T07_29_34.889.fits,223089,2008-11-06T05:47:14.954,54776.2411453,GIRAFFE,ESO-VLT-U2,ADP.2019-01-30T07:29:34.889.fits,182.D-0222(A),SCIENCE_RBNSPEC_STACK,,,,84.5515416666652,-69.2271666666655
ADP.2019-01-30T07_29_34.893.fits,324842,2008-11-06T05:47:14.954,54776.2411453,GIRAFFE,ESO-VLT-U2,ADP.2019-01-30T07:29:34.893.fits,182.D-0222(A),SCIENCE_RBNSPEC_STACK,,,,84.4682499999986,-69.0044444444433
ADP.2019-01-30T07_29_34.897.fits,376770,2008-11-06T07:04:46.902,54776.29498729,GIRAFFE,ESO-VLT-U2,ADP.2019-01-30T07:29:34.897.fits,182.D-0222(A),SCIENCE_RBNSPEC_STACK,,,,84.5749999999986,-69.0693611111099
ADP.2019-01-30T07_29_34.901.fits,226089,2008-11-06T07:04:46.902,54776.29498729,GIRAFFE,ESO-VLT-U2,ADP.2019-01-30T07:29:34.901.fits,182.D-0222(A),SCIENCE_RBNSPEC_STACK,,,,84.4268749999986,-69.205972222221
ADP.2019-01-30T07_29_34.905.fits,310507,2008-11-06T05:47:14.954,54776.2411453,GIRAFFE,ESO-VLT-U2,ADP.2019-01-30T07:29:34.905.fits,182.D-0222(A),SCIENCE_RBNSPEC_STACK,,,,84.3194999999986,-69.1473055555544
ADP.2019-01-30T07_29_34.909.fits,330255,2008-11-06T07:04:46.902,54776.29498729,GIRAFFE,ESO-VLT-U2,ADP.2019-01-30T07:29:34.909.fits,182.D-0222(A),SCIENCE_RBNSPEC_STACK,,,,84.5039999999986,-68.9564444444433
ADP.2019-01-30T07_29_34.913.fits,153623,2008-11-06T05:47:14.954,54776.2411453,GIRAFFE,ESO-VLT-U2,ADP.2019-01-30T07:29:34.913.fits,182.D-0222(A),SCIENCE_RBNSPEC_STACK,,,,85.0882916666652,-69.0581944444433
ADP.2019-01-30T07_29_34.917.fits,376869,2008-11-06T07:04:46.902,54776.29498729,GIRAFFE,ESO-VLT-U2,ADP.2019-01-30T07:29:34.917.fits,182.D-0222(A),SCIENCE_RBNSPEC_STACK,,,,84.3088333333319,-69.0674166666655
ADP.2019-01-30T07_29_34.921.fits,132584,2008-11-06T05:47:14.954,54776.2411453,GIRAFFE,ESO-VLT-U2,ADP.2019-01-30T07:29:34.921.fits,182.D-0222(A),SCIENCE_RBNSPEC_STACK,,,,84.6794999999986,-69.117222222221
ADP.2019-01-30T07_29_34.925.fits,231214,2008-11-06T05:47:14.954,54776.2411453,GIRAFFE,ESO-VLT-U2,ADP.2019-01-30T07:29:34.925.fits,182.D-0222(A),SCIENCE_RBNSPEC_STACK,,,,84.4121666666652,-69.1689722222211
ADP.2019-01-30T07_29_34.929.fits,414819,2008-11-06T05:47:14.954,54776.2411453,GIRAFFE,ESO-VLT-U2,ADP.2019-01-30T07:29:34.929.fits,182.D-0222(A),SCIENCE_RBNSPEC_STACK,,,,84.3546666666653,-69.1284999999988
ADP.2019-01-30T07_29_34.933.fits,111212,2008-11-06T05:47:14.954,54776.2411453,GIRAFFE,ESO-VLT-U2,ADP.2019-01-30T07:29:34.933.fits,182.D-0222(A),SCIENCE_RBNSPEC_STACK,,,,84.8669999999986,-68.9496666666655
ADP.2019-01-30T07_29_34.937.fits,21684,2008-11-06T07:04:46.902,54776.29498729,GIRAFFE,ESO-VLT-U2,ADP.2019-01-30T07:29:34.937.fits,182.D-0222(A),SCIENCE_RBNSPEC_STACK,,,,84.7154166666652,-69.2614722222211
ADP.2019-01-30T07_29_34.941.fits,307070,2008-11-06T07:04:46.902,54776.29498729,GIRAFFE,ESO-VLT-U2,ADP.2019-01-30T07:29:34.941.fits,182.D-0222(A),SCIENCE_RBNSPEC_STACK,,,,84.3642916666652,-69.1778055555544
ADP.2019-01-30T07_29_34.945.fits,41152,2008-11-06T05:47:14.954,54776.2411453,GIRAFFE,ESO-VLT-U2,ADP.2019-01-30T07:29:34.945.fits,182.D-0222(A),SCIENCE_RBNSPEC_STACK,,,,84.6569166666652,-69.1146388888877
ADP.2019-01-30T07_29_34.949.fits,134854,2008-11-06T05:47:14.954,54776.2411453,GIRAFFE,ESO-VLT-U2,ADP.2019-01-30T07:29:34.949.fits,182.D-0222(A),SCIENCE_RBNSPEC_STACK,,,,85.0942499999986,-69.0683333333322
ADP.2019-01-30T07_29_34.953.fits,226089,2008-11-06T05:47:14.954,54776.2411453,GIRAFFE,ESO-VLT-U2,ADP.2019-01-30T07:29:34.953.fits,182.D-0222(A),SCIENCE_RBNSPEC_STACK,,,,84.4268749999986,-69.205972222221
ADP.2019-01-30T07_29_34.957.fits,31,2008-11-06T05:47:14.954,54776.2411453,GIRAFFE,ESO-VLT-U2,ADP.2019-01-30T07:29:34.957.fits,182.D-0222(A),SCIENCE_RBNSPEC_STACK,,,,84.6886666666652,-69.0962222222211
ADP.2019-01-30T07_29_34.961.fits,89382,2008-11-06T07:04:46.902,54776.29498729,GIRAFFE,ESO-VLT-U2,ADP.2019-01-30T07:29:34.961.fits,182.D-0222(A),SCIENCE_RBNSPEC_STACK,,,,84.5858749999986,-69.260472222221
ADP.2019-01-30T07_29_34.965.fits,226120,2008-11-06T07:04:46.902,54776.29498729,GIRAFFE,ESO-VLT-U2,ADP.2019-01-30T07:29:34.965.fits,182.D-0222(A),SCIENCE_RBNSPEC_STACK,,,,84.3941666666652,-69.2056944444433
ADP.2019-01-30T07_29_34.969.fits,126447,2008-11-06T07:04:46.902,54776.29498729,GIRAFFE,ESO-VLT-U2,ADP.2019-01-30T07:29:34.969.fits,182.D-0222(A),SCIENCE_RBNSPEC_STACK,,,,84.6638333333319,-69.2597222222211
ADP.2019-01-30T07_29_34.973.fits,62210,2008-11-06T05:47:14.954,54776.2411453,GIRAFFE,ESO-VLT-U2,ADP.2019-01-30T07:29:34.973.fits,182.D-0222(A),SCIENCE_RBNSPEC_STACK,,,,84.5760416666652,-68.9572777777766
ADP.2019-01-30T07_29_34.977.fits,223089,2008-11-06T07:04:46.902,54776.29498729,GIRAFFE,ESO-VLT-U2,ADP.2019-01-30T07:29:34.977.fits,182.D-0222(A),SCIENCE_RBNSPEC_STACK,,,,84.5515416666652,-69.2271666666655
ADP.2019-01-30T07_29_34.981.fits,233269,2008-11-06T05:47:14.954,54776.2411453,GIRAFFE,ESO-VLT-U2,ADP.2019-01-30T07:29:34.981.fits,182.D-0222(A),SCIENCE_RBNSPEC_STACK,,,,84.4227083333319,-69.1553333333322
ADP.2019-01-30T07_29_34.985.fits,299866,2008-11-06T07:04:46.902,54776.29498729,GIRAFFE,ESO-VLT-U2,ADP.2019-01-30T07:29:34.985.fits,182.D-0222(A),SCIENCE_RBNSPEC_STACK,,,,84.4944583333319,-69.2399999999988
ADP.2019-01-30T07_29_34.989.fits,155663,2008-11-06T05:47:14.954,54776.2411453,GIRAFFE,ESO-VLT-U2,ADP.2019-01-30T07:29:34.989.fits,182.D-0222(A),SCIENCE_RBNSPEC_STACK,,,,84.7438749999986,-68.9675277777766
ADP.2019-01-30T07_29_34.993.fits,61513,2008-11-06T07:04:46.902,54776.29498729,GIRAFFE,ESO-VLT-U2,ADP.2019-01-30T07:29:34.993.fits,182.D-0222(A),SCIENCE_RBNSPEC_STACK,,,,84.6134166666652,-68.9619999999988
ADP.2019-01-30T07_29_34.997.fits,250429,2008-11-06T07:04:46.902,54776.29498729,GIRAFFE,ESO-VLT-U2,ADP.2019-01-30T07:29:34.997.fits,182.D-0222(A),SCIENCE_RBNSPEC_STACK,,,,84.2623333333319,-69.034472222221
ADP.2019-01-30T07_29_35.001.fits,253,2008-11-06T07:04:46.902,54776.29498729,GIRAFFE,ESO-VLT-U2,ADP.2019-01-30T07:29:35.001.fits,182.D-0222(A),SCIENCE_RBNSPEC_STACK,,,,84.6856666666652,-69.0867499999988
ADP.2019-01-30T07_29_35.005.fits,38,2008-11-06T05:47:14.954,54776.2411453,GIRAFFE,ESO-VLT-U2,ADP.2019-01-30T07:29:35.005.fits,182.D-0222(A),SCIENCE_RBNSPEC_STACK,,,,84.6719999999986,-69.0923055555544
ADP.2019-01-30T07_29_35.009.fits,233960,2008-11-06T07:04:46.902,54776.29498729,GIRAFFE,ESO-VLT-U2,ADP.2019-01-30T07:29:35.009.fits,182.D-0222(A),SCIENCE_RBNSPEC_STACK,,,,84.4466666666652,-69.1508333333322
ADP.2019-01-30T07_29_35.013.fits,316829,2008-11-06T07:04:46.902,54776.29498729,GIRAFFE,ESO-VLT-U2,ADP.2019-01-30T07:29:35.013.fits,182.D-0222(A),SCIENCE_RBNSPEC_STACK,,,,84.2812916666653,-69.0852222222211
ADP.2019-01-30T07_29_35.017.fits,299866,2008-11-06T05:47:14.954,54776.2411453,GIRAFFE,ESO-VLT-U2,ADP.2019-01-30T07:29:35.017.fits,182.D-0222(A),SCIENCE_RBNSPEC_STACK,,,,84.4944583333319,-69.2399999999988
ADP.2019-01-30T07_29_35.021.fits,36340,2008-11-06T05:47:14.954,54776.2411453,GIRAFFE,ESO-VLT-U2,ADP.2019-01-30T07:29:35.021.fits,182.D-0222(A),SCIENCE_RBNSPEC_STACK,,,,85.0533749999986,-69.15286111111
ADP.2019-01-30T07_29_35.025.fits,57726,2008-11-06T07:04:46.902,54776.29498729,GIRAFFE,ESO-VLT-U2,ADP.2019-01-30T07:29:35.025.fits,182.D-0222(A),SCIENCE_RBNSPEC_STACK,,,,84.9129583333319,-68.9869722222211
ADP.2019-01-30T07_29_35.029.fits,233960,2008-11-06T05:47:14.954,54776.2411453,GIRAFFE,ESO-VLT-U2,ADP.2019-01-30T07:29:35.029.fits,182.D-0222(A),SCIENCE_RBNSPEC_STACK,,,,84.4466666666652,-69.1508333333322
ADP.2019-01-30T07_29_35.033.fits,220063,2008-11-06T05:47:14.954,54776.2411453,GIRAFFE,ESO-VLT-U2,ADP.2019-01-30T07:29:35.033.fits,182.D-0222(A),SCIENCE_RBNSPEC_STACK,,,,84.5613333333319,-69.2477777777766
ADP.2019-01-30T07_29_35.037.fits,310737,2008-11-06T05:47:14.954,54776.2411453,GIRAFFE,ESO-VLT-U2,ADP.2019-01-30T07:29:35.037.fits,182.D-0222(A),SCIENCE_RBNSPEC_STACK,,,,84.3126249999986,-69.1452777777766
ADP.2019-01-30T07_29_35.041.fits,320850,2008-11-06T07:04:46.902,54776.29498729,GIRAFFE,ESO-VLT-U2,ADP.2019-01-30T07:29:35.041.fits,182.D-0222(A),SCIENCE_RBNSPEC_STACK,,,,84.4377083333319,-69.0415555555544
ADP.2019-01-30T07_29_35.045.fits,324842,2008-11-06T07:04:46.902,54776.29498729,GIRAFFE,ESO-VLT-U2,ADP.2019-01-30T07:29:35.045.fits,182.D-0222(A),SCIENCE_RBNSPEC_STACK,,,,84.4682499999986,-69.0044444444433
ADP.2019-01-30T07_29_35.049.fits,330255,2008-11-06T05:47:14.954,54776.2411453,GIRAFFE,ESO-VLT-U2,ADP.2019-01-30T07:29:35.049.fits,182.D-0222(A),SCIENCE_RBNSPEC_STACK,,,,84.5039999999986,-68.9564444444433
ADP.2019-01-30T07_29_35.053.fits,37097,2008-11-06T07:04:46.902,54776.29498729,GIRAFFE,ESO-VLT-U2,ADP.2019-01-30T07:29:35.053.fits,182.D-0222(A),SCIENCE_RBNSPEC_STACK,,,,84.9711249999986,-69.147222222221
ADP.2019-01-30T07_29_35.057.fits,45518,2008-11-06T07:04:46.902,54776.29498729,GIRAFFE,ESO-VLT-U2,ADP.2019-01-30T07:29:35.057.fits,182.D-0222(A),SCIENCE_RBNSPEC_STACK,,,,84.7003333333319,-69.0783888888877
ADP.2019-01-30T07_29_35.061.fits,38,2008-11-06T07:04:46.902,54776.29498729,GIRAFFE,ESO-VLT-U2,ADP.2019-01-30T07:29:35.061.fits,182.D-0222(A),SCIENCE_RBNSPEC_STACK,,,,84.6719999999986,-69.0923055555544
ADP.2019-01-30T07_29_35.065.fits,62019,2008-11-06T07:04:46.902,54776.29498729,GIRAFFE,ESO-VLT-U2,ADP.2019-01-30T07:29:35.065.fits,182.D-0222(A),SCIENCE_RBNSPEC_STACK,,,,84.9008333333319,-68.958222222221
ADP.2019-01-30T07_29_35.069.fits,25049,2008-11-06T05:47:14.954,54776.2411453,GIRAFFE,ESO-VLT-U2,ADP.2019-01-30T07:29:35.069.fits,182.D-0222(A),SCIENCE_RBNSPEC_STACK,,,,84.7647083333319,-69.2373333333322
ADP.2019-01-30T07_29_35.073.fits,236183,2008-11-06T07:04:46.902,54776.29498729,GIRAFFE,ESO-VLT-U2,ADP.2019-01-30T07:29:35.073.fits,182.D-0222(A),SCIENCE_RBNSPEC_STACK,,,,84.3989166666652,-69.1354166666655
ADP.2019-01-30T07_29_35.077.fits,140327,2008-11-06T05:47:14.954,54776.2411453,GIRAFFE,ESO-VLT-U2,ADP.2019-01-30T07:29:35.077.fits,182.D-0222(A),SCIENCE_RBNSPEC_STACK,,,,84.5827916666652,-68.9408611111099
ADP.2019-01-30T07_29_35.081.fits,22816,2008-11-06T07:04:46.902,54776.29498729,GIRAFFE,ESO-VLT-U2,ADP.2019-01-30T07:29:35.081.fits,182.D-0222(A),SCIENCE_RBNSPEC_STACK,,,,84.6872499999986,-69.2531666666655
ADP.2019-01-30T07_29_35.085.fits,228193,2008-11-06T07:04:46.902,54776.29498729,GIRAFFE,ESO-VLT-U2,ADP.2019-01-30T07:29:35.085.fits,182.D-0222(A),SCIENCE_RBNSPEC_STACK,,,,84.4645833333319,-69.1904166666655
ADP.2019-01-30T07_29_35.089.fits,41952,2008-11-06T07:04:46.902,54776.29498729,GIRAFFE,ESO-VLT-U2,ADP.2019-01-30T07:29:35.089.fits,182.D-0222(A),SCIENCE_RBNSPEC_STACK,,,,85.0718749999986,-69.1075277777766
ADP.2019-01-30T07_29_35.093.fits,255895,2008-11-06T05:47:14.954,54776.2411453,GIRAFFE,ESO-VLT-U2,ADP.2019-01-30T07:29:35.093.fits,182.D-0222(A),SCIENCE_RBNSPEC_STACK,,,,84.3354166666652,-68.9978333333322
ADP.2019-01-30T07_29_35.097.fits,126447,2008-11-06T05:47:14.954,54776.2411453,GIRAFFE,ESO-VLT-U2,ADP.2019-01-30T07:29:35.097.fits,182.D-0222(A),SCIENCE_RBNSPEC_STACK,,,,84.6638333333319,-69.2597222222211
ADP.2019-01-30T07_29_35.101.fits,220063,2008-11-06T07:04:46.902,54776.29498729,GIRAFFE,ESO-VLT-U2,ADP.2019-01-30T07:29:35.101.fits,182.D-0222(A),SCIENCE_RBNSPEC_STACK,,,,84.5613333333319,-69.2477777777766
ADP.2019-01-30T07_29_35.105.fits,226120,2008-11-06T05:47:14.954,54776.2411453,GIRAFFE,ESO-VLT-U2,ADP.2019-01-30T07:29:35.105.fits,182.D-0222(A),SCIENCE_RBNSPEC_STACK,,,,84.3941666666652,-69.2056944444433
ADP.2019-01-30T07_29_35.109.fits,56132,2008-11-06T07:04:46.902,54776.29498729,GIRAFFE,ESO-VLT-U2,ADP.2019-01-30T07:29:35.109.fits,182.D-0222(A),SCIENCE_RBNSPEC_STACK,,,,84.8135833333319,-68.9983333333322
ADP.2019-01-30T07_29_35.113.fits,250429,2008-11-06T05:47:14.954,54776.2411453,GIRAFFE,ESO-VLT-U2,ADP.2019-01-30T07:29:35.113.fits,182.D-0222(A),SCIENCE_RBNSPEC_STACK,,,,84.2623333333319,-69.034472222221
ADP.2019-01-30T07_29_35.117.fits,233269,2008-11-06T07:04:46.902,54776.29498729,GIRAFFE,ESO-VLT-U2,ADP.2019-01-30T07:29:35.117.fits,182.D-0222(A),SCIENCE_RBNSPEC_STACK,,,,84.4227083333319,-69.1553333333322
ADP.2019-01-30T07_29_35.121.fits,134854,2008-11-06T07:04:46.902,54776.29498729,GIRAFFE,ESO-VLT-U2,ADP.2019-01-30T07:29:35.121.fits,182.D-0222(A),SCIENCE_RBNSPEC_STACK,,,,85.0942499999986,-69.0683333333322
ADP.2019-01-30T07_29_35.125.fits,422242,2008-11-06T07:04:46.902,54776.29498729,GIRAFFE,ESO-VLT-U2,ADP.2019-01-30T07:29:35.125.fits,182.D-0222(A),SCIENCE_RBNSPEC_STACK,,,,84.4809583333319,-68.9519166666655
ADP.2019-01-30T07_29_35.129.fits,417,2008-11-06T07:04:46.902,54776.29498729,GIRAFFE,ESO-VLT-U2,ADP.2019-01-30T07:29:35.129.fits,182.D-0222(A),SCIENCE_RBNSPEC_STACK,,,,84.6833333333319,-69.0800555555544
ADP.2019-01-30T07_29_35.133.fits,107676,2008-11-06T07:04:46.902,54776.29498729,GIRAFFE,ESO-VLT-U2,ADP.2019-01-30T07:29:35.133.fits,182.D-0222(A),SCIENCE_RBNSPEC_STACK,,,,84.8952916666652,-68.9968333333322
ADP.2019-01-30T07_29_35.137.fits,248703,2008-11-06T05:47:14.954,54776.2411453,GIRAFFE,ESO-VLT-U2,ADP.2019-01-30T07:29:35.137.fits,182.D-0222(A),SCIENCE_RBNSPEC_STACK,,,,84.3889999999986,-69.0465277777766
ADP.2019-01-30T07_29_35.141.fits,163187,2008-11-06T05:47:14.954,54776.2411453,GIRAFFE,ESO-VLT-U2,ADP.2019-01-30T07:29:35.141.fits,182.D-0222(A),SCIENCE_RBNSPEC_STACK,,,,84.5784999999986,-69.0665555555544
ADP.2019-01-30T07_29_35.145.fits,310507,2008-11-06T07:04:46.902,54776.29498729,GIRAFFE,ESO-VLT-U2,ADP.2019-01-30T07:29:35.145.fits,182.D-0222(A),SCIENCE_RBNSPEC_STACK,,,,84.3194999999986,-69.1473055555544
ADP.2019-01-30T07_29_35.149.fits,29,2008-11-06T05:47:14.954,54776.2411453,GIRAFFE,ESO-VLT-U2,ADP.2019-01-30T07:29:35.149.fits,182.D-0222(A),SCIENCE_RBNSPEC_STACK,,,,84.6572499999986,-69.0891666666655
ADP.2019-01-30T07_29_35.153.fits,318949,2008-11-06T05:47:14.954,54776.2411453,GIRAFFE,ESO-VLT-U2,ADP.2019-01-30T07:29:35.153.fits,182.D-0222(A),SCIENCE_RBNSPEC_STACK,,,,84.3711666666652,-69.0623611111099
ADP.2019-01-30T07_29_35.157.fits,102360,2008-11-06T07:04:46.902,54776.29498729,GIRAFFE,ESO-VLT-U2,ADP.2019-01-30T07:29:35.157.fits,182.D-0222(A),SCIENCE_RBNSPEC_STACK,,,,84.6717916666652,-69.0706111111099
ADP.2019-01-30T07_29_35.161.fits,163187,2008-11-06T07:04:46.902,54776.29498729,GIRAFFE,ESO-VLT-U2,ADP.2019-01-30T07:29:35.161.fits,182.D-0222(A),SCIENCE_RBNSPEC_STACK,,,,84.5784999999986,-69.0665555555544
ADP.2019-01-30T07_29_35.165.fits,370549,2008-11-06T05:47:14.954,54776.2411453,GIRAFFE,ESO-VLT-U2,ADP.2019-01-30T07:29:35.165.fits,182.D-0222(A),SCIENCE_RBNSPEC_STACK,,,,84.3527083333319,-69.1646944444433
ADP.2019-01-30T07_29_35.169.fits,140327,2008-11-06T07:04:46.902,54776.29498729,GIRAFFE,ESO-VLT-U2,ADP.2019-01-30T07:29:35.169.fits,182.D-0222(A),SCIENCE_RBNSPEC_STACK,,,,84.5827916666652,-68.9408611111099
ADP.2019-01-30T07_29_35.173.fits,110410,2008-11-06T07:04:46.902,54776.29498729,GIRAFFE,ESO-VLT-U2,ADP.2019-01-30T07:29:35.173.fits,182.D-0222(A),SCIENCE_RBNSPEC_STACK,,,,84.6214583333319,-68.9609166666655
ADP.2019-01-30T07_29_35.177.fits,169501,2008-11-06T07:04:46.902,54776.29498729,GIRAFFE,ESO-VLT-U2,ADP.2019-01-30T07:29:35.177.fits,182.D-0222(A),SCIENCE_RBNSPEC_STACK,,,,84.6230833333319,-69.0918888888877
ADP.2019-01-30T07_29_35.181.fits,98614,2008-11-06T07:04:46.902,54776.29498729,GIRAFFE,ESO-VLT-U2,ADP.2019-01-30T07:29:35.181.fits,182.D-0222(A),SCIENCE_RBNSPEC_STACK,,,,84.7202499999986,-69.1266666666655
ADP.2019-01-30T07_29_35.185.fits,21684,2008-11-06T05:47:14.954,54776.2411453,GIRAFFE,ESO-VLT-U2,ADP.2019-01-30T07:29:35.185.fits,182.D-0222(A),SCIENCE_RBNSPEC_STACK,,,,84.7154166666652,-69.2614722222211
ADP.2019-01-30T07_29_35.189.fits,65394,2008-11-06T05:47:14.954,54776.2411453,GIRAFFE,ESO-VLT-U2,ADP.2019-01-30T07:29:35.189.fits,182.D-0222(A),SCIENCE_RBNSPEC_STACK,,,,84.6399583333319,-68.9349444444433
ADP.2019-01-30T07_29_35.193.fits,154405,2008-11-06T05:47:14.954,54776.2411453,GIRAFFE,ESO-VLT-U2,ADP.2019-01-30T07:29:35.193.fits,182.D-0222(A),SCIENCE_RBNSPEC_STACK,,,,85.0831666666652,-69.0232777777766
ADP.2019-01-30T07_29_35.197.fits,154524,2008-11-06T07:04:46.902,54776.29498729,GIRAFFE,ESO-VLT-U2,ADP.2019-01-30T07:29:35.197.fits,182.D-0222(A),SCIENCE_RBNSPEC_STACK,,,,85.0614583333319,-69.0178888888877
ADP.2019-01-30T07_29_35.201.fits,62019,2008-11-06T05:47:14.954,54776.2411453,GIRAFFE,ESO-VLT-U2,ADP.2019-01-30T07:29:35.201.fits,182.D-0222(A),SCIENCE_RBNSPEC_STACK,,,,84.9008333333319,-68.958222222221
ADP.2019-01-30T07_29_35.205.fits,161521,2008-11-06T07:04:46.902,54776.29498729,GIRAFFE,ESO-VLT-U2,ADP.2019-01-30T07:29:35.205.fits,182.D-0222(A),SCIENCE_RBNSPEC_STACK,,,,84.9135416666652,-69.1960833333322
ADP.2019-01-30T07_29_35.209.fits,65394,2008-11-06T07:04:46.902,54776.29498729,GIRAFFE,ESO-VLT-U2,ADP.2019-01-30T07:29:35.209.fits,182.D-0222(A),SCIENCE_RBNSPEC_STACK,,,,84.6399583333319,-68.9349444444433
ADP.2019-01-30T07_29_35.213.fits,96505,2008-11-06T07:04:46.902,54776.29498729,GIRAFFE,ESO-VLT-U2,ADP.2019-01-30T07:29:35.213.fits,182.D-0222(A),SCIENCE_RBNSPEC_STACK,,,,84.8777083333319,-69.1573055555544
ADP.2019-01-30T07_29_35.217.fits,235559,2008-11-06T07:04:46.902,54776.29498729,GIRAFFE,ESO-VLT-U2,ADP.2019-01-30T07:29:35.217.fits,182.D-0222(A),SCIENCE_RBNSPEC_STACK,,,,84.4036249999986,-69.1396666666655
ADP.2019-01-30T07_29_35.221.fits,45518,2008-11-06T05:47:14.954,54776.2411453,GIRAFFE,ESO-VLT-U2,ADP.2019-01-30T07:29:35.221.fits,182.D-0222(A),SCIENCE_RBNSPEC_STACK,,,,84.7003333333319,-69.0783888888877
ADP.2019-01-30T07_29_35.225.fits,248703,2008-11-06T07:04:46.902,54776.29498729,GIRAFFE,ESO-VLT-U2,ADP.2019-01-30T07:29:35.225.fits,182.D-0222(A),SCIENCE_RBNSPEC_STACK,,,,84.3889999999986,-69.0465277777766
ADP.2019-01-30T07_29_35.229.fits,253,2008-11-06T05:47:14.954,54776.2411453,GIRAFFE,ESO-VLT-U2,ADP.2019-01-30T07:29:35.229.fits,182.D-0222(A),SCIENCE_RBNSPEC_STACK,,,,84.6856666666652,-69.0867499999988
ADP.2019-01-30T07_29_35.233.fits,235712,2008-11-06T05:47:14.954,54776.2411453,GIRAFFE,ESO-VLT-U2,ADP.2019-01-30T07:29:35.233.fits,182.D-0222(A),SCIENCE_RBNSPEC_STACK,,,,84.2224583333319,-69.1383888888877
ADP.2019-01-30T07_29_35.237.fits,162984,2008-11-06T07:04:46.902,54776.29498729,GIRAFFE,ESO-VLT-U2,ADP.2019-01-30T07:29:35.237.fits,182.D-0222(A),SCIENCE_RBNSPEC_STACK,,,,84.6746666666652,-69.0774166666655
ADP.2019-01-30T07_29_35.241.fits,230151,2008-11-06T07:04:46.902,54776.29498729,GIRAFFE,ESO-VLT-U2,ADP.2019-01-30T07:29:35.241.fits,182.D-0222(A),SCIENCE_RBNSPEC_STACK,,,,84.4289583333319,-69.1764166666655
ADP.2019-01-30T07_29_35.245.fits,318949,2008-11-06T07:04:46.902,54776.29498729,GIRAFFE,ESO-VLT-U2,ADP.2019-01-30T07:29:35.245.fits,182.D-0222(A),SCIENCE_RBNSPEC_STACK,,,,84.3711666666652,-69.0623611111099
ADP.2019-01-30T07_29_35.249.fits,162984,2008-11-06T05:47:14.954,54776.2411453,GIRAFFE,ESO-VLT-U2,ADP.2019-01-30T07:29:35.249.fits,182.D-0222(A),SCIENCE_RBNSPEC_STACK,,,,84.6746666666652,-69.0774166666655
ADP.2019-01-30T07_29_35.253.fits,376869,2008-11-06T05:47:14.954,54776.2411453,GIRAFFE,ESO-VLT-U2,ADP.2019-01-30T07:29:35.253.fits,182.D-0222(A),SCIENCE_RBNSPEC_STACK,,,,84.3088333333319,-69.0674166666655
ADP.2019-01-30T07_29_35.257.fits,46059,2008-11-06T07:04:46.902,54776.29498729,GIRAFFE,ESO-VLT-U2,ADP.2019-01-30T07:29:35.257.fits,182.D-0222(A),SCIENCE_RBNSPEC_STACK,,,,85.0897499999986,-69.0732499999988
ADP.2019-01-30T07_29_35.261.fits,89382,2008-11-06T05:47:14.954,54776.2411453,GIRAFFE,ESO-VLT-U2,ADP.2019-01-30T07:29:35.261.fits,182.D-0222(A),SCIENCE_RBNSPEC_STACK,,,,84.5858749999986,-69.260472222221
ADP.2019-01-30T07_29_35.265.fits,96505,2008-11-06T05:47:14.954,54776.2411453,GIRAFFE,ESO-VLT-U2,ADP.2019-01-30T07:29:35.265.fits,182.D-0222(A),SCIENCE_RBNSPEC_STACK,,,,84.8777083333319,-69.1573055555544
ADP.2019-01-30T07_29_35.269.fits,39225,2008-11-06T07:04:46.902,54776.29498729,GIRAFFE,ESO-VLT-U2,ADP.2019-01-30T07:29:35.269.fits,182.D-0222(A),SCIENCE_RBNSPEC_STACK,,,,85.1168749999986,-69.1301388888877
ADP.2019-01-30T07_29_35.273.fits,134967,2008-11-06T05:47:14.954,54776.2411453,GIRAFFE,ESO-VLT-U2,ADP.2019-01-30T07:29:35.273.fits,182.D-0222(A),SCIENCE_RBNSPEC_STACK,,,,85.0519999999986,-69.0661388888877
ADP.2019-01-30T07_29_35.277.fits,373874,2008-11-06T05:47:14.954,54776.2411453,GIRAFFE,ESO-VLT-U2,ADP.2019-01-30T07:29:35.277.fits,182.D-0222(A),SCIENCE_RBNSPEC_STACK,,,,84.4793333333319,-69.1172777777766
ADP.2019-01-30T07_29_35.281.fits,154405,2008-11-06T07:04:46.902,54776.29498729,GIRAFFE,ESO-VLT-U2,ADP.2019-01-30T07:29:35.281.fits,182.D-0222(A),SCIENCE_RBNSPEC_STACK,,,,85.0831666666652,-69.0232777777766
ADP.2019-01-30T07_29_35.285.fits,44488,2008-11-06T05:47:14.954,54776.2411453,GIRAFFE,ESO-VLT-U2,ADP.2019-01-30T07:29:35.285.fits,182.D-0222(A),SCIENCE_RBNSPEC_STACK,,,,85.0570416666652,-69.0860277777766
ADP.2019-01-30T07_29_35.289.fits,52589,2008-11-06T07:04:46.902,54776.29498729,GIRAFFE,ESO-VLT-U2,ADP.2019-01-30T07:29:35.289.fits,182.D-0222(A),SCIENCE_RBNSPEC_STACK,,,,84.9867083333319,-69.0230555555544
ADP.2019-01-30T07_29_35.293.fits,38112,2008-11-06T05:47:14.954,54776.2411453,GIRAFFE,ESO-VLT-U2,ADP.2019-01-30T07:29:35.293.fits,182.D-0222(A),SCIENCE_RBNSPEC_STACK,,,,85.1119999999986,-69.13911111111
ADP.2019-01-30T07_29_35.297.fits,376770,2008-11-06T05:47:14.954,54776.2411453,GIRAFFE,ESO-VLT-U2,ADP.2019-01-30T07:29:35.297.fits,182.D-0222(A),SCIENCE_RBNSPEC_STACK,,,,84.5749999999986,-69.0693611111099
ADP.2019-01-30T07_29_35.301.fits,6,2008-11-06T05:47:14.954,54776.2411453,GIRAFFE,ESO-VLT-U2,ADP.2019-01-30T07:29:35.301.fits,182.D-0222(A),SCIENCE_RBNSPEC_STACK,,,,84.6733333333319,-69.0870277777766
ADP.2019-01-30T07_29_35.305.fits,223220,2008-11-06T07:04:46.902,54776.29498729,GIRAFFE,ESO-VLT-U2,ADP.2019-01-30T07:29:35.305.fits,182.D-0222(A),SCIENCE_RBNSPEC_STACK,,,,84.4588749999986,-69.2261944444433
ADP.2019-01-30T07_29_35.309.fits,132584,2008-11-06T07:04:46.902,54776.29498729,GIRAFFE,ESO-VLT-U2,ADP.2019-01-30T07:29:35.309.fits,182.D-0222(A),SCIENCE_RBNSPEC_STACK,,,,84.6794999999986,-69.117222222221
ADP.2019-01-30T07_29_35.313.fits,31565,2008-11-06T07:04:46.902,54776.29498729,GIRAFFE,ESO-VLT-U2,ADP.2019-01-30T07:29:35.313.fits,182.D-0222(A),SCIENCE_RBNSPEC_STACK,,,,84.9796666666653,-69.1894722222211
ADP.2019-01-30T07_29_35.317.fits,138192,2008-11-06T05:47:14.954,54776.2411453,GIRAFFE,ESO-VLT-U2,ADP.2019-01-30T07:29:35.317.fits,182.D-0222(A),SCIENCE_RBNSPEC_STACK,,,,84.6253749999986,-68.9919999999988
ADP.2019-01-30T07_29_35.321.fits,37097,2008-11-06T05:47:14.954,54776.2411453,GIRAFFE,ESO-VLT-U2,ADP.2019-01-30T07:29:35.321.fits,182.D-0222(A),SCIENCE_RBNSPEC_STACK,,,,84.9711249999986,-69.147222222221
ADP.2019-01-30T07_29_35.325.fits,236183,2008-11-06T05:47:14.954,54776.2411453,GIRAFFE,ESO-VLT-U2,ADP.2019-01-30T07:29:35.325.fits,182.D-0222(A),SCIENCE_RBNSPEC_STACK,,,,84.3989166666652,-69.1354166666655
ADP.2019-01-30T07_29_35.329.fits,22507,2008-11-06T05:47:14.954,54776.2411453,GIRAFFE,ESO-VLT-U2,ADP.2019-01-30T07:29:35.329.fits,182.D-0222(A),SCIENCE_RBNSPEC_STACK,,,,84.8434999999986,-69.25511111111
ADP.2019-01-30T07_29_35.333.fits,164452,2008-11-06T05:47:14.954,54776.2411453,GIRAFFE,ESO-VLT-U2,ADP.2019-01-30T07:29:35.333.fits,182.D-0222(A),SCIENCE_RBNSPEC_STACK,,,,84.7955833333319,-68.9463055555544
ADP.2019-01-30T07_29_35.337.fits,134967,2008-11-06T07:04:46.902,54776.29498729,GIRAFFE,ESO-VLT-U2,ADP.2019-01-30T07:29:35.337.fits,182.D-0222(A),SCIENCE_RBNSPEC_STACK,,,,85.0519999999986,-69.0661388888877
ADP.2019-01-30T07_29_35.341.fits,31565,2008-11-06T05:47:14.954,54776.2411453,GIRAFFE,ESO-VLT-U2,ADP.2019-01-30T07:29:35.341.fits,182.D-0222(A),SCIENCE_RBNSPEC_STACK,,,,84.9796666666653,-69.1894722222211
ADP.2019-01-30T07_29_35.345.fits,368846,2008-11-06T05:47:14.954,54776.2411453,GIRAFFE,ESO-VLT-U2,ADP.2019-01-30T07:29:35.345.fits,182.D-0222(A),SCIENCE_RBNSPEC_STACK,,,,84.3788749999986,-69.1852777777766
ADP.2019-01-30T07_29_35.349.fits,46059,2008-11-06T05:47:14.954,54776.2411453,GIRAFFE,ESO-VLT-U2,ADP.2019-01-30T07:29:35.349.fits,182.D-0222(A),SCIENCE_RBNSPEC_STACK,,,,85.0897499999986,-69.0732499999988
ADP.2019-01-30T07_29_35.353.fits,61853,2008-11-06T05:47:14.954,54776.2411453,GIRAFFE,ESO-VLT-U2,ADP.2019-01-30T07:29:35.353.fits,182.D-0222(A),SCIENCE_RBNSPEC_STACK,,,,84.6867499999986,-68.9595833333322
ADP.2019-01-30T07_29_35.357.fits,235806,2008-11-06T07:04:46.902,54776.29498729,GIRAFFE,ESO-VLT-U2,ADP.2019-01-30T07:29:35.357.fits,182.D-0222(A),SCIENCE_RBNSPEC_STACK,,,,84.2572499999986,-69.1378333333322
ADP.2019-01-30T07_29_35.361.fits,153623,2008-11-06T07:04:46.902,54776.29498729,GIRAFFE,ESO-VLT-U2,ADP.2019-01-30T07:29:35.361.fits,182.D-0222(A),SCIENCE_RBNSPEC_STACK,,,,85.0882916666652,-69.0581944444433
ADP.2019-01-30T07_29_35.365.fits,417,2008-11-06T05:47:14.954,54776.2411453,GIRAFFE,ESO-VLT-U2,ADP.2019-01-30T07:29:35.365.fits,182.D-0222(A),SCIENCE_RBNSPEC_STACK,,,,84.6833333333319,-69.0800555555544
ADP.2019-01-30T07_29_35.369.fits,135147,2008-11-06T07:04:46.902,54776.29498729,GIRAFFE,ESO-VLT-U2,ADP.2019-01-30T07:29:35.369.fits,182.D-0222(A),SCIENCE_RBNSPEC_STACK,,,,85.1207916666652,-69.0628333333322
ADP.2019-01-30T07_29_35.373.fits,98614,2008-11-06T05:47:14.954,54776.2411453,GIRAFFE,ESO-VLT-U2,ADP.2019-01-30T07:29:35.373.fits,182.D-0222(A),SCIENCE_RBNSPEC_STACK,,,,84.7202499999986,-69.1266666666655
ADP.2019-01-30T07_29_35.377.fits,235712,2008-11-06T07:04:46.902,54776.29498729,GIRAFFE,ESO-VLT-U2,ADP.2019-01-30T07:29:35.377.fits,182.D-0222(A),SCIENCE_RBNSPEC_STACK,,,,84.2224583333319,-69.1383888888877
ADP.2019-01-30T07_29_35.381.fits,218213,2008-11-06T07:04:46.902,54776.29498729,GIRAFFE,ESO-VLT-U2,ADP.2019-01-30T07:29:35.381.fits,182.D-0222(A),SCIENCE_RBNSPEC_STACK,,,,84.5743749999986,-69.2604444444433
ADP.2019-01-30T07_29_35.385.fits,103648,2008-11-06T07:04:46.902,54776.29498729,GIRAFFE,ESO-VLT-U2,ADP.2019-01-30T07:29:35.385.fits,182.D-0222(A),SCIENCE_RBNSPEC_STACK,,,,84.6641666666652,-69.0521111111099
ADP.2019-01-30T07_29_35.389.fits,65,2008-11-06T05:47:14.954,54776.2411453,GIRAFFE,ESO-VLT-U2,ADP.2019-01-30T07:29:35.389.fits,182.D-0222(A),SCIENCE_RBNSPEC_STACK,,,,84.7197083333319,-69.1119999999988
ADP.2019-01-30T07_29_35.393.fits,56132,2008-11-06T05:47:14.954,54776.2411453,GIRAFFE,ESO-VLT-U2,ADP.2019-01-30T07:29:35.393.fits,182.D-0222(A),SCIENCE_RBNSPEC_STACK,,,,84.8135833333319,-68.9983333333322
ADP.2019-01-30T07_29_35.397.fits,39225,2008-11-06T05:47:14.954,54776.2411453,GIRAFFE,ESO-VLT-U2,ADP.2019-01-30T07:29:35.397.fits,182.D-0222(A),SCIENCE_RBNSPEC_STACK,,,,85.1168749999986,-69.1301388888877
ADP.2019-01-30T07_29_35.401.fits,138192,2008-11-06T07:04:46.902,54776.29498729,GIRAFFE,ESO-VLT-U2,ADP.2019-01-30T07:29:35.401.fits,182.D-0222(A),SCIENCE_RBNSPEC_STACK,,,,84.6253749999986,-68.9919999999988
ADP.2019-01-30T07_29_35.405.fits,127121,2008-11-06T07:04:46.902,54776.29498729,GIRAFFE,ESO-VLT-U2,ADP.2019-01-30T07:29:35.405.fits,182.D-0222(A),SCIENCE_RBNSPEC_STACK,,,,84.8067499999986,-69.2438888888877
ADP.2019-01-30T07_29_35.409.fits,232108,2008-11-06T05:47:14.954,54776.2411453,GIRAFFE,ESO-VLT-U2,ADP.2019-01-30T07:29:35.409.fits,182.D-0222(A),SCIENCE_RBNSPEC_STACK,,,,84.3244166666652,-69.1628333333321
ADP.2019-01-30T07_29_35.413.fits,258200,2008-11-06T07:04:46.902,54776.29498729,GIRAFFE,ESO-VLT-U2,ADP.2019-01-30T07:29:35.413.fits,182.D-0222(A),SCIENCE_RBNSPEC_STACK,,,,84.4069999999986,-68.9820833333322
ADP.2019-01-30T07_29_35.417.fits,163016,2008-11-06T07:04:46.902,54776.29498729,GIRAFFE,ESO-VLT-U2,ADP.2019-01-30T07:29:35.417.fits,182.D-0222(A),SCIENCE_RBNSPEC_STACK,,,,84.6355833333319,-69.0755555555544
ADP.2019-01-30T07_29_35.421.fits,299,2008-11-06T05:47:14.954,54776.2411453,GIRAFFE,ESO-VLT-U2,ADP.2019-01-30T07:29:35.421.fits,182.D-0222(A),SCIENCE_RBNSPEC_STACK,,,,84.6820416666652,-69.1045833333322
ADP.2019-01-30T07_29_35.425.fits,169501,2008-11-06T05:47:14.954,54776.2411453,GIRAFFE,ESO-VLT-U2,ADP.2019-01-30T07:29:35.425.fits,182.D-0222(A),SCIENCE_RBNSPEC_STACK,,,,84.6230833333319,-69.0918888888877
ADP.2019-01-30T07_29_35.429.fits,373874,2008-11-06T07:04:46.902,54776.29498729,GIRAFFE,ESO-VLT-U2,ADP.2019-01-30T07:29:35.429.fits,182.D-0222(A),SCIENCE_RBNSPEC_STACK,,,,84.4793333333319,-69.1172777777766
ADP.2019-01-30T07_29_35.433.fits,231137,2008-11-06T05:47:14.954,54776.2411453,GIRAFFE,ESO-VLT-U2,ADP.2019-01-30T07:29:35.433.fits,182.D-0222(A),SCIENCE_RBNSPEC_STACK,,,,84.3939999999986,-69.1694999999988
ADP.2019-01-30T07_29_35.437.fits,30224,2008-11-06T07:04:46.902,54776.29498729,GIRAFFE,ESO-VLT-U2,ADP.2019-01-30T07:29:35.437.fits,182.D-0222(A),SCIENCE_RBNSPEC_STACK,,,,84.5872083333319,-69.2000277777766
ADP.2019-01-30T07_29_35.441.fits,33046,2008-11-06T07:04:46.902,54776.29498729,GIRAFFE,ESO-VLT-U2,ADP.2019-01-30T07:29:35.441.fits,182.D-0222(A),SCIENCE_RBNSPEC_STACK,,,,85.0305416666652,-69.1785277777766
ADP.2019-01-30T07_29_35.445.fits,22507,2008-11-06T07:04:46.902,54776.29498729,GIRAFFE,ESO-VLT-U2,ADP.2019-01-30T07:29:35.445.fits,182.D-0222(A),SCIENCE_RBNSPEC_STACK,,,,84.8434999999986,-69.25511111111
ADP.2019-01-30T07_29_35.449.fits,305960,2008-11-06T05:47:14.954,54776.2411453,GIRAFFE,ESO-VLT-U2,ADP.2019-01-30T07:29:35.449.fits,182.D-0222(A),SCIENCE_RBNSPEC_STACK,,,,84.4987916666652,-69.1872777777766
ADP.2019-01-30T07_29_35.453.fits,307070,2008-11-06T05:47:14.954,54776.2411453,GIRAFFE,ESO-VLT-U2,ADP.2019-01-30T07:29:35.453.fits,182.D-0222(A),SCIENCE_RBNSPEC_STACK,,,,84.3642916666652,-69.1778055555544
ADP.2019-01-30T07_29_35.457.fits,161521,2008-11-06T05:47:14.954,54776.2411453,GIRAFFE,ESO-VLT-U2,ADP.2019-01-30T07:29:35.457.fits,182.D-0222(A),SCIENCE_RBNSPEC_STACK,,,,84.9135416666652,-69.1960833333322
ADP.2019-01-30T07_29_35.461.fits,327651,2008-11-06T07:04:46.902,54776.29498729,GIRAFFE,ESO-VLT-U2,ADP.2019-01-30T07:29:35.461.fits,182.D-0222(A),SCIENCE_RBNSPEC_STACK,,,,84.4383749999986,-68.9801944444433
ADP.2019-01-30T07_29_35.465.fits,313,2008-11-06T05:47:14.954,54776.2411453,GIRAFFE,ESO-VLT-U2,ADP.2019-01-30T07:29:35.465.fits,182.D-0222(A),SCIENCE_RBNSPEC_STACK,,,,84.6966666666652,-69.1055555555544
ADP.2019-01-30T07_29_35.469.fits,103648,2008-11-06T05:47:14.954,54776.2411453,GIRAFFE,ESO-VLT-U2,ADP.2019-01-30T07:29:35.469.fits,182.D-0222(A),SCIENCE_RBNSPEC_STACK,,,,84.6641666666652,-69.0521111111099
ADP.2019-01-30T07_29_35.473.fits,413688,2008-11-06T07:04:46.902,54776.29498729,GIRAFFE,ESO-VLT-U2,ADP.2019-01-30T07:29:35.473.fits,182.D-0222(A),SCIENCE_RBNSPEC_STACK,,,,84.4419999999986,-69.1539722222211
ADP.2019-01-30T07_29_35.477.fits,258200,2008-11-06T05:47:14.954,54776.2411453,GIRAFFE,ESO-VLT-U2,ADP.2019-01-30T07:29:35.477.fits,182.D-0222(A),SCIENCE_RBNSPEC_STACK,,,,84.4069999999986,-68.9820833333322
ADP.2019-01-30T07_29_35.481.fits,299,2008-11-06T07:04:46.902,54776.29498729,GIRAFFE,ESO-VLT-U2,ADP.2019-01-30T07:29:35.481.fits,182.D-0222(A),SCIENCE_RBNSPEC_STACK,,,,84.6820416666652,-69.1045833333322
ADP.2019-01-30T07_29_35.485.fits,343,2008-11-06T05:47:14.954,54776.2411453,GIRAFFE,ESO-VLT-U2,ADP.2019-01-30T07:29:35.485.fits,182.D-0222(A),SCIENCE_RBNSPEC_STACK,,,,84.6824583333319,-69.0940833333322
ADP.2019-01-30T07_29_35.489.fits,320850,2008-11-06T05:47:14.954,54776.2411453,GIRAFFE,ESO-VLT-U2,ADP.2019-01-30T07:29:35.489.fits,182.D-0222(A),SCIENCE_RBNSPEC_STACK,,,,84.4377083333319,-69.0415555555544
ADP.2019-01-30T07_29_35.493.fits,41152,2008-11-06T07:04:46.902,54776.29498729,GIRAFFE,ESO-VLT-U2,ADP.2019-01-30T07:29:35.493.fits,182.D-0222(A),SCIENCE_RBNSPEC_STACK,,,,84.6569166666652,-69.1146388888877
ADP.2019-01-30T07_29_35.497.fits,223220,2008-11-06T05:47:14.954,54776.2411453,GIRAFFE,ESO-VLT-U2,ADP.2019-01-30T07:29:35.497.fits,182.D-0222(A),SCIENCE_RBNSPEC_STACK,,,,84.4588749999986,-69.2261944444433
ADP.2019-01-30T07_29_35.501.fits,42953,2008-11-06T05:47:14.954,54776.2411453,GIRAFFE,ESO-VLT-U2,ADP.2019-01-30T07:29:35.501.fits,182.D-0222(A),SCIENCE_RBNSPEC_STACK,,,,85.1392083333319,-69.0993333333322
ADP.2019-01-30T07_29_35.505.fits,41831,2008-11-06T07:04:46.902,54776.29498729,GIRAFFE,ESO-VLT-U2,ADP.2019-01-30T07:29:35.505.fits,182.D-0222(A),SCIENCE_RBNSPEC_STACK,,,,85.1072083333319,-69.1085277777766
ADP.2019-01-30T07_29_35.509.fits,310737,2008-11-06T07:04:46.902,54776.29498729,GIRAFFE,ESO-VLT-U2,ADP.2019-01-30T07:29:35.509.fits,182.D-0222(A),SCIENCE_RBNSPEC_STACK,,,,84.3126249999986,-69.1452777777766
ADP.2019-01-30T07_29_35.513.fits,163016,2008-11-06T05:47:14.954,54776.2411453,GIRAFFE,ESO-VLT-U2,ADP.2019-01-30T07:29:35.513.fits,182.D-0222(A),SCIENCE_RBNSPEC_STACK,,,,84.6355833333319,-69.0755555555544
ADP.2019-01-30T07_29_35.517.fits,235559,2008-11-06T05:47:14.954,54776.2411453,GIRAFFE,ESO-VLT-U2,ADP.2019-01-30T07:29:35.517.fits,182.D-0222(A),SCIENCE_RBNSPEC_STACK,,,,84.4036249999986,-69.1396666666655
ADP.2019-01-30T07_29_35.521.fits,42953,2008-11-06T07:04:46.902,54776.29498729,GIRAFFE,ESO-VLT-U2,ADP.2019-01-30T07:29:35.521.fits,182.D-0222(A),SCIENCE_RBNSPEC_STACK,,,,85.1392083333319,-69.0993333333322
ADP.2019-01-30T07_29_35.525.fits,235806,2008-11-06T05:47:14.954,54776.2411453,GIRAFFE,ESO-VLT-U2,ADP.2019-01-30T07:29:35.525.fits,182.D-0222(A),SCIENCE_RBNSPEC_STACK,,,,84.2572499999986,-69.1378333333322
ADP.2019-01-30T07_29_35.529.fits,224026,2008-11-06T07:04:46.902,54776.29498729,GIRAFFE,ESO-VLT-U2,ADP.2019-01-30T07:29:35.529.fits,182.D-0222(A),SCIENCE_RBNSPEC_STACK,,,,84.4465833333319,-69.2204444444433
ADP.2019-01-30T07_29_35.533.fits,61513,2008-11-06T05:47:14.954,54776.2411453,GIRAFFE,ESO-VLT-U2,ADP.2019-01-30T07:29:35.533.fits,182.D-0222(A),SCIENCE_RBNSPEC_STACK,,,,84.6134166666652,-68.9619999999988
ADP.2019-01-30T07_29_35.537.fits,228193,2008-11-06T05:47:14.954,54776.2411453,GIRAFFE,ESO-VLT-U2,ADP.2019-01-30T07:29:35.537.fits,182.D-0222(A),SCIENCE_RBNSPEC_STACK,,,,84.4645833333319,-69.1904166666655
ADP.2019-01-30T07_29_35.541.fits,231550,2008-11-06T05:47:14.954,54776.2411453,GIRAFFE,ESO-VLT-U2,ADP.2019-01-30T07:29:35.541.fits,182.D-0222(A),SCIENCE_RBNSPEC_STACK,,,,84.4502499999986,-69.16661111111
ADP.2019-01-30T07_29_35.545.fits,107676,2008-11-06T05:47:14.954,54776.2411453,GIRAFFE,ESO-VLT-U2,ADP.2019-01-30T07:29:35.545.fits,182.D-0222(A),SCIENCE_RBNSPEC_STACK,,,,84.8952916666652,-68.9968333333322
ADP.2019-01-30T07_29_35.549.fits,39196,2008-11-06T05:47:14.954,54776.2411453,GIRAFFE,ESO-VLT-U2,ADP.2019-01-30T07:29:35.549.fits,182.D-0222(A),SCIENCE_RBNSPEC_STACK,,,,84.7439999999986,-69.1312222222211
ADP.2019-01-30T07_29_35.553.fits,52589,2008-11-06T05:47:14.954,54776.2411453,GIRAFFE,ESO-VLT-U2,ADP.2019-01-30T07:29:35.553.fits,182.D-0222(A),SCIENCE_RBNSPEC_STACK,,,,84.9867083333319,-69.0230555555544
ADP.2019-01-30T07_29_35.557.fits,322002,2008-11-06T05:47:14.954,54776.2411453,GIRAFFE,ESO-VLT-U2,ADP.2019-01-30T07:29:35.557.fits,182.D-0222(A),SCIENCE_RBNSPEC_STACK,,,,84.3452083333319,-69.0303333333322
ADP.2019-01-30T07_29_35.561.fits,414819,2008-11-06T07:04:46.902,54776.29498729,GIRAFFE,ESO-VLT-U2,ADP.2019-01-30T07:29:35.561.fits,182.D-0222(A),SCIENCE_RBNSPEC_STACK,,,,84.3546666666653,-69.1284999999988
ADP.2019-01-30T07_29_35.565.fits,232108,2008-11-06T07:04:46.902,54776.29498729,GIRAFFE,ESO-VLT-U2,ADP.2019-01-30T07:29:35.565.fits,182.D-0222(A),SCIENCE_RBNSPEC_STACK,,,,84.3244166666652,-69.1628333333321
ADP.2019-01-30T07_29_35.569.fits,255895,2008-11-06T07:04:46.902,54776.29498729,GIRAFFE,ESO-VLT-U2,ADP.2019-01-30T07:29:35.569.fits,182.D-0222(A),SCIENCE_RBNSPEC_STACK,,,,84.3354166666652,-68.9978333333322
ADP.2019-01-30T07_29_35.573.fits,30224,2008-11-06T05:47:14.954,54776.2411453,GIRAFFE,ESO-VLT-U2,ADP.2019-01-30T07:29:35.573.fits,182.D-0222(A),SCIENCE_RBNSPEC_STACK,,,,84.5872083333319,-69.2000277777766
ADP.2019-01-30T07_29_35.577.fits,243076,2008-11-06T05:47:14.954,54776.2411453,GIRAFFE,ESO-VLT-U2,ADP.2019-01-30T07:29:35.577.fits,182.D-0222(A),SCIENCE_RBNSPEC_STACK,,,,84.2129583333319,-69.086722222221
ADP.2019-01-30T07_29_35.581.fits,110410,2008-11-06T05:47:14.954,54776.2411453,GIRAFFE,ESO-VLT-U2,ADP.2019-01-30T07:29:35.581.fits,182.D-0222(A),SCIENCE_RBNSPEC_STACK,,,,84.6214583333319,-68.9609166666655
ADP.2019-01-30T07_29_35.585.fits,313,2008-11-06T07:04:46.902,54776.29498729,GIRAFFE,ESO-VLT-U2,ADP.2019-01-30T07:29:35.585.fits,182.D-0222(A),SCIENCE_RBNSPEC_STACK,,,,84.6966666666652,-69.1055555555544
ADP.2019-01-30T07_29_35.589.fits,135147,2008-11-06T05:47:14.954,54776.2411453,GIRAFFE,ESO-VLT-U2,ADP.2019-01-30T07:29:35.589.fits,182.D-0222(A),SCIENCE_RBNSPEC_STACK,,,,85.1207916666652,-69.0628333333322
ADP.2019-01-30T07_29_35.593.fits,305,2008-11-06T05:47:14.954,54776.2411453,GIRAFFE,ESO-VLT-U2,ADP.2019-01-30T07:29:35.593.fits,182.D-0222(A),SCIENCE_RBNSPEC_STACK,,,,84.6736666666652,-69.1051111111099
ADP.2019-01-30T07_29_35.597.fits,231550,2008-11-06T07:04:46.902,54776.29498729,GIRAFFE,ESO-VLT-U2,ADP.2019-01-30T07:29:35.597.fits,182.D-0222(A),SCIENCE_RBNSPEC_STACK,,,,84.4502499999986,-69.16661111111
ADP.2019-01-30T07_29_35.601.fits,44488,2008-11-06T07:04:46.902,54776.29498729,GIRAFFE,ESO-VLT-U2,ADP.2019-01-30T07:29:35.601.fits,182.D-0222(A),SCIENCE_RBNSPEC_STACK,,,,85.0570416666652,-69.0860277777766
ADP.2019-01-30T07_29_35.605.fits,224026,2008-11-06T05:47:14.954,54776.2411453,GIRAFFE,ESO-VLT-U2,ADP.2019-01-30T07:29:35.605.fits,182.D-0222(A),SCIENCE_RBNSPEC_STACK,,,,84.4465833333319,-69.2204444444433
ADP.2019-01-30T07_29_35.609.fits,252634,2008-11-06T05:47:14.954,54776.2411453,GIRAFFE,ESO-VLT-U2,ADP.2019-01-30T07:29:35.609.fits,182.D-0222(A),SCIENCE_RBNSPEC_STACK,,,,84.3936249999986,-69.0194999999988
ADP.2019-01-30T07_29_35.613.fits,218213,2008-11-06T05:47:14.954,54776.2411453,GIRAFFE,ESO-VLT-U2,ADP.2019-01-30T07:29:35.613.fits,182.D-0222(A),SCIENCE_RBNSPEC_STACK,,,,84.5743749999986,-69.2604444444433
ADP.2019-01-30T07_44_20.926.fits,136139,2008-10-10T05:53:47.869,54749.24569293,GIRAFFE,ESO-VLT-U2,ADP.2019-01-30T07:44:20.926.fits,182.D-0222(A),SCIENCE_RBNSPEC_STACK,,,,84.6595833333319,-69.0409722222211
ADP.2019-01-30T07_44_20.943.fits,45862,2008-10-10T05:53:47.869,54749.24569293,GIRAFFE,ESO-VLT-U2,ADP.2019-01-30T07:44:20.943.fits,182.D-0222(A),SCIENCE_RBNSPEC_STACK,,,,84.6187499999986,-69.0756944444433
ADP.2019-01-30T07_44_20.971.fits,312923,2008-10-10T05:53:47.869,54749.24569293,GIRAFFE,ESO-VLT-U2,ADP.2019-01-30T07:44:20.971.fits,182.D-0222(A),SCIENCE_RBNSPEC_STACK,,,,84.3587499999986,-69.1248055555544
ADP.2019-01-30T07_44_20.975.fits,97252,2008-10-10T05:53:47.869,54749.24569293,GIRAFFE,ESO-VLT-U2,ADP.2019-01-30T07:44:20.975.fits,182.D-0222(A),SCIENCE_RBNSPEC_STACK,,,,84.8258333333319,-69.1467499999988
ADP.2019-01-30T07_44_20.979.fits,41551,2008-10-10T05:53:47.869,54749.24569293,GIRAFFE,ESO-VLT-U2,ADP.2019-01-30T07:44:20.979.fits,182.D-0222(A),SCIENCE_RBNSPEC_STACK,,,,84.9774999999986,-69.1111388888877
ADP.2019-01-30T07_44_20.995.fits,45,2008-10-10T05:53:47.869,54749.24569293,GIRAFFE,ESO-VLT-U2,ADP.2019-01-30T07:44:20.995.fits,182.D-0222(A),SCIENCE_RBNSPEC_STACK,,,,84.6759166666652,-69.1070555555544
ADP.2019-01-30T07_44_20.999.fits,250181,2008-10-10T05:53:47.869,54749.24569293,GIRAFFE,ESO-VLT-U2,ADP.2019-01-30T07:44:20.999.fits,182.D-0222(A),SCIENCE_RBNSPEC_STACK,,,,84.3716666666652,-69.0362777777766
ADP.2019-01-30T07_44_21.027.fits,318788,2008-10-10T05:53:47.869,54749.24569293,GIRAFFE,ESO-VLT-U2,ADP.2019-01-30T07:44:21.027.fits,182.D-0222(A),SCIENCE_RBNSPEC_STACK,,,,84.5683333333319,-69.064222222221
ADP.2019-01-30T07_44_21.031.fits,311045,2008-10-10T05:53:47.869,54749.24569293,GIRAFFE,ESO-VLT-U2,ADP.2019-01-30T07:44:21.031.fits,182.D-0222(A),SCIENCE_RBNSPEC_STACK,,,,84.4249999999986,-69.1426388888877
ADP.2019-01-30T07_44_21.035.fits,3,2008-10-10T05:53:47.869,54749.24569293,GIRAFFE,ESO-VLT-U2,ADP.2019-01-30T07:44:21.035.fits,182.D-0222(A),SCIENCE_RBNSPEC_STACK,,,,84.6781249999986,-69.0951111111099
ADP.2019-01-30T07_44_21.043.fits,100367,2008-10-10T05:53:47.869,54749.24569293,GIRAFFE,ESO-VLT-U2,ADP.2019-01-30T07:44:21.043.fits,182.D-0222(A),SCIENCE_RBNSPEC_STACK,,,,84.5916666666652,-69.0999999999988
ADP.2019-01-30T07_44_21.051.fits,244355,2008-10-10T05:53:47.869,54749.24569293,GIRAFFE,ESO-VLT-U2,ADP.2019-01-30T07:44:21.051.fits,182.D-0222(A),SCIENCE_RBNSPEC_STACK,,,,84.3495833333319,-69.0779166666655
ADP.2019-01-30T07_44_21.055.fits,104511,2008-10-10T05:53:47.869,54749.24569293,GIRAFFE,ESO-VLT-U2,ADP.2019-01-30T07:44:21.055.fits,182.D-0222(A),SCIENCE_RBNSPEC_STACK,,,,84.9645833333319,-69.0396111111099
ADP.2019-01-30T07_44_21.063.fits,308584,2008-10-10T05:53:47.869,54749.24569293,GIRAFFE,ESO-VLT-U2,ADP.2019-01-30T07:44:21.063.fits,182.D-0222(A),SCIENCE_RBNSPEC_STACK,,,,84.3591666666652,-69.1647499999988
ADP.2019-01-30T07_44_21.071.fits,227798,2008-10-10T05:53:47.869,54749.24569293,GIRAFFE,ESO-VLT-U2,ADP.2019-01-30T07:44:21.071.fits,182.D-0222(A),SCIENCE_RBNSPEC_STACK,,,,84.4616666666653,-69.193222222221
ADP.2019-01-30T07_44_21.079.fits,163015,2008-10-10T05:53:47.869,54749.24569293,GIRAFFE,ESO-VLT-U2,ADP.2019-01-30T07:44:21.079.fits,182.D-0222(A),SCIENCE_RBNSPEC_STACK,,,,84.6362499999986,-69.075722222221
ADP.2019-01-30T07_44_21.083.fits,236435,2008-10-10T05:53:47.869,54749.24569293,GIRAFFE,ESO-VLT-U2,ADP.2019-01-30T07:44:21.083.fits,182.D-0222(A),SCIENCE_RBNSPEC_STACK,,,,84.3949999999986,-69.1336944444433
ADP.2019-01-30T07_44_21.091.fits,33118,2008-10-10T05:53:47.869,54749.24569293,GIRAFFE,ESO-VLT-U2,ADP.2019-01-30T07:44:21.091.fits,182.D-0222(A),SCIENCE_RBNSPEC_STACK,,,,84.7079166666652,-69.1785833333322
ADP.2019-01-30T07_44_21.095.fits,230594,2008-10-10T05:53:47.869,54749.24569293,GIRAFFE,ESO-VLT-U2,ADP.2019-01-30T07:44:21.095.fits,182.D-0222(A),SCIENCE_RBNSPEC_STACK,,,,84.3795833333319,-69.1733055555544
ADP.2019-01-30T07_44_21.099.fits,135964,2008-10-10T05:53:47.869,54749.24569293,GIRAFFE,ESO-VLT-U2,ADP.2019-01-30T07:44:21.099.fits,182.D-0222(A),SCIENCE_RBNSPEC_STACK,,,,84.9920833333319,-69.0446944444433
ADP.2019-01-30T07_44_21.103.fits,233263,2008-10-10T05:53:47.869,54749.24569293,GIRAFFE,ESO-VLT-U2,ADP.2019-01-30T07:44:21.103.fits,182.D-0222(A),SCIENCE_RBNSPEC_STACK,,,,84.4274999999986,-69.15536111111
ADP.2019-01-30T07_44_21.107.fits,416855,2008-10-10T05:53:47.869,54749.24569293,GIRAFFE,ESO-VLT-U2,ADP.2019-01-30T07:44:21.107.fits,182.D-0222(A),SCIENCE_RBNSPEC_STACK,,,,84.3879166666652,-69.0763055555544
ADP.2019-01-30T07_44_21.115.fits,321438,2008-10-10T05:53:47.869,54749.24569293,GIRAFFE,ESO-VLT-U2,ADP.2019-01-30T07:44:21.115.fits,182.D-0222(A),SCIENCE_RBNSPEC_STACK,,,,84.4929166666653,-69.0359444444433
ADP.2019-01-30T07_44_21.119.fits,368248,2008-10-10T05:53:47.869,54749.24569293,GIRAFFE,ESO-VLT-U2,ADP.2019-01-30T07:44:21.119.fits,182.D-0222(A),SCIENCE_RBNSPEC_STACK,,,,84.4791666666652,-69.1924722222211
ADP.2019-01-30T07_44_21.123.fits,52009,2008-10-10T05:53:47.869,54749.24569293,GIRAFFE,ESO-VLT-U2,ADP.2019-01-30T07:44:21.123.fits,182.D-0222(A),SCIENCE_RBNSPEC_STACK,,,,84.6633333333319,-69.0279999999989
ADP.2019-01-30T07_44_21.127.fits,56347,2008-10-10T05:53:47.869,54749.24569293,GIRAFFE,ESO-VLT-U2,ADP.2019-01-30T07:44:21.127.fits,182.D-0222(A),SCIENCE_RBNSPEC_STACK,,,,84.8816666666652,-68.9964999999988
ADP.2019-01-30T07_44_21.135.fits,35967,2008-10-10T05:53:47.869,54749.24569293,GIRAFFE,ESO-VLT-U2,ADP.2019-01-30T07:44:21.135.fits,182.D-0222(A),SCIENCE_RBNSPEC_STACK,,,,84.8729166666652,-69.15636111111
ADP.2019-01-30T07_44_21.143.fits,36685,2008-10-10T05:53:47.869,54749.24569293,GIRAFFE,ESO-VLT-U2,ADP.2019-01-30T07:44:21.143.fits,182.D-0222(A),SCIENCE_RBNSPEC_STACK,,,,84.9170833333319,-69.1506111111099
ADP.2019-01-30T07_44_21.147.fits,230662,2008-10-10T05:53:47.869,54749.24569293,GIRAFFE,ESO-VLT-U2,ADP.2019-01-30T07:44:21.147.fits,182.D-0222(A),SCIENCE_RBNSPEC_STACK,,,,84.4324999999986,-69.1728333333322
ADP.2019-01-30T07_44_21.163.fits,414656,2008-10-10T05:53:47.869,54749.24569293,GIRAFFE,ESO-VLT-U2,ADP.2019-01-30T07:44:21.163.fits,182.D-0222(A),SCIENCE_RBNSPEC_STACK,,,,84.3420833333319,-69.1319722222211
ADP.2019-01-30T07_44_21.167.fits,245327,2008-10-10T05:53:47.869,54749.24569293,GIRAFFE,ESO-VLT-U2,ADP.2019-01-30T07:44:21.167.fits,182.D-0222(A),SCIENCE_RBNSPEC_STACK,,,,84.3537499999986,-69.0710277777766
ADP.2019-01-30T07_44_21.171.fits,100507,2008-10-10T05:53:47.869,54749.24569293,GIRAFFE,ESO-VLT-U2,ADP.2019-01-30T07:44:21.171.fits,182.D-0222(A),SCIENCE_RBNSPEC_STACK,,,,84.6637499999986,-69.097972222221
ADP.2019-01-30T07_44_21.199.fits,33195,2008-10-10T05:53:47.869,54749.24569293,GIRAFFE,ESO-VLT-U2,ADP.2019-01-30T07:44:21.199.fits,182.D-0222(A),SCIENCE_RBNSPEC_STACK,,,,84.9316666666652,-69.1776944444433
ADP.2019-01-30T07_44_21.203.fits,466,2008-10-10T05:53:47.869,54749.24569293,GIRAFFE,ESO-VLT-U2,ADP.2019-01-30T07:44:21.203.fits,182.D-0222(A),SCIENCE_RBNSPEC_STACK,,,,84.6435833333319,-69.1039999999988
ADP.2019-01-30T07_44_21.207.fits,232322,2008-10-10T05:53:47.869,54749.24569293,GIRAFFE,ESO-VLT-U2,ADP.2019-01-30T07:44:21.207.fits,182.D-0222(A),SCIENCE_RBNSPEC_STACK,,,,84.3962499999986,-69.1614722222211
ADP.2019-01-30T07_44_21.215.fits,152037,2008-10-10T05:53:47.869,54749.24569293,GIRAFFE,ESO-VLT-U2,ADP.2019-01-30T07:44:21.215.fits,182.D-0222(A),SCIENCE_RBNSPEC_STACK,,,,85.0320833333319,-69.112222222221
ADP.2019-01-30T07_44_21.219.fits,138629,2008-10-10T05:53:47.869,54749.24569293,GIRAFFE,ESO-VLT-U2,ADP.2019-01-30T07:44:21.219.fits,182.D-0222(A),SCIENCE_RBNSPEC_STACK,,,,84.8133333333319,-68.9809722222211
ADP.2019-01-30T07_44_21.223.fits,243036,2008-10-10T05:53:47.869,54749.24569293,GIRAFFE,ESO-VLT-U2,ADP.2019-01-30T07:44:21.223.fits,182.D-0222(A),SCIENCE_RBNSPEC_STACK,,,,84.5266666666652,-69.0873055555544
ADP.2019-01-30T07_44_21.231.fits,414114,2008-10-10T05:53:47.869,54749.24569293,GIRAFFE,ESO-VLT-U2,ADP.2019-01-30T07:44:21.231.fits,182.D-0222(A),SCIENCE_RBNSPEC_STACK,,,,84.3712499999986,-69.1448611111099
ADP.2019-01-30T07_44_21.235.fits,42817,2008-10-10T05:53:47.869,54749.24569293,GIRAFFE,ESO-VLT-U2,ADP.2019-01-30T07:44:21.235.fits,182.D-0222(A),SCIENCE_RBNSPEC_STACK,,,,84.8608333333319,-69.1013055555544
ADP.2019-01-30T07_44_21.243.fits,35576,2008-10-10T05:53:47.869,54749.24569293,GIRAFFE,ESO-VLT-U2,ADP.2019-01-30T07:44:21.243.fits,182.D-0222(A),SCIENCE_RBNSPEC_STACK,,,,84.9241666666652,-69.1589999999988
ADP.2019-01-30T07_44_21.247.fits,380234,2008-10-10T05:53:47.869,54749.24569293,GIRAFFE,ESO-VLT-U2,ADP.2019-01-30T07:44:21.247.fits,182.D-0222(A),SCIENCE_RBNSPEC_STACK,,,,84.4358333333319,-69.0154166666655
ADP.2019-01-30T07_44_21.255.fits,239956,2008-10-10T05:53:47.869,54749.24569293,GIRAFFE,ESO-VLT-U2,ADP.2019-01-30T07:44:21.255.fits,182.D-0222(A),SCIENCE_RBNSPEC_STACK,,,,84.4420833333319,-69.1096944444433
ADP.2019-01-30T07_44_21.259.fits,86,2008-10-10T05:53:47.869,54749.24569293,GIRAFFE,ESO-VLT-U2,ADP.2019-01-30T07:44:21.259.fits,182.D-0222(A),SCIENCE_RBNSPEC_STACK,,,,84.6640833333319,-69.1017499999988
ADP.2019-01-30T07_44_21.263.fits,315089,2008-10-10T05:53:47.869,54749.24569293,GIRAFFE,ESO-VLT-U2,ADP.2019-01-30T07:44:21.263.fits,182.D-0222(A),SCIENCE_RBNSPEC_STACK,,,,84.4558333333319,-69.1036944444433
ADP.2019-01-30T07_44_21.267.fits,154054,2008-10-10T05:53:47.869,54749.24569293,GIRAFFE,ESO-VLT-U2,ADP.2019-01-30T07:44:21.267.fits,182.D-0222(A),SCIENCE_RBNSPEC_STACK,,,,85.0008333333319,-69.0398055555544
ADP.2019-01-30T07_44_21.279.fits,414740,2008-10-10T05:53:47.869,54749.24569293,GIRAFFE,ESO-VLT-U2,ADP.2019-01-30T07:44:21.279.fits,182.D-0222(A),SCIENCE_RBNSPEC_STACK,,,,84.3224999999986,-69.1299999999988
ADP.2019-01-30T07_44_21.287.fits,401,2008-10-10T05:53:47.869,54749.24569293,GIRAFFE,ESO-VLT-U2,ADP.2019-01-30T07:44:21.287.fits,182.D-0222(A),SCIENCE_RBNSPEC_STACK,,,,84.6409999999986,-69.0977222222211
ADP.2019-01-30T07_44_21.303.fits,100,2008-10-10T05:53:47.869,54749.24569293,GIRAFFE,ESO-VLT-U2,ADP.2019-01-30T07:44:21.303.fits,182.D-0222(A),SCIENCE_RBNSPEC_STACK,,,,84.6724166666652,-69.0923611111099
ADP.2019-01-30T07_44_21.307.fits,325262,2008-10-10T05:53:47.869,54749.24569293,GIRAFFE,ESO-VLT-U2,ADP.2019-01-30T07:44:21.307.fits,182.D-0222(A),SCIENCE_RBNSPEC_STACK,,,,84.4562499999986,-69.0008055555544
ADP.2019-01-30T07_44_21.323.fits,129067,2008-10-10T05:53:47.869,54749.24569293,GIRAFFE,ESO-VLT-U2,ADP.2019-01-30T07:44:21.323.fits,182.D-0222(A),SCIENCE_RBNSPEC_STACK,,,,84.9204166666652,-69.198222222221
ADP.2019-01-30T07_44_21.331.fits,150865,2008-10-10T05:53:47.869,54749.24569293,GIRAFFE,ESO-VLT-U2,ADP.2019-01-30T07:44:21.331.fits,182.D-0222(A),SCIENCE_RBNSPEC_STACK,,,,84.9683333333319,-69.1614722222211
ADP.2019-01-30T07_44_21.335.fits,34131,2008-10-10T05:53:47.869,54749.24569293,GIRAFFE,ESO-VLT-U2,ADP.2019-01-30T07:44:21.335.fits,182.D-0222(A),SCIENCE_RBNSPEC_STACK,,,,84.7195833333319,-69.1707777777766
ADP.2019-01-30T07_44_21.339.fits,213,2008-10-10T05:53:47.869,54749.24569293,GIRAFFE,ESO-VLT-U2,ADP.2019-01-30T07:44:21.339.fits,182.D-0222(A),SCIENCE_RBNSPEC_STACK,,,,84.6702083333319,-69.1159722222211
ADP.2019-01-30T07_44_21.347.fits,241115,2008-10-10T05:53:47.869,54749.24569293,GIRAFFE,ESO-VLT-U2,ADP.2019-01-30T07:44:21.347.fits,182.D-0222(A),SCIENCE_RBNSPEC_STACK,,,,84.4104166666652,-69.1012499999988
ADP.2019-01-30T07_44_21.351.fits,119,2008-10-10T05:53:47.869,54749.24569293,GIRAFFE,ESO-VLT-U2,ADP.2019-01-30T07:44:21.351.fits,182.D-0222(A),SCIENCE_RBNSPEC_STACK,,,,84.7094583333319,-69.1011944444433
ADP.2019-01-30T07_44_21.355.fits,254124,2008-10-10T05:53:47.869,54749.24569293,GIRAFFE,ESO-VLT-U2,ADP.2019-01-30T07:44:21.355.fits,182.D-0222(A),SCIENCE_RBNSPEC_STACK,,,,84.4487499999986,-69.0097499999988
ADP.2019-01-30T07_44_21.387.fits,46734,2008-10-10T05:53:47.869,54749.24569293,GIRAFFE,ESO-VLT-U2,ADP.2019-01-30T07:44:21.387.fits,182.D-0222(A),SCIENCE_RBNSPEC_STACK,,,,84.6716666666652,-69.0684166666655
ADP.2019-01-30T07_44_21.391.fits,102110,2008-10-10T05:53:47.869,54749.24569293,GIRAFFE,ESO-VLT-U2,ADP.2019-01-30T07:44:21.391.fits,182.D-0222(A),SCIENCE_RBNSPEC_STACK,,,,84.6549999999986,-69.0738888888877
ADP.2019-01-30T07_44_21.403.fits,56681,2008-10-10T05:53:47.869,54749.24569293,GIRAFFE,ESO-VLT-U2,ADP.2019-01-30T07:44:21.403.fits,182.D-0222(A),SCIENCE_RBNSPEC_STACK,,,,84.6829166666652,-68.994472222221
ADP.2019-01-30T07_44_21.411.fits,241767,2008-10-10T05:53:47.869,54749.24569293,GIRAFFE,ESO-VLT-U2,ADP.2019-01-30T07:44:21.411.fits,182.D-0222(A),SCIENCE_RBNSPEC_STACK,,,,84.4162499999986,-69.0963333333322
ADP.2019-01-30T07_44_21.435.fits,230669,2008-10-10T05:53:47.869,54749.24569293,GIRAFFE,ESO-VLT-U2,ADP.2019-01-30T07:44:21.435.fits,182.D-0222(A),SCIENCE_RBNSPEC_STACK,,,,84.4412499999986,-69.1728055555544
ADP.2019-01-30T07_44_21.451.fits,244772,2008-10-10T05:53:47.869,54749.24569293,GIRAFFE,ESO-VLT-U2,ADP.2019-01-30T07:44:21.451.fits,182.D-0222(A),SCIENCE_RBNSPEC_STACK,,,,84.3483333333319,-69.0749444444433
ADP.2019-01-30T07_44_21.459.fits,152294,2008-10-10T05:53:47.869,54749.24569293,GIRAFFE,ESO-VLT-U2,ADP.2019-01-30T07:44:21.459.fits,182.D-0222(A),SCIENCE_RBNSPEC_STACK,,,,84.8508333333319,-69.1032499999988
ADP.2019-01-30T07_44_21.463.fits,310029,2008-10-10T05:53:47.869,54749.24569293,GIRAFFE,ESO-VLT-U2,ADP.2019-01-30T07:44:21.463.fits,182.D-0222(A),SCIENCE_RBNSPEC_STACK,,,,84.4462499999986,-69.1521388888877
ADP.2019-01-30T07_44_21.467.fits,369335,2008-10-10T05:53:47.869,54749.24569293,GIRAFFE,ESO-VLT-U2,ADP.2019-01-30T07:44:21.467.fits,182.D-0222(A),SCIENCE_RBNSPEC_STACK,,,,84.4308333333319,-69.1794166666655
ADP.2019-01-30T07_44_21.471.fits,231911,2008-10-10T05:53:47.869,54749.24569293,GIRAFFE,ESO-VLT-U2,ADP.2019-01-30T07:44:21.471.fits,182.D-0222(A),SCIENCE_RBNSPEC_STACK,,,,84.3754166666652,-69.1641666666655
ADP.2019-01-30T07_44_21.475.fits,234014,2008-10-10T05:53:47.869,54749.24569293,GIRAFFE,ESO-VLT-U2,ADP.2019-01-30T07:44:21.475.fits,182.D-0222(A),SCIENCE_RBNSPEC_STACK,,,,84.4254166666652,-69.1504166666655
ADP.2019-01-30T07_44_21.479.fits,57444,2008-10-10T05:53:47.869,54749.24569293,GIRAFFE,ESO-VLT-U2,ADP.2019-01-30T07:44:21.479.fits,182.D-0222(A),SCIENCE_RBNSPEC_STACK,,,,84.8312499999986,-68.9891388888877
ADP.2019-01-30T07_44_21.483.fits,238277,2008-10-10T05:53:47.869,54749.24569293,GIRAFFE,ESO-VLT-U2,ADP.2019-01-30T07:44:21.483.fits,182.D-0222(A),SCIENCE_RBNSPEC_STACK,,,,84.3429166666652,-69.1211388888877
ADP.2019-01-30T07_44_21.487.fits,236438,2008-10-10T05:53:47.869,54749.24569293,GIRAFFE,ESO-VLT-U2,ADP.2019-01-30T07:44:21.487.fits,182.D-0222(A),SCIENCE_RBNSPEC_STACK,,,,84.4199999999986,-69.1336666666655
ADP.2019-01-30T07_44_21.491.fits,925698,2008-10-10T05:53:47.869,54749.24569293,GIRAFFE,ESO-VLT-U2,ADP.2019-01-30T07:44:21.491.fits,182.D-0222(A),SCIENCE_RBNSPEC_STACK,,,,84.7279166666652,-69.1291388888877
ADP.2019-01-30T07_44_21.495.fits,55090,2008-10-10T05:53:47.869,54749.24569293,GIRAFFE,ESO-VLT-U2,ADP.2019-01-30T07:44:21.495.fits,182.D-0222(A),SCIENCE_RBNSPEC_STACK,,,,84.7458333333319,-69.0056666666655
ADP.2019-01-30T07_44_21.499.fits,416258,2008-10-10T05:53:47.869,54749.24569293,GIRAFFE,ESO-VLT-U2,ADP.2019-01-30T07:44:21.499.fits,182.D-0222(A),SCIENCE_RBNSPEC_STACK,,,,84.5549999999986,-69.0934999999988
ADP.2019-01-30T07_44_21.511.fits,34,2008-10-10T05:53:47.869,54749.24569293,GIRAFFE,ESO-VLT-U2,ADP.2019-01-30T07:44:21.511.fits,182.D-0222(A),SCIENCE_RBNSPEC_STACK,,,,84.6603749999986,-69.1060833333322
ADP.2019-01-30T07_44_21.539.fits,57510,2008-10-10T05:53:47.869,54749.24569293,GIRAFFE,ESO-VLT-U2,ADP.2019-01-30T07:44:21.539.fits,182.D-0222(A),SCIENCE_RBNSPEC_STACK,,,,84.5841666666652,-68.9889722222211
ADP.2019-01-30T07_44_21.543.fits,402,2008-10-10T05:53:47.869,54749.24569293,GIRAFFE,ESO-VLT-U2,ADP.2019-01-30T07:44:21.543.fits,182.D-0222(A),SCIENCE_RBNSPEC_STACK,,,,84.6649166666652,-69.0824166666655
ADP.2019-01-30T07_44_21.551.fits,319,2008-10-10T05:53:47.869,54749.24569293,GIRAFFE,ESO-VLT-U2,ADP.2019-01-30T07:44:21.551.fits,182.D-0222(A),SCIENCE_RBNSPEC_STACK,,,,84.6454166666652,-69.08161111111
ADP.2019-01-30T07_44_21.555.fits,55107,2008-10-10T05:53:47.869,54749.24569293,GIRAFFE,ESO-VLT-U2,ADP.2019-01-30T07:44:21.555.fits,182.D-0222(A),SCIENCE_RBNSPEC_STACK,,,,84.8595833333319,-69.0053888888877
ADP.2019-01-30T07_44_21.559.fits,229550,2008-10-10T05:53:47.869,54749.24569293,GIRAFFE,ESO-VLT-U2,ADP.2019-01-30T07:44:21.559.fits,182.D-0222(A),SCIENCE_RBNSPEC_STACK,,,,84.4683333333319,-69.1809166666655
ADP.2019-01-30T07_44_21.567.fits,57512,2008-10-10T05:53:47.869,54749.24569293,GIRAFFE,ESO-VLT-U2,ADP.2019-01-30T07:44:21.567.fits,182.D-0222(A),SCIENCE_RBNSPEC_STACK,,,,84.6220833333319,-68.9889444444433
ADP.2019-01-30T07_44_21.571.fits,45147,2008-10-10T05:53:47.869,54749.24569293,GIRAFFE,ESO-VLT-U2,ADP.2019-01-30T07:44:21.571.fits,182.D-0222(A),SCIENCE_RBNSPEC_STACK,,,,84.5687499999986,-69.0814444444433
ADP.2019-01-30T07_44_21.575.fits,133453,2008-10-10T05:53:47.869,54749.24569293,GIRAFFE,ESO-VLT-U2,ADP.2019-01-30T07:44:21.575.fits,182.D-0222(A),SCIENCE_RBNSPEC_STACK,,,,84.7299999999986,-69.0990833333322
ADP.2019-01-30T07_44_21.587.fits,251359,2008-10-10T05:53:47.869,54749.24569293,GIRAFFE,ESO-VLT-U2,ADP.2019-01-30T07:44:21.587.fits,182.D-0222(A),SCIENCE_RBNSPEC_STACK,,,,84.4020833333319,-69.0281388888877
ADP.2019-01-30T07_44_21.591.fits,151382,2008-10-10T05:53:47.869,54749.24569293,GIRAFFE,ESO-VLT-U2,ADP.2019-01-30T07:44:21.591.fits,182.D-0222(A),SCIENCE_RBNSPEC_STACK,,,,84.7324999999986,-69.1395555555544
ADP.2019-01-30T07_44_21.599.fits,376894,2008-10-10T05:53:47.869,54749.24569293,GIRAFFE,ESO-VLT-U2,ADP.2019-01-30T07:44:21.599.fits,182.D-0222(A),SCIENCE_RBNSPEC_STACK,,,,84.5629166666652,-69.0669999999988
ADP.2019-01-30T07_44_21.603.fits,48095,2008-10-10T05:53:47.869,54749.24569293,GIRAFFE,ESO-VLT-U2,ADP.2019-01-30T07:44:21.603.fits,182.D-0222(A),SCIENCE_RBNSPEC_STACK,,,,85.0158333333319,-69.0568055555544
ADP.2019-01-30T07_44_21.607.fits,240023,2008-10-10T05:53:47.869,54749.24569293,GIRAFFE,ESO-VLT-U2,ADP.2019-01-30T07:44:21.607.fits,182.D-0222(A),SCIENCE_RBNSPEC_STACK,,,,84.3099999999986,-69.1090277777766
ADP.2019-01-30T07_44_21.619.fits,318593,2008-10-10T05:53:47.869,54749.24569293,GIRAFFE,ESO-VLT-U2,ADP.2019-01-30T07:44:21.619.fits,182.D-0222(A),SCIENCE_RBNSPEC_STACK,,,,84.5279166666652,-69.0664722222211
ADP.2019-01-30T07_44_21.627.fits,151537,2008-10-10T05:53:47.869,54749.24569293,GIRAFFE,ESO-VLT-U2,ADP.2019-01-30T07:44:21.627.fits,182.D-0222(A),SCIENCE_RBNSPEC_STACK,,,,84.7266666666653,-69.1334722222211
ADP.2019-01-30T07_44_21.631.fits,132530,2008-10-10T05:53:47.869,54749.24569293,GIRAFFE,ESO-VLT-U2,ADP.2019-01-30T07:44:21.631.fits,182.D-0222(A),SCIENCE_RBNSPEC_STACK,,,,84.6983333333319,-69.1183055555544
ADP.2019-01-30T07_44_21.635.fits,19,2008-10-10T05:53:47.869,54749.24569293,GIRAFFE,ESO-VLT-U2,ADP.2019-01-30T07:44:21.635.fits,182.D-0222(A),SCIENCE_RBNSPEC_STACK,,,,84.6731249999986,-69.0886944444433
ADP.2019-01-30T07_44_21.643.fits,133741,2008-10-10T05:53:47.869,54749.24569293,GIRAFFE,ESO-VLT-U2,ADP.2019-01-30T07:44:21.643.fits,182.D-0222(A),SCIENCE_RBNSPEC_STACK,,,,84.6329166666652,-69.0924444444433
ADP.2019-01-30T07_44_21.651.fits,58086,2008-10-10T05:53:47.869,54749.24569293,GIRAFFE,ESO-VLT-U2,ADP.2019-01-30T07:44:21.651.fits,182.D-0222(A),SCIENCE_RBNSPEC_STACK,,,,84.7541666666652,-68.9849444444433
ADP.2019-01-30T07_44_21.659.fits,919069,2008-10-10T05:53:47.869,54749.24569293,GIRAFFE,ESO-VLT-U2,ADP.2019-01-30T07:44:21.659.fits,182.D-0222(A),SCIENCE_RBNSPEC_STACK,,,,84.9162499999986,-69.2011944444433
ADP.2019-01-30T07_44_21.663.fits,377225,2008-10-10T05:53:47.869,54749.24569293,GIRAFFE,ESO-VLT-U2,ADP.2019-01-30T07:44:21.663.fits,182.D-0222(A),SCIENCE_RBNSPEC_STACK,,,,84.5737499999986,-69.0607499999988
ADP.2019-01-30T07_44_21.667.fits,250699,2008-10-10T05:53:47.869,54749.24569293,GIRAFFE,ESO-VLT-U2,ADP.2019-01-30T07:44:21.667.fits,182.D-0222(A),SCIENCE_RBNSPEC_STACK,,,,84.3879166666652,-69.03261111111
ADP.2019-01-30T07_44_21.679.fits,2,2008-10-10T05:53:47.869,54749.24569293,GIRAFFE,ESO-VLT-U2,ADP.2019-01-30T07:44:21.679.fits,182.D-0222(A),SCIENCE_RBNSPEC_STACK,,,,84.6764583333319,-69.0828055555544
ADP.2019-01-30T07_44_21.695.fits,46591,2008-10-10T05:53:47.869,54749.24569293,GIRAFFE,ESO-VLT-U2,ADP.2019-01-30T07:44:21.695.fits,182.D-0222(A),SCIENCE_RBNSPEC_STACK,,,,84.5820833333319,-69.0695555555544
ADP.2019-01-30T07_44_21.699.fits,311438,2008-10-10T05:53:47.869,54749.24569293,GIRAFFE,ESO-VLT-U2,ADP.2019-01-30T07:44:21.699.fits,182.D-0222(A),SCIENCE_RBNSPEC_STACK,,,,84.4429166666653,-69.13911111111
ADP.2019-01-30T07_44_21.711.fits,37154,2008-10-10T05:53:47.869,54749.24569293,GIRAFFE,ESO-VLT-U2,ADP.2019-01-30T07:44:21.711.fits,182.D-0222(A),SCIENCE_RBNSPEC_STACK,,,,84.6224999999986,-69.1473333333322
ADP.2019-01-30T07_44_21.723.fits,58952,2008-10-10T05:53:47.869,54749.24569293,GIRAFFE,ESO-VLT-U2,ADP.2019-01-30T07:44:21.723.fits,182.D-0222(A),SCIENCE_RBNSPEC_STACK,,,,84.6454166666652,-68.9792777777766
ADP.2019-01-30T07_44_21.731.fits,57633,2008-10-10T05:53:47.869,54749.24569293,GIRAFFE,ESO-VLT-U2,ADP.2019-01-30T07:44:21.731.fits,182.D-0222(A),SCIENCE_RBNSPEC_STACK,,,,84.7408333333319,-68.987972222221
ADP.2019-01-30T07_44_21.735.fits,235350,2008-10-10T05:53:47.869,54749.24569293,GIRAFFE,ESO-VLT-U2,ADP.2019-01-30T07:44:21.735.fits,182.D-0222(A),SCIENCE_RBNSPEC_STACK,,,,84.3529166666652,-69.1410277777766
ADP.2019-01-30T07_44_21.739.fits,307476,2008-10-10T05:53:47.869,54749.24569293,GIRAFFE,ESO-VLT-U2,ADP.2019-01-30T07:44:21.739.fits,182.D-0222(A),SCIENCE_RBNSPEC_STACK,,,,84.4116666666653,-69.1743611111099
ADP.2019-01-30T07_44_21.747.fits,154928,2008-10-10T05:53:47.869,54749.24569293,GIRAFFE,ESO-VLT-U2,ADP.2019-01-30T07:44:21.747.fits,182.D-0222(A),SCIENCE_RBNSPEC_STACK,,,,84.8858333333319,-69.0006944444433
ADP.2019-01-30T07_44_21.751.fits,238394,2008-10-10T05:53:47.869,54749.24569293,GIRAFFE,ESO-VLT-U2,ADP.2019-01-30T07:44:21.751.fits,182.D-0222(A),SCIENCE_RBNSPEC_STACK,,,,84.3945833333319,-69.12036111111
ADP.2019-01-30T07_44_21.755.fits,239779,2008-10-10T05:53:47.869,54749.24569293,GIRAFFE,ESO-VLT-U2,ADP.2019-01-30T07:44:21.755.fits,182.D-0222(A),SCIENCE_RBNSPEC_STACK,,,,84.3924999999986,-69.1109166666655
ADP.2019-01-30T07_44_21.759.fits,9,2008-10-10T05:53:47.869,54749.24569293,GIRAFFE,ESO-VLT-U2,ADP.2019-01-30T07:44:21.759.fits,182.D-0222(A),SCIENCE_RBNSPEC_STACK,,,,84.6899583333319,-69.0965833333322
ADP.2019-01-30T07_44_21.795.fits,28483,2008-10-10T05:53:47.869,54749.24569293,GIRAFFE,ESO-VLT-U2,ADP.2019-01-30T07:44:21.795.fits,182.D-0222(A),SCIENCE_RBNSPEC_STACK,,,,84.8570833333319,-69.2126111111099
ADP.2019-01-30T07_44_21.807.fits,134450,2008-10-10T05:53:47.869,54749.24569293,GIRAFFE,ESO-VLT-U2,ADP.2019-01-30T07:44:21.807.fits,182.D-0222(A),SCIENCE_RBNSPEC_STACK,,,,84.6645833333319,-69.0773888888877
ADP.2019-01-30T12_46_19.023.fits,33195,2008-12-10T03:26:00.086,54810.14305656,GIRAFFE,ESO-VLT-U2,ADP.2019-01-30T12:46:19.023.fits,182.D-0222(A),SCIENCE_RBNSPEC_STACK,,,,84.9317916666652,-69.1776666666655
ADP.2019-01-30T12_46_19.044.fits,919069,2008-12-10T03:26:00.086,54810.14305656,GIRAFFE,ESO-VLT-U2,ADP.2019-01-30T12:46:19.044.fits,182.D-0222(A),SCIENCE_RBNSPEC_STACK,,,,84.9161249999986,-69.2011944444433
ADP.2019-01-30T12_46_19.084.fits,236438,2008-12-10T03:26:00.086,54810.14305656,GIRAFFE,ESO-VLT-U2,ADP.2019-01-30T12:46:19.084.fits,182.D-0222(A),SCIENCE_RBNSPEC_STACK,,,,84.4197916666652,-69.1336666666655
ADP.2019-01-30T12_46_19.088.fits,119,2008-12-10T03:26:00.086,54810.14305656,GIRAFFE,ESO-VLT-U2,ADP.2019-01-30T12:46:19.088.fits,182.D-0222(A),SCIENCE_RBNSPEC_STACK,,,,84.7094583333319,-69.1011944444433
ADP.2019-01-30T12_46_19.108.fits,240023,2008-12-10T03:26:00.086,54810.14305656,GIRAFFE,ESO-VLT-U2,ADP.2019-01-30T12:46:19.108.fits,182.D-0222(A),SCIENCE_RBNSPEC_STACK,,,,84.3099166666652,-69.1090277777766
ADP.2019-01-30T12_46_19.120.fits,33118,2008-12-10T03:26:00.086,54810.14305656,GIRAFFE,ESO-VLT-U2,ADP.2019-01-30T12:46:19.120.fits,182.D-0222(A),SCIENCE_RBNSPEC_STACK,,,,84.7078749999986,-69.1785555555544
ADP.2019-01-30T12_46_19.136.fits,132530,2008-12-10T03:26:00.086,54810.14305656,GIRAFFE,ESO-VLT-U2,ADP.2019-01-30T12:46:19.136.fits,182.D-0222(A),SCIENCE_RBNSPEC_STACK,,,,84.6982916666652,-69.1183055555544
ADP.2019-01-30T12_46_19.152.fits,133741,2008-12-10T03:26:00.086,54810.14305656,GIRAFFE,ESO-VLT-U2,ADP.2019-01-30T12:46:19.152.fits,182.D-0222(A),SCIENCE_RBNSPEC_STACK,,,,84.6328333333319,-69.0924166666655
ADP.2019-01-30T12_46_19.160.fits,416258,2008-12-10T03:26:00.086,54810.14305656,GIRAFFE,ESO-VLT-U2,ADP.2019-01-30T12:46:19.160.fits,182.D-0222(A),SCIENCE_RBNSPEC_STACK,,,,84.5549166666652,-69.0934722222211
ADP.2019-01-30T12_46_19.172.fits,163015,2008-12-10T03:26:00.086,54810.14305656,GIRAFFE,ESO-VLT-U2,ADP.2019-01-30T12:46:19.172.fits,182.D-0222(A),SCIENCE_RBNSPEC_STACK,,,,84.6361249999986,-69.075722222221
ADP.2019-01-30T12_46_19.176.fits,57512,2008-12-10T03:26:00.086,54810.14305656,GIRAFFE,ESO-VLT-U2,ADP.2019-01-30T12:46:19.176.fits,182.D-0222(A),SCIENCE_RBNSPEC_STACK,,,,84.6222499999986,-68.9889166666655
ADP.2019-01-30T12_46_19.244.fits,138629,2008-12-10T03:26:00.086,54810.14305656,GIRAFFE,ESO-VLT-U2,ADP.2019-01-30T12:46:19.244.fits,182.D-0222(A),SCIENCE_RBNSPEC_STACK,,,,84.8132916666652,-68.9809722222211
ADP.2019-01-30T12_46_19.252.fits,308584,2008-12-10T03:26:00.086,54810.14305656,GIRAFFE,ESO-VLT-U2,ADP.2019-01-30T12:46:19.252.fits,182.D-0222(A),SCIENCE_RBNSPEC_STACK,,,,84.3591249999986,-69.1647222222211
ADP.2019-01-30T12_46_19.276.fits,133453,2008-12-10T03:26:00.086,54810.14305656,GIRAFFE,ESO-VLT-U2,ADP.2019-01-30T12:46:19.276.fits,182.D-0222(A),SCIENCE_RBNSPEC_STACK,,,,84.7300833333319,-69.0990833333322
ADP.2019-01-30T12_46_19.296.fits,312923,2008-12-10T03:26:00.086,54810.14305656,GIRAFFE,ESO-VLT-U2,ADP.2019-01-30T12:46:19.296.fits,182.D-0222(A),SCIENCE_RBNSPEC_STACK,,,,84.3585833333319,-69.1247777777766
ADP.2019-01-30T12_46_19.308.fits,416855,2008-12-10T03:26:00.086,54810.14305656,GIRAFFE,ESO-VLT-U2,ADP.2019-01-30T12:46:19.308.fits,182.D-0222(A),SCIENCE_RBNSPEC_STACK,,,,84.3879166666652,-69.0763055555544
ADP.2019-01-30T12_46_19.312.fits,377225,2008-12-10T03:26:00.086,54810.14305656,GIRAFFE,ESO-VLT-U2,ADP.2019-01-30T12:46:19.312.fits,182.D-0222(A),SCIENCE_RBNSPEC_STACK,,,,84.5738749999986,-69.060722222221
ADP.2019-01-30T12_46_19.328.fits,46591,2008-12-10T03:26:00.086,54810.14305656,GIRAFFE,ESO-VLT-U2,ADP.2019-01-30T12:46:19.328.fits,182.D-0222(A),SCIENCE_RBNSPEC_STACK,,,,84.5822916666652,-69.0695555555544
ADP.2019-01-30T12_46_19.340.fits,307476,2008-12-10T03:26:00.086,54810.14305656,GIRAFFE,ESO-VLT-U2,ADP.2019-01-30T12:46:19.340.fits,182.D-0222(A),SCIENCE_RBNSPEC_STACK,,,,84.4114583333319,-69.1743611111099
ADP.2019-01-30T12_46_19.348.fits,56347,2008-12-10T03:26:00.086,54810.14305656,GIRAFFE,ESO-VLT-U2,ADP.2019-01-30T12:46:19.348.fits,182.D-0222(A),SCIENCE_RBNSPEC_STACK,,,,84.8818749999986,-68.9964722222211
ADP.2019-01-30T12_46_19.380.fits,100507,2008-12-10T03:26:00.086,54810.14305656,GIRAFFE,ESO-VLT-U2,ADP.2019-01-30T12:46:19.380.fits,182.D-0222(A),SCIENCE_RBNSPEC_STACK,,,,84.6636666666652,-69.0979444444433
ADP.2019-01-30T12_46_19.388.fits,48095,2008-12-10T03:26:00.086,54810.14305656,GIRAFFE,ESO-VLT-U2,ADP.2019-01-30T12:46:19.388.fits,182.D-0222(A),SCIENCE_RBNSPEC_STACK,,,,85.0159166666652,-69.0567777777766
ADP.2019-01-30T12_46_19.396.fits,129067,2008-12-10T03:26:00.086,54810.14305656,GIRAFFE,ESO-VLT-U2,ADP.2019-01-30T12:46:19.396.fits,182.D-0222(A),SCIENCE_RBNSPEC_STACK,,,,84.9205833333319,-69.198222222221
ADP.2019-01-30T12_46_19.412.fits,227798,2008-12-10T03:26:00.086,54810.14305656,GIRAFFE,ESO-VLT-U2,ADP.2019-01-30T12:46:19.412.fits,182.D-0222(A),SCIENCE_RBNSPEC_STACK,,,,84.4616249999986,-69.193222222221
ADP.2019-01-30T12_46_19.420.fits,925698,2008-12-10T03:26:00.086,54810.14305656,GIRAFFE,ESO-VLT-U2,ADP.2019-01-30T12:46:19.420.fits,182.D-0222(A),SCIENCE_RBNSPEC_STACK,,,,84.7278749999986,-69.1290833333322
ADP.2019-01-30T12_46_19.448.fits,239779,2008-12-10T03:26:00.086,54810.14305656,GIRAFFE,ESO-VLT-U2,ADP.2019-01-30T12:46:19.448.fits,182.D-0222(A),SCIENCE_RBNSPEC_STACK,,,,84.3925416666652,-69.1108888888877
ADP.2019-01-30T12_46_19.480.fits,134450,2008-12-10T03:26:00.086,54810.14305656,GIRAFFE,ESO-VLT-U2,ADP.2019-01-30T12:46:19.480.fits,182.D-0222(A),SCIENCE_RBNSPEC_STACK,,,,84.6645416666652,-69.0773888888877
ADP.2019-01-30T12_46_19.484.fits,41551,2008-12-10T03:26:00.086,54810.14305656,GIRAFFE,ESO-VLT-U2,ADP.2019-01-30T12:46:19.484.fits,182.D-0222(A),SCIENCE_RBNSPEC_STACK,,,,84.9774583333319,-69.1111388888877
ADP.2019-01-30T12_46_19.508.fits,233263,2008-12-10T03:26:00.086,54810.14305656,GIRAFFE,ESO-VLT-U2,ADP.2019-01-30T12:46:19.508.fits,182.D-0222(A),SCIENCE_RBNSPEC_STACK,,,,84.4275416666652,-69.1553333333322
ADP.2019-01-30T12_46_19.512.fits,310029,2008-12-10T03:26:00.086,54810.14305656,GIRAFFE,ESO-VLT-U2,ADP.2019-01-30T12:46:19.512.fits,182.D-0222(A),SCIENCE_RBNSPEC_STACK,,,,84.4462083333319,-69.1521388888877
ADP.2019-01-30T12_46_19.516.fits,58086,2008-12-10T03:26:00.086,54810.14305656,GIRAFFE,ESO-VLT-U2,ADP.2019-01-30T12:46:19.516.fits,182.D-0222(A),SCIENCE_RBNSPEC_STACK,,,,84.7543749999986,-68.9849166666655
ADP.2019-01-30T12_46_19.548.fits,250181,2008-12-10T03:26:00.086,54810.14305656,GIRAFFE,ESO-VLT-U2,ADP.2019-01-30T12:46:19.548.fits,182.D-0222(A),SCIENCE_RBNSPEC_STACK,,,,84.3714999999986,-69.0362499999988
ADP.2019-01-30T12_46_19.552.fits,235350,2008-12-10T03:26:00.086,54810.14305656,GIRAFFE,ESO-VLT-U2,ADP.2019-01-30T12:46:19.552.fits,182.D-0222(A),SCIENCE_RBNSPEC_STACK,,,,84.3531249999986,-69.1410277777766
ADP.2019-01-30T12_46_19.588.fits,254124,2008-12-10T03:26:00.086,54810.14305656,GIRAFFE,ESO-VLT-U2,ADP.2019-01-30T12:46:19.588.fits,182.D-0222(A),SCIENCE_RBNSPEC_STACK,,,,84.4486249999986,-69.0097499999988
ADP.2019-01-30T12_46_19.592.fits,45,2008-12-10T03:26:00.086,54810.14305656,GIRAFFE,ESO-VLT-U2,ADP.2019-01-30T12:46:19.592.fits,182.D-0222(A),SCIENCE_RBNSPEC_STACK,,,,84.6759166666652,-69.1070555555544
ADP.2019-01-30T12_46_19.604.fits,243036,2008-12-10T03:26:00.086,54810.14305656,GIRAFFE,ESO-VLT-U2,ADP.2019-01-30T12:46:19.604.fits,182.D-0222(A),SCIENCE_RBNSPEC_STACK,,,,84.5264999999986,-69.0873055555544
ADP.2019-01-30T12_46_19.648.fits,42817,2008-12-10T03:26:00.086,54810.14305656,GIRAFFE,ESO-VLT-U2,ADP.2019-01-30T12:46:19.648.fits,182.D-0222(A),SCIENCE_RBNSPEC_STACK,,,,84.8607499999986,-69.1013055555544
ADP.2019-01-30T12_46_19.676.fits,234014,2008-12-10T03:26:00.086,54810.14305656,GIRAFFE,ESO-VLT-U2,ADP.2019-01-30T12:46:19.676.fits,182.D-0222(A),SCIENCE_RBNSPEC_STACK,,,,84.4254166666652,-69.1504166666655
ADP.2019-01-30T12_46_19.696.fits,45147,2008-12-10T03:26:00.086,54810.14305656,GIRAFFE,ESO-VLT-U2,ADP.2019-01-30T12:46:19.696.fits,182.D-0222(A),SCIENCE_RBNSPEC_STACK,,,,84.5689166666652,-69.0814444444433
ADP.2019-01-30T12_46_19.704.fits,241767,2008-12-10T03:26:00.086,54810.14305656,GIRAFFE,ESO-VLT-U2,ADP.2019-01-30T12:46:19.704.fits,182.D-0222(A),SCIENCE_RBNSPEC_STACK,,,,84.4162499999986,-69.0963055555544
ADP.2019-01-30T12_46_19.712.fits,52009,2008-12-10T03:26:00.086,54810.14305656,GIRAFFE,ESO-VLT-U2,ADP.2019-01-30T12:46:19.712.fits,182.D-0222(A),SCIENCE_RBNSPEC_STACK,,,,84.6631666666652,-69.027972222221
ADP.2019-01-30T12_46_19.736.fits,325262,2008-12-10T03:26:00.086,54810.14305656,GIRAFFE,ESO-VLT-U2,ADP.2019-01-30T12:46:19.736.fits,182.D-0222(A),SCIENCE_RBNSPEC_STACK,,,,84.4561249999986,-69.0008055555544
ADP.2019-01-30T12_46_19.752.fits,97252,2008-12-10T03:26:00.086,54810.14305656,GIRAFFE,ESO-VLT-U2,ADP.2019-01-30T12:46:19.752.fits,182.D-0222(A),SCIENCE_RBNSPEC_STACK,,,,84.8257499999986,-69.1467499999988
ADP.2019-01-30T12_46_19.760.fits,3,2008-12-10T03:26:00.086,54810.14305656,GIRAFFE,ESO-VLT-U2,ADP.2019-01-30T12:46:19.760.fits,182.D-0222(A),SCIENCE_RBNSPEC_STACK,,,,84.6781249999986,-69.0951111111099
ADP.2019-01-30T12_46_19.776.fits,2,2008-12-10T03:26:00.086,54810.14305656,GIRAFFE,ESO-VLT-U2,ADP.2019-01-30T12:46:19.776.fits,182.D-0222(A),SCIENCE_RBNSPEC_STACK,,,,84.6764583333319,-69.0828055555544
ADP.2019-01-30T12_46_19.812.fits,414656,2008-12-10T03:26:00.086,54810.14305656,GIRAFFE,ESO-VLT-U2,ADP.2019-01-30T12:46:19.812.fits,182.D-0222(A),SCIENCE_RBNSPEC_STACK,,,,84.3418749999986,-69.1319722222211
ADP.2019-01-30T12_46_19.816.fits,368248,2008-12-10T03:26:00.086,54810.14305656,GIRAFFE,ESO-VLT-U2,ADP.2019-01-30T12:46:19.816.fits,182.D-0222(A),SCIENCE_RBNSPEC_STACK,,,,84.4791666666652,-69.1924722222211
ADP.2019-01-30T12_46_19.828.fits,241115,2008-12-10T03:26:00.086,54810.14305656,GIRAFFE,ESO-VLT-U2,ADP.2019-01-30T12:46:19.828.fits,182.D-0222(A),SCIENCE_RBNSPEC_STACK,,,,84.4105416666652,-69.1012222222211
ADP.2019-01-30T12_46_19.840.fits,231911,2008-12-10T03:26:00.086,54810.14305656,GIRAFFE,ESO-VLT-U2,ADP.2019-01-30T12:46:19.840.fits,182.D-0222(A),SCIENCE_RBNSPEC_STACK,,,,84.3754166666652,-69.1641666666655
ADP.2019-01-30T12_46_19.848.fits,19,2008-12-10T03:26:00.086,54810.14305656,GIRAFFE,ESO-VLT-U2,ADP.2019-01-30T12:46:19.848.fits,182.D-0222(A),SCIENCE_RBNSPEC_STACK,,,,84.6731249999986,-69.0886944444433
ADP.2019-01-30T12_46_19.888.fits,230669,2008-12-10T03:26:00.086,54810.14305656,GIRAFFE,ESO-VLT-U2,ADP.2019-01-30T12:46:19.888.fits,182.D-0222(A),SCIENCE_RBNSPEC_STACK,,,,84.4412499999986,-69.1727777777766
ADP.2019-01-30T12_46_19.900.fits,414114,2008-12-10T03:26:00.086,54810.14305656,GIRAFFE,ESO-VLT-U2,ADP.2019-01-30T12:46:19.900.fits,182.D-0222(A),SCIENCE_RBNSPEC_STACK,,,,84.3712916666652,-69.1448333333322
ADP.2019-01-30T12_46_19.904.fits,102110,2008-12-10T03:26:00.086,54810.14305656,GIRAFFE,ESO-VLT-U2,ADP.2019-01-30T12:46:19.904.fits,182.D-0222(A),SCIENCE_RBNSPEC_STACK,,,,84.6550833333319,-69.0738611111099
ADP.2019-01-30T12_46_19.908.fits,238394,2008-12-10T03:26:00.086,54810.14305656,GIRAFFE,ESO-VLT-U2,ADP.2019-01-30T12:46:19.908.fits,182.D-0222(A),SCIENCE_RBNSPEC_STACK,,,,84.3945416666652,-69.12036111111
ADP.2019-01-30T12_46_19.920.fits,414740,2008-12-10T03:26:00.086,54810.14305656,GIRAFFE,ESO-VLT-U2,ADP.2019-01-30T12:46:19.920.fits,182.D-0222(A),SCIENCE_RBNSPEC_STACK,,,,84.3223749999986,-69.1299999999988
ADP.2019-01-30T12_46_19.928.fits,244355,2008-12-10T03:26:00.086,54810.14305656,GIRAFFE,ESO-VLT-U2,ADP.2019-01-30T12:46:19.928.fits,182.D-0222(A),SCIENCE_RBNSPEC_STACK,,,,84.3496249999986,-69.0779166666655
ADP.2019-01-30T12_46_19.952.fits,229550,2008-12-10T03:26:00.086,54810.14305656,GIRAFFE,ESO-VLT-U2,ADP.2019-01-30T12:46:19.952.fits,182.D-0222(A),SCIENCE_RBNSPEC_STACK,,,,84.4683749999986,-69.1809166666655
ADP.2019-01-30T12_46_19.972.fits,150865,2008-12-10T03:26:00.086,54810.14305656,GIRAFFE,ESO-VLT-U2,ADP.2019-01-30T12:46:19.972.fits,182.D-0222(A),SCIENCE_RBNSPEC_STACK,,,,84.9682916666652,-69.1614444444433
ADP.2019-01-30T12_46_19.976.fits,245327,2008-12-10T03:26:00.086,54810.14305656,GIRAFFE,ESO-VLT-U2,ADP.2019-01-30T12:46:19.976.fits,182.D-0222(A),SCIENCE_RBNSPEC_STACK,,,,84.3537083333319,-69.0710277777766
ADP.2019-01-30T12_46_19.980.fits,57444,2008-12-10T03:26:00.086,54810.14305656,GIRAFFE,ESO-VLT-U2,ADP.2019-01-30T12:46:19.980.fits,182.D-0222(A),SCIENCE_RBNSPEC_STACK,,,,84.8313333333319,-68.98911111111
ADP.2019-01-30T12_46_19.999.fits,45862,2008-12-10T03:26:00.086,54810.14305656,GIRAFFE,ESO-VLT-U2,ADP.2019-01-30T12:46:19.999.fits,182.D-0222(A),SCIENCE_RBNSPEC_STACK,,,,84.6189583333319,-69.0756944444433
ADP.2019-01-30T12_46_20.011.fits,151382,2008-12-10T03:26:00.086,54810.14305656,GIRAFFE,ESO-VLT-U2,ADP.2019-01-30T12:46:20.011.fits,182.D-0222(A),SCIENCE_RBNSPEC_STACK,,,,84.7326249999986,-69.1395277777766
ADP.2019-01-30T12_46_20.039.fits,311045,2008-12-10T03:26:00.086,54810.14305656,GIRAFFE,ESO-VLT-U2,ADP.2019-01-30T12:46:20.039.fits,182.D-0222(A),SCIENCE_RBNSPEC_STACK,,,,84.4248333333319,-69.1426111111099
ADP.2019-01-30T12_46_20.071.fits,244772,2008-12-10T03:26:00.086,54810.14305656,GIRAFFE,ESO-VLT-U2,ADP.2019-01-30T12:46:20.071.fits,182.D-0222(A),SCIENCE_RBNSPEC_STACK,,,,84.3484583333319,-69.0749444444433
ADP.2019-01-30T12_46_20.075.fits,37154,2008-12-10T03:26:00.086,54810.14305656,GIRAFFE,ESO-VLT-U2,ADP.2019-01-30T12:46:20.075.fits,182.D-0222(A),SCIENCE_RBNSPEC_STACK,,,,84.6223749999986,-69.1473333333322
ADP.2019-01-30T12_46_20.095.fits,9,2008-12-10T03:26:00.086,54810.14305656,GIRAFFE,ESO-VLT-U2,ADP.2019-01-30T12:46:20.095.fits,182.D-0222(A),SCIENCE_RBNSPEC_STACK,,,,84.6899583333319,-69.0965833333322
ADP.2019-01-30T12_46_20.103.fits,35967,2008-12-10T03:26:00.086,54810.14305656,GIRAFFE,ESO-VLT-U2,ADP.2019-01-30T12:46:20.103.fits,182.D-0222(A),SCIENCE_RBNSPEC_STACK,,,,84.8727499999986,-69.1563333333322
ADP.2019-01-30T12_46_20.111.fits,35576,2008-12-10T03:26:00.086,54810.14305656,GIRAFFE,ESO-VLT-U2,ADP.2019-01-30T12:46:20.111.fits,182.D-0222(A),SCIENCE_RBNSPEC_STACK,,,,84.9239999999986,-69.1589999999988
ADP.2019-01-30T12_46_20.119.fits,251359,2008-12-10T03:26:00.086,54810.14305656,GIRAFFE,ESO-VLT-U2,ADP.2019-01-30T12:46:20.119.fits,182.D-0222(A),SCIENCE_RBNSPEC_STACK,,,,84.4021666666652,-69.0281388888877
ADP.2019-01-30T12_46_20.127.fits,55090,2008-12-10T03:26:00.086,54810.14305656,GIRAFFE,ESO-VLT-U2,ADP.2019-01-30T12:46:20.127.fits,182.D-0222(A),SCIENCE_RBNSPEC_STACK,,,,84.7458749999986,-69.0056666666655
ADP.2019-01-30T12_46_20.131.fits,136139,2008-12-10T03:26:00.086,54810.14305656,GIRAFFE,ESO-VLT-U2,ADP.2019-01-30T12:46:20.131.fits,182.D-0222(A),SCIENCE_RBNSPEC_STACK,,,,84.6596666666652,-69.0409444444433
ADP.2019-01-30T12_46_20.135.fits,28483,2008-12-10T03:26:00.086,54810.14305656,GIRAFFE,ESO-VLT-U2,ADP.2019-01-30T12:46:20.135.fits,182.D-0222(A),SCIENCE_RBNSPEC_STACK,,,,84.8569583333319,-69.2126111111099
ADP.2019-01-30T12_46_20.167.fits,34131,2008-12-10T03:26:00.086,54810.14305656,GIRAFFE,ESO-VLT-U2,ADP.2019-01-30T12:46:20.167.fits,182.D-0222(A),SCIENCE_RBNSPEC_STACK,,,,84.7196249999986,-69.1707777777766
ADP.2019-01-30T12_46_20.175.fits,154928,2008-12-10T03:26:00.086,54810.14305656,GIRAFFE,ESO-VLT-U2,ADP.2019-01-30T12:46:20.175.fits,182.D-0222(A),SCIENCE_RBNSPEC_STACK,,,,84.8857083333319,-69.0006666666655
ADP.2019-01-30T12_46_20.199.fits,318593,2008-12-10T03:26:00.086,54810.14305656,GIRAFFE,ESO-VLT-U2,ADP.2019-01-30T12:46:20.199.fits,182.D-0222(A),SCIENCE_RBNSPEC_STACK,,,,84.5277916666652,-69.0664444444433
ADP.2019-01-30T12_46_20.203.fits,319,2008-12-10T03:26:00.086,54810.14305656,GIRAFFE,ESO-VLT-U2,ADP.2019-01-30T12:46:20.203.fits,182.D-0222(A),SCIENCE_RBNSPEC_STACK,,,,84.6454166666652,-69.08161111111
ADP.2019-01-30T12_46_20.219.fits,321438,2008-12-10T03:26:00.086,54810.14305656,GIRAFFE,ESO-VLT-U2,ADP.2019-01-30T12:46:20.219.fits,182.D-0222(A),SCIENCE_RBNSPEC_STACK,,,,84.4927499999986,-69.0359444444433
ADP.2019-01-30T12_46_20.231.fits,230594,2008-12-10T03:26:00.086,54810.14305656,GIRAFFE,ESO-VLT-U2,ADP.2019-01-30T12:46:20.231.fits,182.D-0222(A),SCIENCE_RBNSPEC_STACK,,,,84.3794583333319,-69.1733055555544
ADP.2019-01-30T12_46_20.251.fits,311438,2008-12-10T03:26:00.086,54810.14305656,GIRAFFE,ESO-VLT-U2,ADP.2019-01-30T12:46:20.251.fits,182.D-0222(A),SCIENCE_RBNSPEC_STACK,,,,84.4429583333319,-69.1390833333322
ADP.2019-01-30T12_46_20.255.fits,135964,2008-12-10T03:26:00.086,54810.14305656,GIRAFFE,ESO-VLT-U2,ADP.2019-01-30T12:46:20.255.fits,182.D-0222(A),SCIENCE_RBNSPEC_STACK,,,,84.9921249999986,-69.0446944444433
ADP.2019-01-30T12_46_20.263.fits,230662,2008-12-10T03:26:00.086,54810.14305656,GIRAFFE,ESO-VLT-U2,ADP.2019-01-30T12:46:20.263.fits,182.D-0222(A),SCIENCE_RBNSPEC_STACK,,,,84.4323333333319,-69.1728333333322
ADP.2019-01-30T12_46_20.267.fits,152037,2008-12-10T03:26:00.086,54810.14305656,GIRAFFE,ESO-VLT-U2,ADP.2019-01-30T12:46:20.267.fits,182.D-0222(A),SCIENCE_RBNSPEC_STACK,,,,85.0319166666653,-69.1121944444433
ADP.2019-01-30T12_46_20.271.fits,86,2008-12-10T03:26:00.086,54810.14305656,GIRAFFE,ESO-VLT-U2,ADP.2019-01-30T12:46:20.271.fits,182.D-0222(A),SCIENCE_RBNSPEC_STACK,,,,84.6640833333319,-69.1017499999988
ADP.2019-01-30T12_46_20.303.fits,376894,2008-12-10T03:26:00.086,54810.14305656,GIRAFFE,ESO-VLT-U2,ADP.2019-01-30T12:46:20.303.fits,182.D-0222(A),SCIENCE_RBNSPEC_STACK,,,,84.5630833333319,-69.066972222221
ADP.2019-01-30T12_46_20.315.fits,213,2008-12-10T03:26:00.086,54810.14305656,GIRAFFE,ESO-VLT-U2,ADP.2019-01-30T12:46:20.315.fits,182.D-0222(A),SCIENCE_RBNSPEC_STACK,,,,84.6702083333319,-69.1159722222211
ADP.2019-01-30T12_46_20.355.fits,401,2008-12-10T03:26:00.086,54810.14305656,GIRAFFE,ESO-VLT-U2,ADP.2019-01-30T12:46:20.355.fits,182.D-0222(A),SCIENCE_RBNSPEC_STACK,,,,84.6409999999986,-69.0977222222211
ADP.2019-01-30T12_46_20.363.fits,57633,2008-12-10T03:26:00.086,54810.14305656,GIRAFFE,ESO-VLT-U2,ADP.2019-01-30T12:46:20.363.fits,182.D-0222(A),SCIENCE_RBNSPEC_STACK,,,,84.7410416666652,-68.987972222221
ADP.2019-01-30T12_46_20.367.fits,151537,2008-12-10T03:26:00.086,54810.14305656,GIRAFFE,ESO-VLT-U2,ADP.2019-01-30T12:46:20.367.fits,182.D-0222(A),SCIENCE_RBNSPEC_STACK,,,,84.7267916666652,-69.1334444444433
ADP.2019-01-30T12_46_20.387.fits,250699,2008-12-10T03:26:00.086,54810.14305656,GIRAFFE,ESO-VLT-U2,ADP.2019-01-30T12:46:20.387.fits,182.D-0222(A),SCIENCE_RBNSPEC_STACK,,,,84.3879999999986,-69.03261111111
ADP.2019-01-30T12_46_20.391.fits,236435,2008-12-10T03:26:00.086,54810.14305656,GIRAFFE,ESO-VLT-U2,ADP.2019-01-30T12:46:20.391.fits,182.D-0222(A),SCIENCE_RBNSPEC_STACK,,,,84.3950416666652,-69.1336944444433
ADP.2019-01-30T12_46_20.395.fits,58952,2008-12-10T03:26:00.086,54810.14305656,GIRAFFE,ESO-VLT-U2,ADP.2019-01-30T12:46:20.395.fits,182.D-0222(A),SCIENCE_RBNSPEC_STACK,,,,84.6454166666652,-68.9792777777766
ADP.2019-01-30T12_46_20.411.fits,55107,2008-12-10T03:26:00.086,54810.14305656,GIRAFFE,ESO-VLT-U2,ADP.2019-01-30T12:46:20.411.fits,182.D-0222(A),SCIENCE_RBNSPEC_STACK,,,,84.8594166666652,-69.00536111111
ADP.2019-01-30T12_46_20.459.fits,104511,2008-12-10T03:26:00.086,54810.14305656,GIRAFFE,ESO-VLT-U2,ADP.2019-01-30T12:46:20.459.fits,182.D-0222(A),SCIENCE_RBNSPEC_STACK,,,,84.9646666666652,-69.0396111111099
ADP.2019-01-30T12_46_20.467.fits,466,2008-12-10T03:26:00.086,54810.14305656,GIRAFFE,ESO-VLT-U2,ADP.2019-01-30T12:46:20.467.fits,182.D-0222(A),SCIENCE_RBNSPEC_STACK,,,,84.6435833333319,-69.1039999999988
ADP.2019-01-30T12_46_20.471.fits,380234,2008-12-10T03:26:00.086,54810.14305656,GIRAFFE,ESO-VLT-U2,ADP.2019-01-30T12:46:20.471.fits,182.D-0222(A),SCIENCE_RBNSPEC_STACK,,,,84.4360416666652,-69.0154166666655
ADP.2019-01-30T12_46_20.491.fits,238277,2008-12-10T03:26:00.086,54810.14305656,GIRAFFE,ESO-VLT-U2,ADP.2019-01-30T12:46:20.491.fits,182.D-0222(A),SCIENCE_RBNSPEC_STACK,,,,84.3429999999986,-69.1211388888877
ADP.2019-01-30T12_46_20.495.fits,100,2008-12-10T03:26:00.086,54810.14305656,GIRAFFE,ESO-VLT-U2,ADP.2019-01-30T12:46:20.495.fits,182.D-0222(A),SCIENCE_RBNSPEC_STACK,,,,84.6724166666652,-69.0923611111099
ADP.2019-01-30T12_46_20.503.fits,154054,2008-12-10T03:26:00.086,54810.14305656,GIRAFFE,ESO-VLT-U2,ADP.2019-01-30T12:46:20.503.fits,182.D-0222(A),SCIENCE_RBNSPEC_STACK,,,,85.0006666666652,-69.0397777777766
ADP.2019-01-30T12_46_20.507.fits,36685,2008-12-10T03:26:00.086,54810.14305656,GIRAFFE,ESO-VLT-U2,ADP.2019-01-30T12:46:20.507.fits,182.D-0222(A),SCIENCE_RBNSPEC_STACK,,,,84.9172916666652,-69.1506111111099
ADP.2019-01-30T12_46_20.571.fits,315089,2008-12-10T03:26:00.086,54810.14305656,GIRAFFE,ESO-VLT-U2,ADP.2019-01-30T12:46:20.571.fits,182.D-0222(A),SCIENCE_RBNSPEC_STACK,,,,84.4557499999986,-69.1036666666655
ADP.2019-01-30T12_46_20.595.fits,57510,2008-12-10T03:26:00.086,54810.14305656,GIRAFFE,ESO-VLT-U2,ADP.2019-01-30T12:46:20.595.fits,182.D-0222(A),SCIENCE_RBNSPEC_STACK,,,,84.5841249999986,-68.9889722222211
ADP.2019-01-30T12_46_20.611.fits,402,2008-12-10T03:26:00.086,54810.14305656,GIRAFFE,ESO-VLT-U2,ADP.2019-01-30T12:46:20.611.fits,182.D-0222(A),SCIENCE_RBNSPEC_STACK,,,,84.6649166666652,-69.0824166666655
ADP.2019-01-30T12_46_20.623.fits,318788,2008-12-10T03:26:00.086,54810.14305656,GIRAFFE,ESO-VLT-U2,ADP.2019-01-30T12:46:20.623.fits,182.D-0222(A),SCIENCE_RBNSPEC_STACK,,,,84.5684999999986,-69.0641944444433
ADP.2019-01-30T12_46_20.643.fits,100367,2008-12-10T03:26:00.086,54810.14305656,GIRAFFE,ESO-VLT-U2,ADP.2019-01-30T12:46:20.643.fits,182.D-0222(A),SCIENCE_RBNSPEC_STACK,,,,84.5914999999986,-69.0999722222211
ADP.2019-01-30T12_46_20.651.fits,46734,2008-12-10T03:26:00.086,54810.14305656,GIRAFFE,ESO-VLT-U2,ADP.2019-01-30T12:46:20.651.fits,182.D-0222(A),SCIENCE_RBNSPEC_STACK,,,,84.6716249999986,-69.0684166666655
ADP.2019-01-30T12_46_20.703.fits,369335,2008-12-10T03:26:00.086,54810.14305656,GIRAFFE,ESO-VLT-U2,ADP.2019-01-30T12:46:20.703.fits,182.D-0222(A),SCIENCE_RBNSPEC_STACK,,,,84.4307083333319,-69.1794166666655
ADP.2019-01-30T12_46_20.711.fits,232322,2008-12-10T03:26:00.086,54810.14305656,GIRAFFE,ESO-VLT-U2,ADP.2019-01-30T12:46:20.711.fits,182.D-0222(A),SCIENCE_RBNSPEC_STACK,,,,84.3964166666652,-69.1614444444433
ADP.2019-01-30T12_46_20.715.fits,239956,2008-12-10T03:26:00.086,54810.14305656,GIRAFFE,ESO-VLT-U2,ADP.2019-01-30T12:46:20.715.fits,182.D-0222(A),SCIENCE_RBNSPEC_STACK,,,,84.4420833333319,-69.1096944444433
ADP.2019-01-30T12_46_20.719.fits,34,2008-12-10T03:26:00.086,54810.14305656,GIRAFFE,ESO-VLT-U2,ADP.2019-01-30T12:46:20.719.fits,182.D-0222(A),SCIENCE_RBNSPEC_STACK,,,,84.6603749999986,-69.1060833333322
ADP.2019-01-30T12_46_20.751.fits,56681,2008-12-10T03:26:00.086,54810.14305656,GIRAFFE,ESO-VLT-U2,ADP.2019-01-30T12:46:20.751.fits,182.D-0222(A),SCIENCE_RBNSPEC_STACK,,,,84.6829999999986,-68.9944444444433
ADP.2019-01-30T12_46_20.767.fits,152294,2008-12-10T03:26:00.086,54810.14305656,GIRAFFE,ESO-VLT-U2,ADP.2019-01-30T12:46:20.767.fits,182.D-0222(A),SCIENCE_RBNSPEC_STACK,,,,84.8509166666652,-69.1032499999988
ADP.2019-01-31T23_21_55.527.fits,pos008,2003-12-04T01:57:44.489,52977.08176492,GIRAFFE,ESO-VLT-U2,ADP.2019-01-31T23:21:55.527.fits,072.C-0348(A),SCIENCE_RBNSPEC_STACK,,,,84.6515833333319,-69.1058888888877
ADP.2019-01-31T23_21_55.539.fits,pos036,2003-12-04T01:29:47.948,52977.06236052,GIRAFFE,ESO-VLT-U2,ADP.2019-01-31T23:21:55.539.fits,072.C-0348(A),SCIENCE_RBNSPEC_STACK,,,,84.6720833333319,-69.1262777777766
ADP.2019-01-31T23_21_55.557.fits,pos043,2003-12-04T01:57:44.489,52977.08176492,GIRAFFE,ESO-VLT-U2,ADP.2019-01-31T23:21:55.557.fits,072.C-0348(A),SCIENCE_RBNSPEC_STACK,,,,84.7350833333319,-69.1667222222211
ADP.2019-01-31T23_21_55.565.fits,pos092,2003-12-04T01:29:47.948,52977.06236052,GIRAFFE,ESO-VLT-U2,ADP.2019-01-31T23:21:55.565.fits,072.C-0348(A),SCIENCE_RBNSPEC_STACK,,,,84.5849166666652,-69.2285555555544
ADP.2019-01-31T23_21_55.569.fits,pos041,2003-12-04T01:29:47.948,52977.06236052,GIRAFFE,ESO-VLT-U2,ADP.2019-01-31T23:21:55.569.fits,072.C-0348(A),SCIENCE_RBNSPEC_STACK,,,,84.7007499999986,-69.1700555555544
ADP.2019-01-31T23_21_55.573.fits,pos040,2003-12-04T01:57:44.489,52977.08176492,GIRAFFE,ESO-VLT-U2,ADP.2019-01-31T23:21:55.573.fits,072.C-0348(A),SCIENCE_RBNSPEC_STACK,,,,84.5814999999985,-69.1674444444433
ADP.2019-01-31T23_21_55.577.fits,pos024,2003-12-04T01:29:47.948,52977.06236052,GIRAFFE,ESO-VLT-U2,ADP.2019-01-31T23:21:55.577.fits,072.C-0348(A),SCIENCE_RBNSPEC_STACK,,,,84.5998749999986,-69.041722222221
ADP.2019-01-31T23_21_55.589.fits,pos098,2003-12-04T01:29:47.948,52977.06236052,GIRAFFE,ESO-VLT-U2,ADP.2019-01-31T23:21:55.589.fits,072.C-0348(A),SCIENCE_RBNSPEC_STACK,,,,84.8219583333319,-69.0285555555544
ADP.2019-01-31T23_21_55.593.fits,pos036,2003-12-04T01:57:44.489,52977.08176492,GIRAFFE,ESO-VLT-U2,ADP.2019-01-31T23:21:55.593.fits,072.C-0348(A),SCIENCE_RBNSPEC_STACK,,,,84.6720833333319,-69.1262777777766
ADP.2019-01-31T23_21_55.597.fits,pos020,2003-12-04T01:29:47.948,52977.06236052,GIRAFFE,ESO-VLT-U2,ADP.2019-01-31T23:21:55.597.fits,072.C-0348(A),SCIENCE_RBNSPEC_STACK,,,,84.5796666666652,-69.0534722222211
ADP.2019-01-31T23_21_55.605.fits,pos103,2003-12-04T01:57:44.489,52977.08176492,GIRAFFE,ESO-VLT-U2,ADP.2019-01-31T23:21:55.605.fits,072.C-0348(A),SCIENCE_RBNSPEC_STACK,,,,84.7196249999986,-69.20511111111
ADP.2019-01-31T23_21_55.613.fits,pos079,2003-12-04T01:57:44.489,52977.08176492,GIRAFFE,ESO-VLT-U2,ADP.2019-01-31T23:21:55.613.fits,072.C-0348(A),SCIENCE_RBNSPEC_STACK,,,,84.6320833333319,-69.1225555555544
ADP.2019-01-31T23_21_55.617.fits,pos063,2003-12-04T01:29:47.948,52977.06236052,GIRAFFE,ESO-VLT-U2,ADP.2019-01-31T23:21:55.617.fits,072.C-0348(A),SCIENCE_RBNSPEC_STACK,,,,84.7584999999986,-69.0950555555544
ADP.2019-01-31T23_21_55.625.fits,pos100,2003-12-04T01:29:47.948,52977.06236052,GIRAFFE,ESO-VLT-U2,ADP.2019-01-31T23:21:55.625.fits,072.C-0348(A),SCIENCE_RBNSPEC_STACK,,,,84.6821249999985,-69.0054999999988
ADP.2019-01-31T23_21_55.633.fits,pos116,2003-12-04T01:29:47.948,52977.06236052,GIRAFFE,ESO-VLT-U2,ADP.2019-01-31T23:21:55.633.fits,072.C-0348(A),SCIENCE_RBNSPEC_STACK,,,,84.6619999999986,-69.1371111111099
ADP.2019-01-31T23_21_55.637.fits,pos058,2003-12-04T01:57:44.489,52977.08176492,GIRAFFE,ESO-VLT-U2,ADP.2019-01-31T23:21:55.637.fits,072.C-0348(A),SCIENCE_RBNSPEC_STACK,,,,84.8607916666652,-69.0996111111099
ADP.2019-01-31T23_21_55.641.fits,pos054,2003-12-04T01:57:44.489,52977.08176492,GIRAFFE,ESO-VLT-U2,ADP.2019-01-31T23:21:55.641.fits,072.C-0348(A),SCIENCE_RBNSPEC_STACK,,,,84.8492499999986,-69.1187777777766
ADP.2019-01-31T23_21_55.645.fits,pos060,2003-12-04T01:57:44.489,52977.08176492,GIRAFFE,ESO-VLT-U2,ADP.2019-01-31T23:21:55.645.fits,072.C-0348(A),SCIENCE_RBNSPEC_STACK,,,,84.8504583333319,-69.1023888888877
ADP.2019-01-31T23_21_55.649.fits,pos015,2003-12-04T01:57:44.489,52977.08176492,GIRAFFE,ESO-VLT-U2,ADP.2019-01-31T23:21:55.649.fits,072.C-0348(A),SCIENCE_RBNSPEC_STACK,,,,84.6586249999986,-69.0722777777766
ADP.2019-01-31T23_21_55.653.fits,pos095,2003-12-04T01:29:47.948,52977.06236052,GIRAFFE,ESO-VLT-U2,ADP.2019-01-31T23:21:55.653.fits,072.C-0348(A),SCIENCE_RBNSPEC_STACK,,,,84.4573333333319,-69.1796388888877
ADP.2019-01-31T23_21_55.657.fits,pos089,2003-12-04T01:57:44.489,52977.08176492,GIRAFFE,ESO-VLT-U2,ADP.2019-01-31T23:21:55.657.fits,072.C-0348(A),SCIENCE_RBNSPEC_STACK,,,,84.6809166666652,-69.0710833333322
ADP.2019-01-31T23_21_55.669.fits,pos061,2003-12-04T01:29:47.948,52977.06236052,GIRAFFE,ESO-VLT-U2,ADP.2019-01-31T23:21:55.669.fits,072.C-0348(A),SCIENCE_RBNSPEC_STACK,,,,84.7605833333319,-69.08911111111
ADP.2019-01-31T23_21_55.677.fits,pos008,2003-12-04T01:29:47.948,52977.06236052,GIRAFFE,ESO-VLT-U2,ADP.2019-01-31T23:21:55.677.fits,072.C-0348(A),SCIENCE_RBNSPEC_STACK,,,,84.6515833333319,-69.1058888888877
ADP.2019-01-31T23_21_55.681.fits,pos031,2003-12-04T01:57:44.489,52977.08176492,GIRAFFE,ESO-VLT-U2,ADP.2019-01-31T23:21:55.681.fits,072.C-0348(A),SCIENCE_RBNSPEC_STACK,,,,84.5036249999986,-69.1027499999988
ADP.2019-01-31T23_21_55.689.fits,pos057,2003-12-04T01:57:44.489,52977.08176492,GIRAFFE,ESO-VLT-U2,ADP.2019-01-31T23:21:55.689.fits,072.C-0348(A),SCIENCE_RBNSPEC_STACK,,,,84.8628333333319,-69.0949722222211
ADP.2019-01-31T23_21_55.697.fits,pos033,2003-12-04T01:57:44.489,52977.08176492,GIRAFFE,ESO-VLT-U2,ADP.2019-01-31T23:21:55.697.fits,072.C-0348(A),SCIENCE_RBNSPEC_STACK,,,,84.6876666666652,-69.1152499999988
ADP.2019-01-31T23_21_55.705.fits,pos112,2003-12-04T01:57:44.489,52977.08176492,GIRAFFE,ESO-VLT-U2,ADP.2019-01-31T23:21:55.705.fits,072.C-0348(A),SCIENCE_RBNSPEC_STACK,,,,84.5739999999986,-69.1873888888877
ADP.2019-01-31T23_21_55.713.fits,pos096,2003-12-04T01:57:44.489,52977.08176492,GIRAFFE,ESO-VLT-U2,ADP.2019-01-31T23:21:55.713.fits,072.C-0348(A),SCIENCE_RBNSPEC_STACK,,,,84.4287499999986,-69.1796666666655
ADP.2019-01-31T23_21_55.717.fits,pos004,2003-12-04T01:29:47.948,52977.06236052,GIRAFFE,ESO-VLT-U2,ADP.2019-01-31T23:21:55.717.fits,072.C-0348(A),SCIENCE_RBNSPEC_STACK,,,,84.7291666666652,-69.0837777777766
ADP.2019-01-31T23_21_55.721.fits,pos037,2003-12-04T01:57:44.489,52977.08176492,GIRAFFE,ESO-VLT-U2,ADP.2019-01-31T23:21:55.721.fits,072.C-0348(A),SCIENCE_RBNSPEC_STACK,,,,84.6101249999986,-69.1633888888877
ADP.2019-01-31T23_21_55.725.fits,pos061,2003-12-04T01:57:44.489,52977.08176492,GIRAFFE,ESO-VLT-U2,ADP.2019-01-31T23:21:55.725.fits,072.C-0348(A),SCIENCE_RBNSPEC_STACK,,,,84.7605833333319,-69.08911111111
ADP.2019-01-31T23_21_55.729.fits,pos106,2003-12-04T01:29:47.948,52977.06236052,GIRAFFE,ESO-VLT-U2,ADP.2019-01-31T23:21:55.729.fits,072.C-0348(A),SCIENCE_RBNSPEC_STACK,,,,84.4454166666653,-69.1202499999988
ADP.2019-01-31T23_21_55.737.fits,pos004,2003-12-04T01:57:44.489,52977.08176492,GIRAFFE,ESO-VLT-U2,ADP.2019-01-31T23:21:55.737.fits,072.C-0348(A),SCIENCE_RBNSPEC_STACK,,,,84.7291666666652,-69.0837777777766
ADP.2019-01-31T23_21_55.741.fits,pos029,2003-12-04T01:29:47.948,52977.06236052,GIRAFFE,ESO-VLT-U2,ADP.2019-01-31T23:21:55.741.fits,072.C-0348(A),SCIENCE_RBNSPEC_STACK,,,,84.4964583333319,-69.0903333333322
ADP.2019-01-31T23_21_55.749.fits,pos099,2003-12-04T01:29:47.948,52977.06236052,GIRAFFE,ESO-VLT-U2,ADP.2019-01-31T23:21:55.749.fits,072.C-0348(A),SCIENCE_RBNSPEC_STACK,,,,84.6601249999986,-69.0108611111099
ADP.2019-01-31T23_21_55.761.fits,pos052,2003-12-04T01:29:47.948,52977.06236052,GIRAFFE,ESO-VLT-U2,ADP.2019-01-31T23:21:55.761.fits,072.C-0348(A),SCIENCE_RBNSPEC_STACK,,,,84.8264999999986,-69.1338055555544
ADP.2019-01-31T23_21_55.765.fits,pos064,2003-12-04T01:29:47.948,52977.06236052,GIRAFFE,ESO-VLT-U2,ADP.2019-01-31T23:21:55.765.fits,072.C-0348(A),SCIENCE_RBNSPEC_STACK,,,,84.7704583333319,-69.0979999999988
ADP.2019-01-31T23_21_55.769.fits,pos011,2003-12-04T01:57:44.489,52977.08176492,GIRAFFE,ESO-VLT-U2,ADP.2019-01-31T23:21:55.769.fits,072.C-0348(A),SCIENCE_RBNSPEC_STACK,,,,84.6347499999986,-69.0880277777766
ADP.2019-01-31T23_21_55.777.fits,pos066,2003-12-04T01:29:47.948,52977.06236052,GIRAFFE,ESO-VLT-U2,ADP.2019-01-31T23:21:55.777.fits,072.C-0348(A),SCIENCE_RBNSPEC_STACK,,,,84.7978749999986,-69.0783611111099
ADP.2019-01-31T23_21_55.781.fits,pos104,2003-12-04T01:57:44.489,52977.08176492,GIRAFFE,ESO-VLT-U2,ADP.2019-01-31T23:21:55.781.fits,072.C-0348(A),SCIENCE_RBNSPEC_STACK,,,,84.8959583333319,-69.0839166666655
ADP.2019-01-31T23_21_55.785.fits,pos075,2003-12-04T01:29:47.948,52977.06236052,GIRAFFE,ESO-VLT-U2,ADP.2019-01-31T23:21:55.785.fits,072.C-0348(A),SCIENCE_RBNSPEC_STACK,,,,84.7082083333319,-69.1202499999988
ADP.2019-01-31T23_21_55.789.fits,pos034,2003-12-04T01:29:47.948,52977.06236052,GIRAFFE,ESO-VLT-U2,ADP.2019-01-31T23:21:55.789.fits,072.C-0348(A),SCIENCE_RBNSPEC_STACK,,,,84.5162499999986,-69.1184999999988
ADP.2019-01-31T23_21_55.801.fits,pos016,2003-12-04T01:29:47.948,52977.06236052,GIRAFFE,ESO-VLT-U2,ADP.2019-01-31T23:21:55.801.fits,072.C-0348(A),SCIENCE_RBNSPEC_STACK,,,,84.6599166666652,-69.0659999999988
ADP.2019-01-31T23_21_55.805.fits,pos116,2003-12-04T01:57:44.489,52977.08176492,GIRAFFE,ESO-VLT-U2,ADP.2019-01-31T23:21:55.805.fits,072.C-0348(A),SCIENCE_RBNSPEC_STACK,,,,84.6619999999986,-69.1371111111099
ADP.2019-01-31T23_21_55.809.fits,pos030,2003-12-04T01:29:47.948,52977.06236052,GIRAFFE,ESO-VLT-U2,ADP.2019-01-31T23:21:55.809.fits,072.C-0348(A),SCIENCE_RBNSPEC_STACK,,,,84.4849999999986,-69.0966388888877
ADP.2019-01-31T23_21_55.817.fits,pos080,2003-12-04T01:29:47.948,52977.06236052,GIRAFFE,ESO-VLT-U2,ADP.2019-01-31T23:21:55.817.fits,072.C-0348(A),SCIENCE_RBNSPEC_STACK,,,,84.6279166666652,-69.1359999999988
ADP.2019-01-31T23_21_55.821.fits,pos038,2003-12-04T01:29:47.948,52977.06236052,GIRAFFE,ESO-VLT-U2,ADP.2019-01-31T23:21:55.821.fits,072.C-0348(A),SCIENCE_RBNSPEC_STACK,,,,84.7397083333319,-69.1387499999988
ADP.2019-01-31T23_21_55.825.fits,pos104,2003-12-04T01:29:47.948,52977.06236052,GIRAFFE,ESO-VLT-U2,ADP.2019-01-31T23:21:55.825.fits,072.C-0348(A),SCIENCE_RBNSPEC_STACK,,,,84.8959583333319,-69.0839166666655
ADP.2019-01-31T23_21_55.833.fits,pos069,2003-12-04T01:57:44.489,52977.08176492,GIRAFFE,ESO-VLT-U2,ADP.2019-01-31T23:21:55.833.fits,072.C-0348(A),SCIENCE_RBNSPEC_STACK,,,,84.8523749999986,-69.0825833333322
ADP.2019-01-31T23_21_55.837.fits,pos087,2003-12-04T01:57:44.489,52977.08176492,GIRAFFE,ESO-VLT-U2,ADP.2019-01-31T23:21:55.837.fits,072.C-0348(A),SCIENCE_RBNSPEC_STACK,,,,84.5486666666652,-69.1251111111099
ADP.2019-01-31T23_21_55.845.fits,pos077,2003-12-04T01:57:44.489,52977.08176492,GIRAFFE,ESO-VLT-U2,ADP.2019-01-31T23:21:55.845.fits,072.C-0348(A),SCIENCE_RBNSPEC_STACK,,,,84.5721666666652,-69.1583611111099
ADP.2019-01-31T23_21_55.849.fits,pos050,2003-12-04T01:29:47.948,52977.06236052,GIRAFFE,ESO-VLT-U2,ADP.2019-01-31T23:21:55.849.fits,072.C-0348(A),SCIENCE_RBNSPEC_STACK,,,,84.8030833333319,-69.1253055555544
ADP.2019-01-31T23_21_55.853.fits,pos094,2003-12-04T01:57:44.489,52977.08176492,GIRAFFE,ESO-VLT-U2,ADP.2019-01-31T23:21:55.853.fits,072.C-0348(A),SCIENCE_RBNSPEC_STACK,,,,84.4316249999985,-69.1702222222211
ADP.2019-01-31T23_21_55.865.fits,pos115,2003-12-04T01:29:47.948,52977.06236052,GIRAFFE,ESO-VLT-U2,ADP.2019-01-31T23:21:55.865.fits,072.C-0348(A),SCIENCE_RBNSPEC_STACK,,,,84.7223749999986,-69.0335833333322
ADP.2019-01-31T23_21_55.873.fits,pos083,2003-12-04T01:29:47.948,52977.06236052,GIRAFFE,ESO-VLT-U2,ADP.2019-01-31T23:21:55.873.fits,072.C-0348(A),SCIENCE_RBNSPEC_STACK,,,,84.6874166666652,-69.080722222221
ADP.2019-01-31T23_21_55.877.fits,pos066,2003-12-04T01:57:44.489,52977.08176492,GIRAFFE,ESO-VLT-U2,ADP.2019-01-31T23:21:55.877.fits,072.C-0348(A),SCIENCE_RBNSPEC_STACK,,,,84.7978749999986,-69.0783611111099
ADP.2019-01-31T23_21_55.881.fits,pos077,2003-12-04T01:29:47.948,52977.06236052,GIRAFFE,ESO-VLT-U2,ADP.2019-01-31T23:21:55.881.fits,072.C-0348(A),SCIENCE_RBNSPEC_STACK,,,,84.5721666666652,-69.1583611111099
ADP.2019-01-31T23_21_55.885.fits,pos022,2003-12-04T01:57:44.489,52977.08176492,GIRAFFE,ESO-VLT-U2,ADP.2019-01-31T23:21:55.885.fits,072.C-0348(A),SCIENCE_RBNSPEC_STACK,,,,84.6159166666652,-69.0523611111099
ADP.2019-01-31T23_21_55.889.fits,pos111,2003-12-04T01:29:47.948,52977.06236052,GIRAFFE,ESO-VLT-U2,ADP.2019-01-31T23:21:55.889.fits,072.C-0348(A),SCIENCE_RBNSPEC_STACK,,,,84.5764166666652,-69.2141944444433
ADP.2019-01-31T23_21_55.893.fits,pos092,2003-12-04T01:57:44.489,52977.08176492,GIRAFFE,ESO-VLT-U2,ADP.2019-01-31T23:21:55.893.fits,072.C-0348(A),SCIENCE_RBNSPEC_STACK,,,,84.5849166666652,-69.2285555555544
ADP.2019-01-31T23_21_55.901.fits,pos105,2003-12-04T01:29:47.948,52977.06236052,GIRAFFE,ESO-VLT-U2,ADP.2019-01-31T23:21:55.901.fits,072.C-0348(A),SCIENCE_RBNSPEC_STACK,,,,84.4764999999986,-69.1260555555544
ADP.2019-01-31T23_21_55.909.fits,pos035,2003-12-04T01:29:47.948,52977.06236052,GIRAFFE,ESO-VLT-U2,ADP.2019-01-31T23:21:55.909.fits,072.C-0348(A),SCIENCE_RBNSPEC_STACK,,,,84.6383333333319,-69.1146111111099
ADP.2019-01-31T23_21_55.921.fits,pos047,2003-12-04T01:29:47.948,52977.06236052,GIRAFFE,ESO-VLT-U2,ADP.2019-01-31T23:21:55.921.fits,072.C-0348(A),SCIENCE_RBNSPEC_STACK,,,,84.7942916666652,-69.1367777777766
ADP.2019-01-31T23_21_55.929.fits,pos083,2003-12-04T01:57:44.489,52977.08176492,GIRAFFE,ESO-VLT-U2,ADP.2019-01-31T23:21:55.929.fits,072.C-0348(A),SCIENCE_RBNSPEC_STACK,,,,84.6874166666652,-69.080722222221
ADP.2019-01-31T23_21_55.933.fits,pos075,2003-12-04T01:57:44.489,52977.08176492,GIRAFFE,ESO-VLT-U2,ADP.2019-01-31T23:21:55.933.fits,072.C-0348(A),SCIENCE_RBNSPEC_STACK,,,,84.7082083333319,-69.1202499999988
ADP.2019-01-31T23_21_55.941.fits,pos049,2003-12-04T01:29:47.948,52977.06236052,GIRAFFE,ESO-VLT-U2,ADP.2019-01-31T23:21:55.941.fits,072.C-0348(A),SCIENCE_RBNSPEC_STACK,,,,84.8020416666652,-69.1299444444433
ADP.2019-01-31T23_21_55.945.fits,pos025,2003-12-04T01:29:47.948,52977.06236052,GIRAFFE,ESO-VLT-U2,ADP.2019-01-31T23:21:55.945.fits,072.C-0348(A),SCIENCE_RBNSPEC_STACK,,,,84.5766249999986,-69.0383611111099
ADP.2019-01-31T23_21_55.957.fits,pos093,2003-12-04T01:57:44.489,52977.08176492,GIRAFFE,ESO-VLT-U2,ADP.2019-01-31T23:21:55.957.fits,072.C-0348(A),SCIENCE_RBNSPEC_STACK,,,,84.4601666666652,-69.1701666666655
ADP.2019-01-31T23_21_55.961.fits,pos052,2003-12-04T01:57:44.489,52977.08176492,GIRAFFE,ESO-VLT-U2,ADP.2019-01-31T23:21:55.961.fits,072.C-0348(A),SCIENCE_RBNSPEC_STACK,,,,84.8264999999986,-69.1338055555544
ADP.2019-01-31T23_21_55.969.fits,pos097,2003-12-04T01:57:44.489,52977.08176492,GIRAFFE,ESO-VLT-U2,ADP.2019-01-31T23:21:55.969.fits,072.C-0348(A),SCIENCE_RBNSPEC_STACK,,,,84.6660833333319,-69.02036111111
ADP.2019-01-31T23_21_55.977.fits,pos068,2003-12-04T01:29:47.948,52977.06236052,GIRAFFE,ESO-VLT-U2,ADP.2019-01-31T23:21:55.977.fits,072.C-0348(A),SCIENCE_RBNSPEC_STACK,,,,84.8513749999986,-69.0875833333322
ADP.2019-01-31T23_21_55.981.fits,pos011,2003-12-04T01:29:47.948,52977.06236052,GIRAFFE,ESO-VLT-U2,ADP.2019-01-31T23:21:55.981.fits,072.C-0348(A),SCIENCE_RBNSPEC_STACK,,,,84.6347499999986,-69.0880277777766
ADP.2019-01-31T23_21_55.985.fits,pos109,2003-12-04T01:29:47.948,52977.06236052,GIRAFFE,ESO-VLT-U2,ADP.2019-01-31T23:21:55.985.fits,072.C-0348(A),SCIENCE_RBNSPEC_STACK,,,,84.3635416666652,-69.1124722222211
ADP.2019-01-31T23_21_55.989.fits,pos057,2003-12-04T01:29:47.948,52977.06236052,GIRAFFE,ESO-VLT-U2,ADP.2019-01-31T23:21:55.989.fits,072.C-0348(A),SCIENCE_RBNSPEC_STACK,,,,84.8628333333319,-69.0949722222211
ADP.2019-01-31T23_21_56.001.fits,pos047,2003-12-04T01:57:44.489,52977.08176492,GIRAFFE,ESO-VLT-U2,ADP.2019-01-31T23:21:56.001.fits,072.C-0348(A),SCIENCE_RBNSPEC_STACK,,,,84.7942916666652,-69.1367777777766
ADP.2019-01-31T23_21_56.005.fits,pos110,2003-12-04T01:57:44.489,52977.08176492,GIRAFFE,ESO-VLT-U2,ADP.2019-01-31T23:21:56.005.fits,072.C-0348(A),SCIENCE_RBNSPEC_STACK,,,,84.3410416666652,-69.1148333333322
ADP.2019-01-31T23_21_56.009.fits,pos012,2003-12-04T01:29:47.948,52977.06236052,GIRAFFE,ESO-VLT-U2,ADP.2019-01-31T23:21:56.009.fits,072.C-0348(A),SCIENCE_RBNSPEC_STACK,,,,84.6440833333319,-69.0824722222211
ADP.2019-01-31T23_21_56.013.fits,pos085,2003-12-04T01:29:47.948,52977.06236052,GIRAFFE,ESO-VLT-U2,ADP.2019-01-31T23:21:56.013.fits,072.C-0348(A),SCIENCE_RBNSPEC_STACK,,,,84.5423333333319,-69.0561388888877
ADP.2019-01-31T23_21_56.017.fits,pos044,2003-12-04T01:29:47.948,52977.06236052,GIRAFFE,ESO-VLT-U2,ADP.2019-01-31T23:21:56.017.fits,072.C-0348(A),SCIENCE_RBNSPEC_STACK,,,,84.7532083333319,-69.1358888888877
ADP.2019-01-31T23_21_56.021.fits,pos005,2003-12-04T01:29:47.948,52977.06236052,GIRAFFE,ESO-VLT-U2,ADP.2019-01-31T23:21:56.021.fits,072.C-0348(A),SCIENCE_RBNSPEC_STACK,,,,84.7465416666652,-69.0858055555544
ADP.2019-01-31T23_21_56.025.fits,pos049,2003-12-04T01:57:44.489,52977.08176492,GIRAFFE,ESO-VLT-U2,ADP.2019-01-31T23:21:56.025.fits,072.C-0348(A),SCIENCE_RBNSPEC_STACK,,,,84.8020416666652,-69.1299444444433
ADP.2019-01-31T23_21_56.029.fits,pos001,2003-12-04T01:57:44.489,52977.08176492,GIRAFFE,ESO-VLT-U2,ADP.2019-01-31T23:21:56.029.fits,072.C-0348(A),SCIENCE_RBNSPEC_STACK,,,,84.6876666666652,-69.0859999999988
ADP.2019-01-31T23_21_56.033.fits,pos101,2003-12-04T01:29:47.948,52977.06236052,GIRAFFE,ESO-VLT-U2,ADP.2019-01-31T23:21:56.033.fits,072.C-0348(A),SCIENCE_RBNSPEC_STACK,,,,84.9421249999986,-69.1295277777766
ADP.2019-01-31T23_21_56.037.fits,pos015,2003-12-04T01:29:47.948,52977.06236052,GIRAFFE,ESO-VLT-U2,ADP.2019-01-31T23:21:56.037.fits,072.C-0348(A),SCIENCE_RBNSPEC_STACK,,,,84.6586249999986,-69.0722777777766
ADP.2019-01-31T23_21_56.041.fits,pos105,2003-12-04T01:57:44.489,52977.08176492,GIRAFFE,ESO-VLT-U2,ADP.2019-01-31T23:21:56.041.fits,072.C-0348(A),SCIENCE_RBNSPEC_STACK,,,,84.4764999999986,-69.1260555555544
ADP.2019-01-31T23_21_56.045.fits,pos013,2003-12-04T01:57:44.489,52977.08176492,GIRAFFE,ESO-VLT-U2,ADP.2019-01-31T23:21:56.045.fits,072.C-0348(A),SCIENCE_RBNSPEC_STACK,,,,84.6793749999986,-69.0755277777766
ADP.2019-01-31T23_21_56.049.fits,pos002,2003-12-04T01:57:44.489,52977.08176492,GIRAFFE,ESO-VLT-U2,ADP.2019-01-31T23:21:56.049.fits,072.C-0348(A),SCIENCE_RBNSPEC_STACK,,,,84.6998749999986,-69.0843333333322
ADP.2019-01-31T23_21_56.053.fits,pos107,2003-12-04T01:29:47.948,52977.06236052,GIRAFFE,ESO-VLT-U2,ADP.2019-01-31T23:21:56.053.fits,072.C-0348(A),SCIENCE_RBNSPEC_STACK,,,,84.4204583333319,-69.1164722222211
ADP.2019-01-31T23_21_56.061.fits,pos028,2003-12-04T01:29:47.948,52977.06236052,GIRAFFE,ESO-VLT-U2,ADP.2019-01-31T23:21:56.061.fits,072.C-0348(A),SCIENCE_RBNSPEC_STACK,,,,84.5229999999985,-69.077972222221
ADP.2019-01-31T23_21_56.065.fits,pos094,2003-12-04T01:29:47.948,52977.06236052,GIRAFFE,ESO-VLT-U2,ADP.2019-01-31T23:21:56.065.fits,072.C-0348(A),SCIENCE_RBNSPEC_STACK,,,,84.4316249999985,-69.1702222222211
ADP.2019-01-31T23_21_56.073.fits,pos107,2003-12-04T01:57:44.489,52977.08176492,GIRAFFE,ESO-VLT-U2,ADP.2019-01-31T23:21:56.073.fits,072.C-0348(A),SCIENCE_RBNSPEC_STACK,,,,84.4204583333319,-69.1164722222211
ADP.2019-01-31T23_21_56.077.fits,pos088,2003-12-04T01:57:44.489,52977.08176492,GIRAFFE,ESO-VLT-U2,ADP.2019-01-31T23:21:56.077.fits,072.C-0348(A),SCIENCE_RBNSPEC_STACK,,,,84.5418749999986,-69.1336388888877
ADP.2019-01-31T23_21_56.109.fits,pos103,2003-12-04T01:29:47.948,52977.06236052,GIRAFFE,ESO-VLT-U2,ADP.2019-01-31T23:21:56.109.fits,072.C-0348(A),SCIENCE_RBNSPEC_STACK,,,,84.7196249999986,-69.20511111111
ADP.2019-01-31T23_21_56.117.fits,pos090,2003-12-04T01:57:44.489,52977.08176492,GIRAFFE,ESO-VLT-U2,ADP.2019-01-31T23:21:56.117.fits,072.C-0348(A),SCIENCE_RBNSPEC_STACK,,,,84.6707499999986,-69.2258055555544
ADP.2019-01-31T23_21_56.137.fits,pos006,2003-12-04T01:29:47.948,52977.06236052,GIRAFFE,ESO-VLT-U2,ADP.2019-01-31T23:21:56.137.fits,072.C-0348(A),SCIENCE_RBNSPEC_STACK,,,,84.7250416666652,-69.0923888888877
ADP.2019-01-31T23_21_56.141.fits,pos021,2003-12-04T01:57:44.489,52977.08176492,GIRAFFE,ESO-VLT-U2,ADP.2019-01-31T23:21:56.141.fits,072.C-0348(A),SCIENCE_RBNSPEC_STACK,,,,84.5907916666652,-69.0497777777766
ADP.2019-01-31T23_21_56.161.fits,pos091,2003-12-04T01:57:44.489,52977.08176492,GIRAFFE,ESO-VLT-U2,ADP.2019-01-31T23:21:56.161.fits,072.C-0348(A),SCIENCE_RBNSPEC_STACK,,,,84.6275833333319,-69.2321111111099
ADP.2019-01-31T23_21_56.169.fits,pos046,2003-12-04T01:29:47.948,52977.06236052,GIRAFFE,ESO-VLT-U2,ADP.2019-01-31T23:21:56.169.fits,072.C-0348(A),SCIENCE_RBNSPEC_STACK,,,,84.7854583333319,-69.1384722222211
ADP.2019-01-31T23_21_56.173.fits,pos043,2003-12-04T01:29:47.948,52977.06236052,GIRAFFE,ESO-VLT-U2,ADP.2019-01-31T23:21:56.173.fits,072.C-0348(A),SCIENCE_RBNSPEC_STACK,,,,84.7350833333319,-69.1667222222211
ADP.2019-01-31T23_21_56.181.fits,pos099,2003-12-04T01:57:44.489,52977.08176492,GIRAFFE,ESO-VLT-U2,ADP.2019-01-31T23:21:56.181.fits,072.C-0348(A),SCIENCE_RBNSPEC_STACK,,,,84.6601249999986,-69.0108611111099
ADP.2019-01-31T23_21_56.185.fits,pos010,2003-12-04T01:57:44.489,52977.08176492,GIRAFFE,ESO-VLT-U2,ADP.2019-01-31T23:21:56.185.fits,072.C-0348(A),SCIENCE_RBNSPEC_STACK,,,,84.6305833333319,-69.0944999999988
ADP.2019-01-31T23_21_56.193.fits,pos114,2003-12-04T01:57:44.489,52977.08176492,GIRAFFE,ESO-VLT-U2,ADP.2019-01-31T23:21:56.193.fits,072.C-0348(A),SCIENCE_RBNSPEC_STACK,,,,84.7377083333319,-69.1015833333321
ADP.2019-01-31T23_21_56.201.fits,pos016,2003-12-04T01:57:44.489,52977.08176492,GIRAFFE,ESO-VLT-U2,ADP.2019-01-31T23:21:56.201.fits,072.C-0348(A),SCIENCE_RBNSPEC_STACK,,,,84.6599166666652,-69.0659999999988
ADP.2019-01-31T23_21_56.205.fits,pos018,2003-12-04T01:29:47.948,52977.06236052,GIRAFFE,ESO-VLT-U2,ADP.2019-01-31T23:21:56.205.fits,072.C-0348(A),SCIENCE_RBNSPEC_STACK,,,,84.6319583333319,-69.0622777777766
ADP.2019-01-31T23_21_56.209.fits,pos093,2003-12-04T01:29:47.948,52977.06236052,GIRAFFE,ESO-VLT-U2,ADP.2019-01-31T23:21:56.209.fits,072.C-0348(A),SCIENCE_RBNSPEC_STACK,,,,84.4601666666652,-69.1701666666655
ADP.2019-01-31T23_21_56.213.fits,pos062,2003-12-04T01:57:44.489,52977.08176492,GIRAFFE,ESO-VLT-U2,ADP.2019-01-31T23:21:56.213.fits,072.C-0348(A),SCIENCE_RBNSPEC_STACK,,,,84.7745833333319,-69.0902222222211
ADP.2019-01-31T23_21_56.221.fits,pos100,2003-12-04T01:57:44.489,52977.08176492,GIRAFFE,ESO-VLT-U2,ADP.2019-01-31T23:21:56.221.fits,072.C-0348(A),SCIENCE_RBNSPEC_STACK,,,,84.6821249999985,-69.0054999999988
ADP.2019-01-31T23_21_56.225.fits,pos039,2003-12-04T01:29:47.948,52977.06236052,GIRAFFE,ESO-VLT-U2,ADP.2019-01-31T23:21:56.225.fits,072.C-0348(A),SCIENCE_RBNSPEC_STACK,,,,84.6252083333319,-69.1698888888877
ADP.2019-01-31T23_21_56.229.fits,pos023,2003-12-04T01:57:44.489,52977.08176492,GIRAFFE,ESO-VLT-U2,ADP.2019-01-31T23:21:56.229.fits,072.C-0348(A),SCIENCE_RBNSPEC_STACK,,,,84.6211249999986,-69.0456111111099
ADP.2019-01-31T23_21_56.233.fits,pos078,2003-12-04T01:29:47.948,52977.06236052,GIRAFFE,ESO-VLT-U2,ADP.2019-01-31T23:21:56.233.fits,072.C-0348(A),SCIENCE_RBNSPEC_STACK,,,,84.5508749999986,-69.1489166666655
ADP.2019-01-31T23_21_56.237.fits,pos025,2003-12-04T01:57:44.489,52977.08176492,GIRAFFE,ESO-VLT-U2,ADP.2019-01-31T23:21:56.237.fits,072.C-0348(A),SCIENCE_RBNSPEC_STACK,,,,84.5766249999986,-69.0383611111099
ADP.2019-01-31T23_21_56.241.fits,pos082,2003-12-04T01:57:44.489,52977.08176492,GIRAFFE,ESO-VLT-U2,ADP.2019-01-31T23:21:56.241.fits,072.C-0348(A),SCIENCE_RBNSPEC_STACK,,,,84.6552916666652,-69.0602499999988
ADP.2019-01-31T23_21_56.245.fits,pos081,2003-12-04T01:29:47.948,52977.06236052,GIRAFFE,ESO-VLT-U2,ADP.2019-01-31T23:21:56.245.fits,072.C-0348(A),SCIENCE_RBNSPEC_STACK,,,,84.7367083333319,-69.0961666666655
ADP.2019-01-31T23_21_56.253.fits,pos113,2003-12-04T01:29:47.948,52977.06236052,GIRAFFE,ESO-VLT-U2,ADP.2019-01-31T23:21:56.253.fits,072.C-0348(A),SCIENCE_RBNSPEC_STACK,,,,84.5398749999986,-69.1059166666655
ADP.2019-01-31T23_21_56.257.fits,pos021,2003-12-04T01:29:47.948,52977.06236052,GIRAFFE,ESO-VLT-U2,ADP.2019-01-31T23:21:56.257.fits,072.C-0348(A),SCIENCE_RBNSPEC_STACK,,,,84.5907916666652,-69.0497777777766
ADP.2019-01-31T23_21_56.265.fits,pos117,2003-12-04T01:57:44.489,52977.08176492,GIRAFFE,ESO-VLT-U2,ADP.2019-01-31T23:21:56.265.fits,072.C-0348(A),SCIENCE_RBNSPEC_STACK,,,,84.8564999999986,-69.1939444444433
ADP.2019-01-31T23_21_56.273.fits,pos003,2003-12-04T01:57:44.489,52977.08176492,GIRAFFE,ESO-VLT-U2,ADP.2019-01-31T23:21:56.273.fits,072.C-0348(A),SCIENCE_RBNSPEC_STACK,,,,84.7138749999986,-69.0833055555544
ADP.2019-01-31T23_21_56.277.fits,pos055,2003-12-04T01:29:47.948,52977.06236052,GIRAFFE,ESO-VLT-U2,ADP.2019-01-31T23:21:56.277.fits,072.C-0348(A),SCIENCE_RBNSPEC_STACK,,,,84.8590833333319,-69.1115555555544
ADP.2019-01-31T23_21_56.285.fits,pos078,2003-12-04T01:57:44.489,52977.08176492,GIRAFFE,ESO-VLT-U2,ADP.2019-01-31T23:21:56.285.fits,072.C-0348(A),SCIENCE_RBNSPEC_STACK,,,,84.5508749999986,-69.1489166666655
ADP.2019-01-31T23_21_56.305.fits,pos113,2003-12-04T01:57:44.489,52977.08176492,GIRAFFE,ESO-VLT-U2,ADP.2019-01-31T23:21:56.305.fits,072.C-0348(A),SCIENCE_RBNSPEC_STACK,,,,84.5398749999986,-69.1059166666655
ADP.2019-01-31T23_21_56.309.fits,pos042,2003-12-04T01:29:47.948,52977.06236052,GIRAFFE,ESO-VLT-U2,ADP.2019-01-31T23:21:56.309.fits,072.C-0348(A),SCIENCE_RBNSPEC_STACK,,,,84.7179166666652,-69.1606111111099
ADP.2019-01-31T23_21_56.313.fits,pos088,2003-12-04T01:29:47.948,52977.06236052,GIRAFFE,ESO-VLT-U2,ADP.2019-01-31T23:21:56.313.fits,072.C-0348(A),SCIENCE_RBNSPEC_STACK,,,,84.5418749999986,-69.1336388888877
ADP.2019-01-31T23_21_56.325.fits,pos048,2003-12-04T01:57:44.489,52977.08176492,GIRAFFE,ESO-VLT-U2,ADP.2019-01-31T23:21:56.325.fits,072.C-0348(A),SCIENCE_RBNSPEC_STACK,,,,84.8036666666652,-69.1358611111099
ADP.2019-01-31T23_21_56.333.fits,pos010,2003-12-04T01:29:47.948,52977.06236052,GIRAFFE,ESO-VLT-U2,ADP.2019-01-31T23:21:56.333.fits,072.C-0348(A),SCIENCE_RBNSPEC_STACK,,,,84.6305833333319,-69.0944999999988
ADP.2019-01-31T23_21_56.337.fits,pos017,2003-12-04T01:29:47.948,52977.06236052,GIRAFFE,ESO-VLT-U2,ADP.2019-01-31T23:21:56.337.fits,072.C-0348(A),SCIENCE_RBNSPEC_STACK,,,,84.6474999999986,-69.0635833333322
ADP.2019-01-31T23_21_56.341.fits,pos081,2003-12-04T01:57:44.489,52977.08176492,GIRAFFE,ESO-VLT-U2,ADP.2019-01-31T23:21:56.341.fits,072.C-0348(A),SCIENCE_RBNSPEC_STACK,,,,84.7367083333319,-69.0961666666655
ADP.2019-01-31T23_21_56.349.fits,pos064,2003-12-04T01:57:44.489,52977.08176492,GIRAFFE,ESO-VLT-U2,ADP.2019-01-31T23:21:56.349.fits,072.C-0348(A),SCIENCE_RBNSPEC_STACK,,,,84.7704583333319,-69.0979999999988
ADP.2019-01-31T23_21_56.357.fits,pos005,2003-12-04T01:57:44.489,52977.08176492,GIRAFFE,ESO-VLT-U2,ADP.2019-01-31T23:21:56.357.fits,072.C-0348(A),SCIENCE_RBNSPEC_STACK,,,,84.7465416666652,-69.0858055555544
ADP.2019-01-31T23_21_56.361.fits,pos102,2003-12-04T01:29:47.948,52977.06236052,GIRAFFE,ESO-VLT-U2,ADP.2019-01-31T23:21:56.361.fits,072.C-0348(A),SCIENCE_RBNSPEC_STACK,,,,84.9646666666652,-69.1109444444433
ADP.2019-01-31T23_21_56.365.fits,pos019,2003-12-04T01:57:44.489,52977.08176492,GIRAFFE,ESO-VLT-U2,ADP.2019-01-31T23:21:56.365.fits,072.C-0348(A),SCIENCE_RBNSPEC_STACK,,,,84.5702916666653,-69.05661111111
ADP.2019-01-31T23_21_56.369.fits,pos038,2003-12-04T01:57:44.489,52977.08176492,GIRAFFE,ESO-VLT-U2,ADP.2019-01-31T23:21:56.369.fits,072.C-0348(A),SCIENCE_RBNSPEC_STACK,,,,84.7397083333319,-69.1387499999988
ADP.2019-01-31T23_21_56.373.fits,pos002,2003-12-04T01:29:47.948,52977.06236052,GIRAFFE,ESO-VLT-U2,ADP.2019-01-31T23:21:56.373.fits,072.C-0348(A),SCIENCE_RBNSPEC_STACK,,,,84.6998749999986,-69.0843333333322
ADP.2019-01-31T23_21_56.377.fits,pos048,2003-12-04T01:29:47.948,52977.06236052,GIRAFFE,ESO-VLT-U2,ADP.2019-01-31T23:21:56.377.fits,072.C-0348(A),SCIENCE_RBNSPEC_STACK,,,,84.8036666666652,-69.1358611111099
ADP.2019-01-31T23_21_56.381.fits,pos101,2003-12-04T01:57:44.489,52977.08176492,GIRAFFE,ESO-VLT-U2,ADP.2019-01-31T23:21:56.381.fits,072.C-0348(A),SCIENCE_RBNSPEC_STACK,,,,84.9421249999986,-69.1295277777766
ADP.2019-01-31T23_21_56.385.fits,pos097,2003-12-04T01:29:47.948,52977.06236052,GIRAFFE,ESO-VLT-U2,ADP.2019-01-31T23:21:56.385.fits,072.C-0348(A),SCIENCE_RBNSPEC_STACK,,,,84.6660833333319,-69.02036111111
ADP.2019-01-31T23_21_56.389.fits,pos044,2003-12-04T01:57:44.489,52977.08176492,GIRAFFE,ESO-VLT-U2,ADP.2019-01-31T23:21:56.389.fits,072.C-0348(A),SCIENCE_RBNSPEC_STACK,,,,84.7532083333319,-69.1358888888877
ADP.2019-01-31T23_21_56.397.fits,pos029,2003-12-04T01:57:44.489,52977.08176492,GIRAFFE,ESO-VLT-U2,ADP.2019-01-31T23:21:56.397.fits,072.C-0348(A),SCIENCE_RBNSPEC_STACK,,,,84.4964583333319,-69.0903333333322
ADP.2019-01-31T23_21_56.405.fits,pos040,2003-12-04T01:29:47.948,52977.06236052,GIRAFFE,ESO-VLT-U2,ADP.2019-01-31T23:21:56.405.fits,072.C-0348(A),SCIENCE_RBNSPEC_STACK,,,,84.5814999999985,-69.1674444444433
ADP.2019-01-31T23_21_56.409.fits,pos034,2003-12-04T01:57:44.489,52977.08176492,GIRAFFE,ESO-VLT-U2,ADP.2019-01-31T23:21:56.409.fits,072.C-0348(A),SCIENCE_RBNSPEC_STACK,,,,84.5162499999986,-69.1184999999988
ADP.2019-01-31T23_21_56.413.fits,pos090,2003-12-04T01:29:47.948,52977.06236052,GIRAFFE,ESO-VLT-U2,ADP.2019-01-31T23:21:56.413.fits,072.C-0348(A),SCIENCE_RBNSPEC_STACK,,,,84.6707499999986,-69.2258055555544
ADP.2019-01-31T23_21_56.421.fits,pos065,2003-12-04T01:29:47.948,52977.06236052,GIRAFFE,ESO-VLT-U2,ADP.2019-01-31T23:21:56.421.fits,072.C-0348(A),SCIENCE_RBNSPEC_STACK,,,,84.7336249999986,-69.1094999999988
ADP.2019-01-31T23_21_56.429.fits,pos063,2003-12-04T01:57:44.489,52977.08176492,GIRAFFE,ESO-VLT-U2,ADP.2019-01-31T23:21:56.429.fits,072.C-0348(A),SCIENCE_RBNSPEC_STACK,,,,84.7584999999986,-69.0950555555544
ADP.2019-01-31T23_21_56.437.fits,pos111,2003-12-04T01:57:44.489,52977.08176492,GIRAFFE,ESO-VLT-U2,ADP.2019-01-31T23:21:56.437.fits,072.C-0348(A),SCIENCE_RBNSPEC_STACK,,,,84.5764166666652,-69.2141944444433
ADP.2019-01-31T23_21_56.441.fits,pos009,2003-12-04T01:29:47.948,52977.06236052,GIRAFFE,ESO-VLT-U2,ADP.2019-01-31T23:21:56.441.fits,072.C-0348(A),SCIENCE_RBNSPEC_STACK,,,,84.6669166666652,-69.1093333333321
ADP.2019-01-31T23_21_56.449.fits,pos096,2003-12-04T01:29:47.948,52977.06236052,GIRAFFE,ESO-VLT-U2,ADP.2019-01-31T23:21:56.449.fits,072.C-0348(A),SCIENCE_RBNSPEC_STACK,,,,84.4287499999986,-69.1796666666655
ADP.2019-01-31T23_21_56.453.fits,pos006,2003-12-04T01:57:44.489,52977.08176492,GIRAFFE,ESO-VLT-U2,ADP.2019-01-31T23:21:56.453.fits,072.C-0348(A),SCIENCE_RBNSPEC_STACK,,,,84.7250416666652,-69.0923888888877
ADP.2019-01-31T23_21_56.457.fits,pos080,2003-12-04T01:57:44.489,52977.08176492,GIRAFFE,ESO-VLT-U2,ADP.2019-01-31T23:21:56.457.fits,072.C-0348(A),SCIENCE_RBNSPEC_STACK,,,,84.6279166666652,-69.1359999999988
ADP.2019-01-31T23_21_56.461.fits,pos026,2003-12-04T01:57:44.489,52977.08176492,GIRAFFE,ESO-VLT-U2,ADP.2019-01-31T23:21:56.461.fits,072.C-0348(A),SCIENCE_RBNSPEC_STACK,,,,84.5502083333319,-69.0372499999988
ADP.2019-01-31T23_21_56.473.fits,pos053,2003-12-04T01:29:47.948,52977.06236052,GIRAFFE,ESO-VLT-U2,ADP.2019-01-31T23:21:56.473.fits,072.C-0348(A),SCIENCE_RBNSPEC_STACK,,,,84.8456666666652,-69.1237777777766
ADP.2019-01-31T23_21_56.481.fits,pos024,2003-12-04T01:57:44.489,52977.08176492,GIRAFFE,ESO-VLT-U2,ADP.2019-01-31T23:21:56.481.fits,072.C-0348(A),SCIENCE_RBNSPEC_STACK,,,,84.5998749999986,-69.041722222221
ADP.2019-01-31T23_21_56.485.fits,pos082,2003-12-04T01:29:47.948,52977.06236052,GIRAFFE,ESO-VLT-U2,ADP.2019-01-31T23:21:56.485.fits,072.C-0348(A),SCIENCE_RBNSPEC_STACK,,,,84.6552916666652,-69.0602499999988
ADP.2019-01-31T23_21_56.489.fits,pos017,2003-12-04T01:57:44.489,52977.08176492,GIRAFFE,ESO-VLT-U2,ADP.2019-01-31T23:21:56.489.fits,072.C-0348(A),SCIENCE_RBNSPEC_STACK,,,,84.6474999999986,-69.0635833333322
ADP.2019-01-31T23_21_56.493.fits,pos020,2003-12-04T01:57:44.489,52977.08176492,GIRAFFE,ESO-VLT-U2,ADP.2019-01-31T23:21:56.493.fits,072.C-0348(A),SCIENCE_RBNSPEC_STACK,,,,84.5796666666652,-69.0534722222211
ADP.2019-01-31T23_21_56.497.fits,pos110,2003-12-04T01:29:47.948,52977.06236052,GIRAFFE,ESO-VLT-U2,ADP.2019-01-31T23:21:56.497.fits,072.C-0348(A),SCIENCE_RBNSPEC_STACK,,,,84.3410416666652,-69.1148333333322
ADP.2019-01-31T23_21_56.501.fits,pos054,2003-12-04T01:29:47.948,52977.06236052,GIRAFFE,ESO-VLT-U2,ADP.2019-01-31T23:21:56.501.fits,072.C-0348(A),SCIENCE_RBNSPEC_STACK,,,,84.8492499999986,-69.1187777777766
ADP.2019-01-31T23_21_56.513.fits,pos102,2003-12-04T01:57:44.489,52977.08176492,GIRAFFE,ESO-VLT-U2,ADP.2019-01-31T23:21:56.513.fits,072.C-0348(A),SCIENCE_RBNSPEC_STACK,,,,84.9646666666652,-69.1109444444433
ADP.2019-01-31T23_21_56.521.fits,pos089,2003-12-04T01:29:47.948,52977.06236052,GIRAFFE,ESO-VLT-U2,ADP.2019-01-31T23:21:56.521.fits,072.C-0348(A),SCIENCE_RBNSPEC_STACK,,,,84.6809166666652,-69.0710833333322
ADP.2019-01-31T23_21_56.533.fits,pos073,2003-12-04T01:29:47.948,52977.06236052,GIRAFFE,ESO-VLT-U2,ADP.2019-01-31T23:21:56.533.fits,072.C-0348(A),SCIENCE_RBNSPEC_STACK,,,,84.7741249999986,-69.0412499999988
ADP.2019-01-31T23_21_56.537.fits,pos071,2003-12-04T01:57:44.489,52977.08176492,GIRAFFE,ESO-VLT-U2,ADP.2019-01-31T23:21:56.537.fits,072.C-0348(A),SCIENCE_RBNSPEC_STACK,,,,84.7409583333319,-69.0384722222211
ADP.2019-01-31T23_21_56.541.fits,pos030,2003-12-04T01:57:44.489,52977.08176492,GIRAFFE,ESO-VLT-U2,ADP.2019-01-31T23:21:56.541.fits,072.C-0348(A),SCIENCE_RBNSPEC_STACK,,,,84.4849999999986,-69.0966388888877
ADP.2019-01-31T23_21_56.545.fits,pos001,2003-12-04T01:29:47.948,52977.06236052,GIRAFFE,ESO-VLT-U2,ADP.2019-01-31T23:21:56.545.fits,072.C-0348(A),SCIENCE_RBNSPEC_STACK,,,,84.6876666666652,-69.0859999999988
ADP.2019-01-31T23_21_56.549.fits,pos060,2003-12-04T01:29:47.948,52977.06236052,GIRAFFE,ESO-VLT-U2,ADP.2019-01-31T23:21:56.549.fits,072.C-0348(A),SCIENCE_RBNSPEC_STACK,,,,84.8504583333319,-69.1023888888877
ADP.2019-01-31T23_21_56.561.fits,pos033,2003-12-04T01:29:47.948,52977.06236052,GIRAFFE,ESO-VLT-U2,ADP.2019-01-31T23:21:56.561.fits,072.C-0348(A),SCIENCE_RBNSPEC_STACK,,,,84.6876666666652,-69.1152499999988
ADP.2019-01-31T23_21_56.573.fits,pos026,2003-12-04T01:29:47.948,52977.06236052,GIRAFFE,ESO-VLT-U2,ADP.2019-01-31T23:21:56.573.fits,072.C-0348(A),SCIENCE_RBNSPEC_STACK,,,,84.5502083333319,-69.0372499999988
ADP.2019-01-31T23_21_56.577.fits,pos037,2003-12-04T01:29:47.948,52977.06236052,GIRAFFE,ESO-VLT-U2,ADP.2019-01-31T23:21:56.577.fits,072.C-0348(A),SCIENCE_RBNSPEC_STACK,,,,84.6101249999986,-69.1633888888877
ADP.2019-01-31T23_21_56.581.fits,pos055,2003-12-04T01:57:44.489,52977.08176492,GIRAFFE,ESO-VLT-U2,ADP.2019-01-31T23:21:56.581.fits,072.C-0348(A),SCIENCE_RBNSPEC_STACK,,,,84.8590833333319,-69.1115555555544
ADP.2019-01-31T23_21_56.593.fits,pos069,2003-12-04T01:29:47.948,52977.06236052,GIRAFFE,ESO-VLT-U2,ADP.2019-01-31T23:21:56.593.fits,072.C-0348(A),SCIENCE_RBNSPEC_STACK,,,,84.8523749999986,-69.0825833333322
ADP.2019-01-31T23_21_56.597.fits,pos067,2003-12-04T01:29:47.948,52977.06236052,GIRAFFE,ESO-VLT-U2,ADP.2019-01-31T23:21:56.597.fits,072.C-0348(A),SCIENCE_RBNSPEC_STACK,,,,84.7890416666653,-69.0757777777766
ADP.2019-01-31T23_21_56.601.fits,pos073,2003-12-04T01:57:44.489,52977.08176492,GIRAFFE,ESO-VLT-U2,ADP.2019-01-31T23:21:56.601.fits,072.C-0348(A),SCIENCE_RBNSPEC_STACK,,,,84.7741249999986,-69.0412499999988
ADP.2019-01-31T23_21_56.605.fits,pos003,2003-12-04T01:29:47.948,52977.06236052,GIRAFFE,ESO-VLT-U2,ADP.2019-01-31T23:21:56.605.fits,072.C-0348(A),SCIENCE_RBNSPEC_STACK,,,,84.7138749999986,-69.0833055555544
ADP.2019-01-31T23_21_56.617.fits,pos074,2003-12-04T01:57:44.489,52977.08176492,GIRAFFE,ESO-VLT-U2,ADP.2019-01-31T23:21:56.617.fits,072.C-0348(A),SCIENCE_RBNSPEC_STACK,,,,84.6603749999986,-69.1648888888877
ADP.2019-01-31T23_21_56.621.fits,pos070,2003-12-04T01:57:44.489,52977.08176492,GIRAFFE,ESO-VLT-U2,ADP.2019-01-31T23:21:56.621.fits,072.C-0348(A),SCIENCE_RBNSPEC_STACK,,,,84.7813749999986,-69.04736111111
ADP.2019-01-31T23_21_56.625.fits,pos074,2003-12-04T01:29:47.948,52977.06236052,GIRAFFE,ESO-VLT-U2,ADP.2019-01-31T23:21:56.625.fits,072.C-0348(A),SCIENCE_RBNSPEC_STACK,,,,84.6603749999986,-69.1648888888877
ADP.2019-01-31T23_21_56.653.fits,pos032,2003-12-04T01:57:44.489,52977.08176492,GIRAFFE,ESO-VLT-U2,ADP.2019-01-31T23:21:56.653.fits,072.C-0348(A),SCIENCE_RBNSPEC_STACK,,,,84.6767916666652,-69.1178611111099
ADP.2019-01-31T23_21_56.657.fits,pos065,2003-12-04T01:57:44.489,52977.08176492,GIRAFFE,ESO-VLT-U2,ADP.2019-01-31T23:21:56.657.fits,072.C-0348(A),SCIENCE_RBNSPEC_STACK,,,,84.7336249999986,-69.1094999999988
ADP.2019-01-31T23_21_56.661.fits,pos076,2003-12-04T01:29:47.948,52977.06236052,GIRAFFE,ESO-VLT-U2,ADP.2019-01-31T23:21:56.661.fits,072.C-0348(A),SCIENCE_RBNSPEC_STACK,,,,84.4966249999986,-69.13386111111
ADP.2019-01-31T23_21_56.665.fits,pos031,2003-12-04T01:29:47.948,52977.06236052,GIRAFFE,ESO-VLT-U2,ADP.2019-01-31T23:21:56.665.fits,072.C-0348(A),SCIENCE_RBNSPEC_STACK,,,,84.5036249999986,-69.1027499999988
ADP.2019-01-31T23_21_56.673.fits,pos028,2003-12-04T01:57:44.489,52977.08176492,GIRAFFE,ESO-VLT-U2,ADP.2019-01-31T23:21:56.673.fits,072.C-0348(A),SCIENCE_RBNSPEC_STACK,,,,84.5229999999985,-69.077972222221
ADP.2019-01-31T23_21_56.677.fits,pos115,2003-12-04T01:57:44.489,52977.08176492,GIRAFFE,ESO-VLT-U2,ADP.2019-01-31T23:21:56.677.fits,072.C-0348(A),SCIENCE_RBNSPEC_STACK,,,,84.7223749999986,-69.0335833333322
ADP.2019-01-31T23_21_56.681.fits,pos009,2003-12-04T01:57:44.489,52977.08176492,GIRAFFE,ESO-VLT-U2,ADP.2019-01-31T23:21:56.681.fits,072.C-0348(A),SCIENCE_RBNSPEC_STACK,,,,84.6669166666652,-69.1093333333321
ADP.2019-01-31T23_21_56.685.fits,pos068,2003-12-04T01:57:44.489,52977.08176492,GIRAFFE,ESO-VLT-U2,ADP.2019-01-31T23:21:56.685.fits,072.C-0348(A),SCIENCE_RBNSPEC_STACK,,,,84.8513749999986,-69.0875833333322
ADP.2019-01-31T23_21_56.689.fits,pos035,2003-12-04T01:57:44.489,52977.08176492,GIRAFFE,ESO-VLT-U2,ADP.2019-01-31T23:21:56.689.fits,072.C-0348(A),SCIENCE_RBNSPEC_STACK,,,,84.6383333333319,-69.1146111111099
ADP.2019-01-31T23_21_56.693.fits,pos118,2003-12-04T01:57:44.489,52977.08176492,GIRAFFE,ESO-VLT-U2,ADP.2019-01-31T23:21:56.693.fits,072.C-0348(A),SCIENCE_RBNSPEC_STACK,,,,84.6807916666652,-69.2833333333322
ADP.2019-01-31T23_21_56.697.fits,pos067,2003-12-04T01:57:44.489,52977.08176492,GIRAFFE,ESO-VLT-U2,ADP.2019-01-31T23:21:56.697.fits,072.C-0348(A),SCIENCE_RBNSPEC_STACK,,,,84.7890416666653,-69.0757777777766
ADP.2019-01-31T23_21_56.701.fits,pos079,2003-12-04T01:29:47.948,52977.06236052,GIRAFFE,ESO-VLT-U2,ADP.2019-01-31T23:21:56.701.fits,072.C-0348(A),SCIENCE_RBNSPEC_STACK,,,,84.6320833333319,-69.1225555555544
ADP.2019-01-31T23_21_56.705.fits,pos013,2003-12-04T01:29:47.948,52977.06236052,GIRAFFE,ESO-VLT-U2,ADP.2019-01-31T23:21:56.705.fits,072.C-0348(A),SCIENCE_RBNSPEC_STACK,,,,84.6793749999986,-69.0755277777766
ADP.2019-01-31T23_21_56.709.fits,pos046,2003-12-04T01:57:44.489,52977.08176492,GIRAFFE,ESO-VLT-U2,ADP.2019-01-31T23:21:56.709.fits,072.C-0348(A),SCIENCE_RBNSPEC_STACK,,,,84.7854583333319,-69.1384722222211
ADP.2019-01-31T23_21_56.713.fits,pos070,2003-12-04T01:29:47.948,52977.06236052,GIRAFFE,ESO-VLT-U2,ADP.2019-01-31T23:21:56.713.fits,072.C-0348(A),SCIENCE_RBNSPEC_STACK,,,,84.7813749999986,-69.04736111111
ADP.2019-01-31T23_21_56.717.fits,pos012,2003-12-04T01:57:44.489,52977.08176492,GIRAFFE,ESO-VLT-U2,ADP.2019-01-31T23:21:56.717.fits,072.C-0348(A),SCIENCE_RBNSPEC_STACK,,,,84.6440833333319,-69.0824722222211
ADP.2019-01-31T23_21_56.753.fits,pos071,2003-12-04T01:29:47.948,52977.06236052,GIRAFFE,ESO-VLT-U2,ADP.2019-01-31T23:21:56.753.fits,072.C-0348(A),SCIENCE_RBNSPEC_STACK,,,,84.7409583333319,-69.0384722222211
ADP.2019-01-31T23_21_56.757.fits,pos085,2003-12-04T01:57:44.489,52977.08176492,GIRAFFE,ESO-VLT-U2,ADP.2019-01-31T23:21:56.757.fits,072.C-0348(A),SCIENCE_RBNSPEC_STACK,,,,84.5423333333319,-69.0561388888877
ADP.2019-01-31T23_21_56.761.fits,pos032,2003-12-04T01:29:47.948,52977.06236052,GIRAFFE,ESO-VLT-U2,ADP.2019-01-31T23:21:56.761.fits,072.C-0348(A),SCIENCE_RBNSPEC_STACK,,,,84.6767916666652,-69.1178611111099
ADP.2019-01-31T23_21_56.765.fits,pos022,2003-12-04T01:29:47.948,52977.06236052,GIRAFFE,ESO-VLT-U2,ADP.2019-01-31T23:21:56.765.fits,072.C-0348(A),SCIENCE_RBNSPEC_STACK,,,,84.6159166666652,-69.0523611111099
ADP.2019-01-31T23_21_56.769.fits,pos117,2003-12-04T01:29:47.948,52977.06236052,GIRAFFE,ESO-VLT-U2,ADP.2019-01-31T23:21:56.769.fits,072.C-0348(A),SCIENCE_RBNSPEC_STACK,,,,84.8564999999986,-69.1939444444433
ADP.2019-01-31T23_21_56.773.fits,pos114,2003-12-04T01:29:47.948,52977.06236052,GIRAFFE,ESO-VLT-U2,ADP.2019-01-31T23:21:56.773.fits,072.C-0348(A),SCIENCE_RBNSPEC_STACK,,,,84.7377083333319,-69.1015833333321
ADP.2019-01-31T23_21_56.785.fits,pos045,2003-12-04T01:29:47.948,52977.06236052,GIRAFFE,ESO-VLT-U2,ADP.2019-01-31T23:21:56.785.fits,072.C-0348(A),SCIENCE_RBNSPEC_STACK,,,,84.7667083333319,-69.1310555555544
ADP.2019-01-31T23_21_56.789.fits,pos027,2003-12-04T01:57:44.489,52977.08176492,GIRAFFE,ESO-VLT-U2,ADP.2019-01-31T23:21:56.789.fits,072.C-0348(A),SCIENCE_RBNSPEC_STACK,,,,84.5355416666652,-69.0666666666655
ADP.2019-01-31T23_21_56.793.fits,pos027,2003-12-04T01:29:47.948,52977.06236052,GIRAFFE,ESO-VLT-U2,ADP.2019-01-31T23:21:56.793.fits,072.C-0348(A),SCIENCE_RBNSPEC_STACK,,,,84.5355416666652,-69.0666666666655
ADP.2019-01-31T23_21_56.801.fits,pos050,2003-12-04T01:57:44.489,52977.08176492,GIRAFFE,ESO-VLT-U2,ADP.2019-01-31T23:21:56.801.fits,072.C-0348(A),SCIENCE_RBNSPEC_STACK,,,,84.8030833333319,-69.1253055555544
ADP.2019-01-31T23_21_56.805.fits,pos087,2003-12-04T01:29:47.948,52977.06236052,GIRAFFE,ESO-VLT-U2,ADP.2019-01-31T23:21:56.805.fits,072.C-0348(A),SCIENCE_RBNSPEC_STACK,,,,84.5486666666652,-69.1251111111099
ADP.2019-01-31T23_21_56.813.fits,pos023,2003-12-04T01:29:47.948,52977.06236052,GIRAFFE,ESO-VLT-U2,ADP.2019-01-31T23:21:56.813.fits,072.C-0348(A),SCIENCE_RBNSPEC_STACK,,,,84.6211249999986,-69.0456111111099
ADP.2019-01-31T23_21_56.821.fits,pos062,2003-12-04T01:29:47.948,52977.06236052,GIRAFFE,ESO-VLT-U2,ADP.2019-01-31T23:21:56.821.fits,072.C-0348(A),SCIENCE_RBNSPEC_STACK,,,,84.7745833333319,-69.0902222222211
ADP.2019-01-31T23_21_56.825.fits,pos108,2003-12-04T01:57:44.489,52977.08176492,GIRAFFE,ESO-VLT-U2,ADP.2019-01-31T23:21:56.825.fits,072.C-0348(A),SCIENCE_RBNSPEC_STACK,,,,84.3995833333319,-69.1121666666655
ADP.2019-01-31T23_21_56.829.fits,pos095,2003-12-04T01:57:44.489,52977.08176492,GIRAFFE,ESO-VLT-U2,ADP.2019-01-31T23:21:56.829.fits,072.C-0348(A),SCIENCE_RBNSPEC_STACK,,,,84.4573333333319,-69.1796388888877
ADP.2019-01-31T23_21_56.833.fits,pos019,2003-12-04T01:29:47.948,52977.06236052,GIRAFFE,ESO-VLT-U2,ADP.2019-01-31T23:21:56.833.fits,072.C-0348(A),SCIENCE_RBNSPEC_STACK,,,,84.5702916666653,-69.05661111111
ADP.2019-01-31T23_21_56.837.fits,pos118,2003-12-04T01:29:47.948,52977.06236052,GIRAFFE,ESO-VLT-U2,ADP.2019-01-31T23:21:56.837.fits,072.C-0348(A),SCIENCE_RBNSPEC_STACK,,,,84.6807916666652,-69.2833333333322
ADP.2019-01-31T23_21_56.845.fits,pos091,2003-12-04T01:29:47.948,52977.06236052,GIRAFFE,ESO-VLT-U2,ADP.2019-01-31T23:21:56.845.fits,072.C-0348(A),SCIENCE_RBNSPEC_STACK,,,,84.6275833333319,-69.2321111111099
ADP.2019-01-31T23_21_56.849.fits,pos058,2003-12-04T01:29:47.948,52977.06236052,GIRAFFE,ESO-VLT-U2,ADP.2019-01-31T23:21:56.849.fits,072.C-0348(A),SCIENCE_RBNSPEC_STACK,,,,84.8607916666652,-69.0996111111099
ADP.2019-01-31T23_21_56.853.fits,pos108,2003-12-04T01:29:47.948,52977.06236052,GIRAFFE,ESO-VLT-U2,ADP.2019-01-31T23:21:56.853.fits,072.C-0348(A),SCIENCE_RBNSPEC_STACK,,,,84.3995833333319,-69.1121666666655
ADP.2019-01-31T23_21_56.857.fits,pos098,2003-12-04T01:57:44.489,52977.08176492,GIRAFFE,ESO-VLT-U2,ADP.2019-01-31T23:21:56.857.fits,072.C-0348(A),SCIENCE_RBNSPEC_STACK,,,,84.8219583333319,-69.0285555555544
ADP.2019-01-31T23_21_56.869.fits,pos053,2003-12-04T01:57:44.489,52977.08176492,GIRAFFE,ESO-VLT-U2,ADP.2019-01-31T23:21:56.869.fits,072.C-0348(A),SCIENCE_RBNSPEC_STACK,,,,84.8456666666652,-69.1237777777766
ADP.2019-01-31T23_21_56.873.fits,pos072,2003-12-04T01:57:44.489,52977.08176492,GIRAFFE,ESO-VLT-U2,ADP.2019-01-31T23:21:56.873.fits,072.C-0348(A),SCIENCE_RBNSPEC_STACK,,,,84.7549583333319,-69.0397777777766
ADP.2019-01-31T23_21_56.877.fits,pos014,2003-12-04T01:29:47.948,52977.06236052,GIRAFFE,ESO-VLT-U2,ADP.2019-01-31T23:21:56.877.fits,072.C-0348(A),SCIENCE_RBNSPEC_STACK,,,,84.6554999999986,-69.0771944444433
ADP.2019-01-31T23_21_56.881.fits,pos041,2003-12-04T01:57:44.489,52977.08176492,GIRAFFE,ESO-VLT-U2,ADP.2019-01-31T23:21:56.881.fits,072.C-0348(A),SCIENCE_RBNSPEC_STACK,,,,84.7007499999986,-69.1700555555544
ADP.2019-01-31T23_21_56.885.fits,pos014,2003-12-04T01:57:44.489,52977.08176492,GIRAFFE,ESO-VLT-U2,ADP.2019-01-31T23:21:56.885.fits,072.C-0348(A),SCIENCE_RBNSPEC_STACK,,,,84.6554999999986,-69.0771944444433
ADP.2019-01-31T23_21_56.893.fits,pos018,2003-12-04T01:57:44.489,52977.08176492,GIRAFFE,ESO-VLT-U2,ADP.2019-01-31T23:21:56.893.fits,072.C-0348(A),SCIENCE_RBNSPEC_STACK,,,,84.6319583333319,-69.0622777777766
ADP.2019-01-31T23_21_56.897.fits,pos039,2003-12-04T01:57:44.489,52977.08176492,GIRAFFE,ESO-VLT-U2,ADP.2019-01-31T23:21:56.897.fits,072.C-0348(A),SCIENCE_RBNSPEC_STACK,,,,84.6252083333319,-69.1698888888877
ADP.2019-01-31T23_21_56.905.fits,pos072,2003-12-04T01:29:47.948,52977.06236052,GIRAFFE,ESO-VLT-U2,ADP.2019-01-31T23:21:56.905.fits,072.C-0348(A),SCIENCE_RBNSPEC_STACK,,,,84.7549583333319,-69.0397777777766
ADP.2019-01-31T23_21_56.913.fits,pos045,2003-12-04T01:57:44.489,52977.08176492,GIRAFFE,ESO-VLT-U2,ADP.2019-01-31T23:21:56.913.fits,072.C-0348(A),SCIENCE_RBNSPEC_STACK,,,,84.7667083333319,-69.1310555555544
ADP.2019-01-31T23_21_56.925.fits,pos106,2003-12-04T01:57:44.489,52977.08176492,GIRAFFE,ESO-VLT-U2,ADP.2019-01-31T23:21:56.925.fits,072.C-0348(A),SCIENCE_RBNSPEC_STACK,,,,84.4454166666653,-69.1202499999988
ADP.2019-01-31T23_21_56.941.fits,pos112,2003-12-04T01:29:47.948,52977.06236052,GIRAFFE,ESO-VLT-U2,ADP.2019-01-31T23:21:56.941.fits,072.C-0348(A),SCIENCE_RBNSPEC_STACK,,,,84.5739999999986,-69.1873888888877
ADP.2019-01-31T23_21_56.949.fits,pos109,2003-12-04T01:57:44.489,52977.08176492,GIRAFFE,ESO-VLT-U2,ADP.2019-01-31T23:21:56.949.fits,072.C-0348(A),SCIENCE_RBNSPEC_STACK,,,,84.3635416666652,-69.1124722222211
ADP.2019-01-31T23_21_56.953.fits,pos076,2003-12-04T01:57:44.489,52977.08176492,GIRAFFE,ESO-VLT-U2,ADP.2019-01-31T23:21:56.953.fits,072.C-0348(A),SCIENCE_RBNSPEC_STACK,,,,84.4966249999986,-69.13386111111
ADP.2019-01-31T23_21_56.957.fits,pos042,2003-12-04T01:57:44.489,52977.08176492,GIRAFFE,ESO-VLT-U2,ADP.2019-01-31T23:21:56.957.fits,072.C-0348(A),SCIENCE_RBNSPEC_STACK,,,,84.7179166666652,-69.1606111111099
ADP.2019-01-31T23_53_42.007.fits,t60,2003-12-03T03:42:56.961,52976.15482594,GIRAFFE,ESO-VLT-U2,ADP.2019-01-31T23:53:42.007.fits,072.C-0348(A),SCIENCE_RBNSPEC_STACK,,,,84.7217083333319,-69.0777499999988
ADP.2019-01-31T23_53_42.024.fits,t29,2003-12-03T05:54:18.706,52976.24604984,GIRAFFE,ESO-VLT-U2,ADP.2019-01-31T23:53:42.024.fits,072.C-0348(A),SCIENCE_RBNSPEC_STACK,,,,84.6282499999986,-69.0666388888877
ADP.2019-01-31T23_53_42.039.fits,u37,2003-12-03T01:44:39.244,52976.07267644,GIRAFFE,ESO-VLT-U2,ADP.2019-01-31T23:53:42.039.fits,072.C-0348(A),SCIENCE_RBNSPEC_STACK,,,,84.9085833333319,-69.1221944444433
ADP.2019-01-31T23_53_42.048.fits,t56,2003-12-03T01:44:39.244,52976.07267644,GIRAFFE,ESO-VLT-U2,ADP.2019-01-31T23:53:42.048.fits,072.C-0348(A),SCIENCE_RBNSPEC_STACK,,,,84.6905416666652,-69.1110833333322
ADP.2019-01-31T23_53_42.052.fits,pos078,2003-12-03T08:13:17.621,52976.34256507,GIRAFFE,ESO-VLT-U2,ADP.2019-01-31T23:53:42.052.fits,072.C-0348(A),SCIENCE_RBNSPEC_STACK,,,,84.5508749999986,-69.1489166666655
ADP.2019-01-31T23_53_42.079.fits,u10,2003-12-03T03:42:56.961,52976.15482594,GIRAFFE,ESO-VLT-U2,ADP.2019-01-31T23:53:42.079.fits,072.C-0348(A),SCIENCE_RBNSPEC_STACK,,,,84.7839999999986,-69.0666388888877
ADP.2019-01-31T23_53_42.083.fits,pos011,2003-12-03T08:13:17.621,52976.34256507,GIRAFFE,ESO-VLT-U2,ADP.2019-01-31T23:53:42.083.fits,072.C-0348(A),SCIENCE_RBNSPEC_STACK,,,,84.6347499999986,-69.0880277777766
ADP.2019-01-31T23_53_42.109.fits,t43,2003-12-03T06:23:27.943,52976.26629564,GIRAFFE,ESO-VLT-U2,ADP.2019-01-31T23:53:42.109.fits,072.C-0348(A),SCIENCE_RBNSPEC_STACK,,,,84.7217083333319,-69.1777499999989
ADP.2019-01-31T23_53_42.122.fits,pos069,2003-12-03T08:13:17.621,52976.34256507,GIRAFFE,ESO-VLT-U2,ADP.2019-01-31T23:53:42.122.fits,072.C-0348(A),SCIENCE_RBNSPEC_STACK,,,,84.8523749999986,-69.0825833333322
ADP.2019-01-31T23_53_42.127.fits,t59,2003-12-03T03:42:56.961,52976.15482594,GIRAFFE,ESO-VLT-U2,ADP.2019-01-31T23:53:42.127.fits,072.C-0348(A),SCIENCE_RBNSPEC_STACK,,,,84.7217083333319,-69.1110833333322
ADP.2019-01-31T23_53_42.131.fits,u38,2003-12-03T01:44:39.244,52976.07267644,GIRAFFE,ESO-VLT-U2,ADP.2019-01-31T23:53:42.131.fits,072.C-0348(A),SCIENCE_RBNSPEC_STACK,,,,84.9085833333319,-69.1110833333322
ADP.2019-01-31T23_53_42.135.fits,pos003,2003-12-03T06:59:35.192,52976.29137954,GIRAFFE,ESO-VLT-U2,ADP.2019-01-31T23:53:42.135.fits,072.C-0348(A),SCIENCE_RBNSPEC_STACK,,,,84.7138749999986,-69.0833055555544
ADP.2019-01-31T23_53_42.147.fits,t09,2003-12-03T03:42:56.961,52976.15482594,GIRAFFE,ESO-VLT-U2,ADP.2019-01-31T23:53:42.147.fits,072.C-0348(A),SCIENCE_RBNSPEC_STACK,,,,84.4725416666653,-69.0777499999988
ADP.2019-01-31T23_53_42.159.fits,u17,2003-12-03T03:42:56.961,52976.15482594,GIRAFFE,ESO-VLT-U2,ADP.2019-01-31T23:53:42.159.fits,072.C-0348(A),SCIENCE_RBNSPEC_STACK,,,,84.8462916666652,-69.1666388888877
ADP.2019-01-31T23_53_42.163.fits,pos037,2003-12-03T08:13:17.621,52976.34256507,GIRAFFE,ESO-VLT-U2,ADP.2019-01-31T23:53:42.163.fits,072.C-0348(A),SCIENCE_RBNSPEC_STACK,,,,84.6101249999986,-69.1633888888877
ADP.2019-01-31T23_53_42.176.fits,t30,2003-12-03T05:54:18.706,52976.24604984,GIRAFFE,ESO-VLT-U2,ADP.2019-01-31T23:53:42.176.fits,072.C-0348(A),SCIENCE_RBNSPEC_STACK,,,,84.6438333333319,-69.0666388888877
ADP.2019-01-31T23_53_42.180.fits,pos109,2003-12-03T06:59:35.192,52976.29137954,GIRAFFE,ESO-VLT-U2,ADP.2019-01-31T23:53:42.180.fits,072.C-0348(A),SCIENCE_RBNSPEC_STACK,,,,84.3635416666652,-69.1124722222211
ADP.2019-01-31T23_53_42.185.fits,t38,2003-12-03T03:42:56.961,52976.15482594,GIRAFFE,ESO-VLT-U2,ADP.2019-01-31T23:53:42.185.fits,072.C-0348(A),SCIENCE_RBNSPEC_STACK,,,,84.6282499999986,-69.1666388888877
ADP.2019-01-31T23_53_42.189.fits,u30,2003-12-03T03:42:56.961,52976.15482594,GIRAFFE,ESO-VLT-U2,ADP.2019-01-31T23:53:42.189.fits,072.C-0348(A),SCIENCE_RBNSPEC_STACK,,,,84.8774583333319,-69.1444166666655
ADP.2019-01-31T23_53_42.193.fits,pos103,2003-12-03T06:59:35.192,52976.29137954,GIRAFFE,ESO-VLT-U2,ADP.2019-01-31T23:53:42.193.fits,072.C-0348(A),SCIENCE_RBNSPEC_STACK,,,,84.7196249999986,-69.20511111111
ADP.2019-01-31T23_53_42.198.fits,t16,2003-12-03T05:54:18.706,52976.24604984,GIRAFFE,ESO-VLT-U2,ADP.2019-01-31T23:53:42.198.fits,072.C-0348(A),SCIENCE_RBNSPEC_STACK,,,,84.6127083333319,-69.1777499999989
ADP.2019-01-31T23_53_42.202.fits,pos092,2003-12-03T06:59:35.192,52976.29137954,GIRAFFE,ESO-VLT-U2,ADP.2019-01-31T23:53:42.202.fits,072.C-0348(A),SCIENCE_RBNSPEC_STACK,,,,84.5849166666652,-69.2285555555544
ADP.2019-01-31T23_53_42.219.fits,t30,2003-12-03T03:42:56.961,52976.15482594,GIRAFFE,ESO-VLT-U2,ADP.2019-01-31T23:53:42.219.fits,072.C-0348(A),SCIENCE_RBNSPEC_STACK,,,,84.5659583333319,-69.1555277777766
ADP.2019-01-31T23_53_42.223.fits,t39,2003-12-03T01:44:39.244,52976.07267644,GIRAFFE,ESO-VLT-U2,ADP.2019-01-31T23:53:42.223.fits,072.C-0348(A),SCIENCE_RBNSPEC_STACK,,,,84.5971249999985,-69.099972222221
ADP.2019-01-31T23_53_42.227.fits,pos118,2003-12-03T06:59:35.192,52976.29137954,GIRAFFE,ESO-VLT-U2,ADP.2019-01-31T23:53:42.227.fits,072.C-0348(A),SCIENCE_RBNSPEC_STACK,,,,84.6807916666652,-69.2833333333322
ADP.2019-01-31T23_53_42.232.fits,u27,2003-12-03T03:42:56.961,52976.15482594,GIRAFFE,ESO-VLT-U2,ADP.2019-01-31T23:53:42.232.fits,072.C-0348(A),SCIENCE_RBNSPEC_STACK,,,,84.8462916666652,-69.0221944444433
ADP.2019-01-31T23_53_42.236.fits,pos093,2003-12-03T08:13:17.621,52976.34256507,GIRAFFE,ESO-VLT-U2,ADP.2019-01-31T23:53:42.236.fits,072.C-0348(A),SCIENCE_RBNSPEC_STACK,,,,84.4601666666652,-69.1701666666655
ADP.2019-01-31T23_53_42.241.fits,t07,2003-12-03T06:23:27.943,52976.26629564,GIRAFFE,ESO-VLT-U2,ADP.2019-01-31T23:53:42.241.fits,072.C-0348(A),SCIENCE_RBNSPEC_STACK,,,,84.5036666666652,-69.1777499999989
ADP.2019-01-31T23_53_42.245.fits,pos016,2003-12-03T07:36:20.171,52976.31690013,GIRAFFE,ESO-VLT-U2,ADP.2019-01-31T23:53:42.245.fits,072.C-0348(A),SCIENCE_RBNSPEC_STACK,,,,84.6599166666652,-69.0659999999988
ADP.2019-01-31T23_53_42.257.fits,pos039,2003-12-03T08:13:17.621,52976.34256507,GIRAFFE,ESO-VLT-U2,ADP.2019-01-31T23:53:42.257.fits,072.C-0348(A),SCIENCE_RBNSPEC_STACK,,,,84.6252083333319,-69.1698888888877
ADP.2019-01-31T23_53_42.262.fits,pos117,2003-12-03T07:36:20.171,52976.31690013,GIRAFFE,ESO-VLT-U2,ADP.2019-01-31T23:53:42.262.fits,072.C-0348(A),SCIENCE_RBNSPEC_STACK,,,,84.8564999999986,-69.1939444444433
ADP.2019-01-31T23_53_42.271.fits,pos093,2003-12-03T06:59:35.192,52976.29137954,GIRAFFE,ESO-VLT-U2,ADP.2019-01-31T23:53:42.271.fits,072.C-0348(A),SCIENCE_RBNSPEC_STACK,,,,84.4601666666652,-69.1701666666655
ADP.2019-01-31T23_53_42.292.fits,pos107,2003-12-03T06:59:35.192,52976.29137954,GIRAFFE,ESO-VLT-U2,ADP.2019-01-31T23:53:42.292.fits,072.C-0348(A),SCIENCE_RBNSPEC_STACK,,,,84.4204583333319,-69.1164722222211
ADP.2019-01-31T23_53_42.297.fits,t10,2003-12-03T06:23:27.943,52976.26629564,GIRAFFE,ESO-VLT-U2,ADP.2019-01-31T23:53:42.297.fits,072.C-0348(A),SCIENCE_RBNSPEC_STACK,,,,84.5192499999986,-69.0666388888877
ADP.2019-01-31T23_53_42.301.fits,t02,2003-12-03T05:54:18.706,52976.24604984,GIRAFFE,ESO-VLT-U2,ADP.2019-01-31T23:53:42.301.fits,072.C-0348(A),SCIENCE_RBNSPEC_STACK,,,,84.4569583333319,-69.1777499999989
ADP.2019-01-31T23_53_42.305.fits,u39,2003-12-03T01:44:39.244,52976.07267644,GIRAFFE,ESO-VLT-U2,ADP.2019-01-31T23:53:42.305.fits,072.C-0348(A),SCIENCE_RBNSPEC_STACK,,,,84.9085833333319,-69.099972222221
ADP.2019-01-31T23_53_42.309.fits,pos112,2003-12-03T08:13:17.621,52976.34256507,GIRAFFE,ESO-VLT-U2,ADP.2019-01-31T23:53:42.309.fits,072.C-0348(A),SCIENCE_RBNSPEC_STACK,,,,84.5739999999986,-69.1873888888877
ADP.2019-01-31T23_53_42.314.fits,pos100,2003-12-03T08:13:17.621,52976.34256507,GIRAFFE,ESO-VLT-U2,ADP.2019-01-31T23:53:42.314.fits,072.C-0348(A),SCIENCE_RBNSPEC_STACK,,,,84.6821249999985,-69.0054999999988
ADP.2019-01-31T23_53_42.319.fits,t37,2003-12-03T01:44:39.244,52976.07267644,GIRAFFE,ESO-VLT-U2,ADP.2019-01-31T23:53:42.319.fits,072.C-0348(A),SCIENCE_RBNSPEC_STACK,,,,84.5971249999985,-69.1444166666655
ADP.2019-01-31T23_53_42.323.fits,pos076,2003-12-03T07:36:20.171,52976.31690013,GIRAFFE,ESO-VLT-U2,ADP.2019-01-31T23:53:42.323.fits,072.C-0348(A),SCIENCE_RBNSPEC_STACK,,,,84.4966249999986,-69.13386111111
ADP.2019-01-31T23_53_42.328.fits,t22,2003-12-03T01:44:39.244,52976.07267644,GIRAFFE,ESO-VLT-U2,ADP.2019-01-31T23:53:42.328.fits,072.C-0348(A),SCIENCE_RBNSPEC_STACK,,,,84.5348333333319,-69.0666388888877
ADP.2019-01-31T23_53_42.332.fits,pos001,2003-12-03T08:13:17.621,52976.34256507,GIRAFFE,ESO-VLT-U2,ADP.2019-01-31T23:53:42.332.fits,072.C-0348(A),SCIENCE_RBNSPEC_STACK,,,,84.6876666666652,-69.0859999999988
ADP.2019-01-31T23_53_42.341.fits,pos016,2003-12-03T08:13:17.621,52976.34256507,GIRAFFE,ESO-VLT-U2,ADP.2019-01-31T23:53:42.341.fits,072.C-0348(A),SCIENCE_RBNSPEC_STACK,,,,84.6599166666652,-69.0659999999988
ADP.2019-01-31T23_53_42.346.fits,pos005,2003-12-03T06:59:35.192,52976.29137954,GIRAFFE,ESO-VLT-U2,ADP.2019-01-31T23:53:42.346.fits,072.C-0348(A),SCIENCE_RBNSPEC_STACK,,,,84.7465416666652,-69.0858055555544
ADP.2019-01-31T23_53_42.351.fits,pos103,2003-12-03T07:36:20.171,52976.31690013,GIRAFFE,ESO-VLT-U2,ADP.2019-01-31T23:53:42.351.fits,072.C-0348(A),SCIENCE_RBNSPEC_STACK,,,,84.7196249999986,-69.20511111111
ADP.2019-01-31T23_53_42.356.fits,u13,2003-12-03T01:44:39.244,52976.07267644,GIRAFFE,ESO-VLT-U2,ADP.2019-01-31T23:53:42.356.fits,072.C-0348(A),SCIENCE_RBNSPEC_STACK,,,,84.7839999999986,-69.1221944444433
ADP.2019-01-31T23_53_42.368.fits,pos083,2003-12-03T08:13:17.621,52976.34256507,GIRAFFE,ESO-VLT-U2,ADP.2019-01-31T23:53:42.368.fits,072.C-0348(A),SCIENCE_RBNSPEC_STACK,,,,84.6874166666652,-69.080722222221
ADP.2019-01-31T23_53_42.381.fits,t19,2003-12-03T05:54:18.706,52976.24604984,GIRAFFE,ESO-VLT-U2,ADP.2019-01-31T23:53:42.381.fits,072.C-0348(A),SCIENCE_RBNSPEC_STACK,,,,84.5971249999985,-69.1555277777766
ADP.2019-01-31T23_53_42.385.fits,pos008,2003-12-03T08:13:17.621,52976.34256507,GIRAFFE,ESO-VLT-U2,ADP.2019-01-31T23:53:42.385.fits,072.C-0348(A),SCIENCE_RBNSPEC_STACK,,,,84.6515833333319,-69.1058888888877
ADP.2019-01-31T23_53_42.394.fits,pos003,2003-12-03T07:36:20.171,52976.31690013,GIRAFFE,ESO-VLT-U2,ADP.2019-01-31T23:53:42.394.fits,072.C-0348(A),SCIENCE_RBNSPEC_STACK,,,,84.7138749999986,-69.0833055555544
ADP.2019-01-31T23_53_42.415.fits,t59,2003-12-03T05:54:18.706,52976.24604984,GIRAFFE,ESO-VLT-U2,ADP.2019-01-31T23:53:42.415.fits,072.C-0348(A),SCIENCE_RBNSPEC_STACK,,,,84.7839999999986,-69.1777499999989
ADP.2019-01-31T23_53_42.423.fits,t54,2003-12-03T01:44:39.244,52976.07267644,GIRAFFE,ESO-VLT-U2,ADP.2019-01-31T23:53:42.423.fits,072.C-0348(A),SCIENCE_RBNSPEC_STACK,,,,84.6905416666652,-69.1333055555544
ADP.2019-01-31T23_53_42.427.fits,u44,2003-12-03T01:44:39.244,52976.07267644,GIRAFFE,ESO-VLT-U2,ADP.2019-01-31T23:53:42.427.fits,072.C-0348(A),SCIENCE_RBNSPEC_STACK,,,,84.9085833333319,-69.0444166666655
ADP.2019-01-31T23_53_42.431.fits,pos027,2003-12-03T08:13:17.621,52976.34256507,GIRAFFE,ESO-VLT-U2,ADP.2019-01-31T23:53:42.431.fits,072.C-0348(A),SCIENCE_RBNSPEC_STACK,,,,84.5355416666652,-69.0666666666655
ADP.2019-01-31T23_53_42.444.fits,t12,2003-12-03T03:42:56.961,52976.15482594,GIRAFFE,ESO-VLT-U2,ADP.2019-01-31T23:53:42.444.fits,072.C-0348(A),SCIENCE_RBNSPEC_STACK,,,,84.4725416666653,-69.0333055555544
ADP.2019-01-31T23_53_42.448.fits,pos057,2003-12-03T07:36:20.171,52976.31690013,GIRAFFE,ESO-VLT-U2,ADP.2019-01-31T23:53:42.448.fits,072.C-0348(A),SCIENCE_RBNSPEC_STACK,,,,84.8628333333319,-69.0949722222211
ADP.2019-01-31T23_53_42.453.fits,t24,2003-12-03T05:54:18.706,52976.24604984,GIRAFFE,ESO-VLT-U2,ADP.2019-01-31T23:53:42.453.fits,072.C-0348(A),SCIENCE_RBNSPEC_STACK,,,,84.6127083333319,-69.1110833333322
ADP.2019-01-31T23_53_42.461.fits,t52,2003-12-03T06:23:27.943,52976.26629564,GIRAFFE,ESO-VLT-U2,ADP.2019-01-31T23:53:42.461.fits,072.C-0348(A),SCIENCE_RBNSPEC_STACK,,,,84.7684166666652,-69.0777499999988
ADP.2019-01-31T23_53_42.473.fits,pos042,2003-12-03T06:59:35.192,52976.29137954,GIRAFFE,ESO-VLT-U2,ADP.2019-01-31T23:53:42.473.fits,072.C-0348(A),SCIENCE_RBNSPEC_STACK,,,,84.7179166666652,-69.1606111111099
ADP.2019-01-31T23_53_42.478.fits,pos090,2003-12-03T08:13:17.621,52976.34256507,GIRAFFE,ESO-VLT-U2,ADP.2019-01-31T23:53:42.478.fits,072.C-0348(A),SCIENCE_RBNSPEC_STACK,,,,84.6707499999986,-69.2258055555544
ADP.2019-01-31T23_53_42.483.fits,t29,2003-12-03T01:44:39.244,52976.07267644,GIRAFFE,ESO-VLT-U2,ADP.2019-01-31T23:53:42.483.fits,072.C-0348(A),SCIENCE_RBNSPEC_STACK,,,,84.5659583333319,-69.099972222221
ADP.2019-01-31T23_53_42.487.fits,t58,2003-12-03T03:42:56.961,52976.15482594,GIRAFFE,ESO-VLT-U2,ADP.2019-01-31T23:53:42.487.fits,072.C-0348(A),SCIENCE_RBNSPEC_STACK,,,,84.7217083333319,-69.1333055555544
ADP.2019-01-31T23_53_42.491.fits,pos008,2003-12-03T06:59:35.192,52976.29137954,GIRAFFE,ESO-VLT-U2,ADP.2019-01-31T23:53:42.491.fits,072.C-0348(A),SCIENCE_RBNSPEC_STACK,,,,84.6515833333319,-69.1058888888877
ADP.2019-01-31T23_53_42.496.fits,t55,2003-12-03T05:54:18.706,52976.24604984,GIRAFFE,ESO-VLT-U2,ADP.2019-01-31T23:53:42.496.fits,072.C-0348(A),SCIENCE_RBNSPEC_STACK,,,,84.7528333333319,-69.0333055555544
ADP.2019-01-31T23_53_42.500.fits,t47,2003-12-03T06:23:27.943,52976.26629564,GIRAFFE,ESO-VLT-U2,ADP.2019-01-31T23:53:42.500.fits,072.C-0348(A),SCIENCE_RBNSPEC_STACK,,,,84.7528333333319,-69.1777499999989
ADP.2019-01-31T23_53_42.504.fits,pos101,2003-12-03T06:59:35.192,52976.29137954,GIRAFFE,ESO-VLT-U2,ADP.2019-01-31T23:53:42.504.fits,072.C-0348(A),SCIENCE_RBNSPEC_STACK,,,,84.9421249999986,-69.1295277777766
ADP.2019-01-31T23_53_42.509.fits,t34,2003-12-03T01:44:39.244,52976.07267644,GIRAFFE,ESO-VLT-U2,ADP.2019-01-31T23:53:42.509.fits,072.C-0348(A),SCIENCE_RBNSPEC_STACK,,,,84.5659583333319,-69.0444166666655
ADP.2019-01-31T23_53_42.521.fits,pos025,2003-12-03T06:59:35.192,52976.29137954,GIRAFFE,ESO-VLT-U2,ADP.2019-01-31T23:53:42.521.fits,072.C-0348(A),SCIENCE_RBNSPEC_STACK,,,,84.5766249999986,-69.0383611111099
ADP.2019-01-31T23_53_42.526.fits,pos104,2003-12-03T06:59:35.192,52976.29137954,GIRAFFE,ESO-VLT-U2,ADP.2019-01-31T23:53:42.526.fits,072.C-0348(A),SCIENCE_RBNSPEC_STACK,,,,84.8959583333319,-69.0839166666655
ADP.2019-01-31T23_53_42.531.fits,pos114,2003-12-03T07:36:20.171,52976.31690013,GIRAFFE,ESO-VLT-U2,ADP.2019-01-31T23:53:42.531.fits,072.C-0348(A),SCIENCE_RBNSPEC_STACK,,,,84.7377083333319,-69.1015833333321
ADP.2019-01-31T23_53_42.540.fits,t34,2003-12-03T05:54:18.706,52976.24604984,GIRAFFE,ESO-VLT-U2,ADP.2019-01-31T23:53:42.540.fits,072.C-0348(A),SCIENCE_RBNSPEC_STACK,,,,84.6749999999986,-69.099972222221
ADP.2019-01-31T23_53_42.552.fits,pos070,2003-12-03T07:36:20.171,52976.31690013,GIRAFFE,ESO-VLT-U2,ADP.2019-01-31T23:53:42.552.fits,072.C-0348(A),SCIENCE_RBNSPEC_STACK,,,,84.7813749999986,-69.04736111111
ADP.2019-01-31T23_53_42.557.fits,pos052,2003-12-03T08:13:17.621,52976.34256507,GIRAFFE,ESO-VLT-U2,ADP.2019-01-31T23:53:42.557.fits,072.C-0348(A),SCIENCE_RBNSPEC_STACK,,,,84.8264999999986,-69.1338055555544
ADP.2019-01-31T23_53_42.562.fits,pos112,2003-12-03T07:36:20.171,52976.31690013,GIRAFFE,ESO-VLT-U2,ADP.2019-01-31T23:53:42.562.fits,072.C-0348(A),SCIENCE_RBNSPEC_STACK,,,,84.5739999999986,-69.1873888888877
ADP.2019-01-31T23_53_42.571.fits,pos022,2003-12-03T07:36:20.171,52976.31690013,GIRAFFE,ESO-VLT-U2,ADP.2019-01-31T23:53:42.571.fits,072.C-0348(A),SCIENCE_RBNSPEC_STACK,,,,84.6159166666652,-69.0523611111099
ADP.2019-01-31T23_53_42.584.fits,pos023,2003-12-03T08:13:17.621,52976.34256507,GIRAFFE,ESO-VLT-U2,ADP.2019-01-31T23:53:42.584.fits,072.C-0348(A),SCIENCE_RBNSPEC_STACK,,,,84.6211249999986,-69.0456111111099
ADP.2019-01-31T23_53_42.593.fits,pos058,2003-12-03T07:36:20.171,52976.31690013,GIRAFFE,ESO-VLT-U2,ADP.2019-01-31T23:53:42.593.fits,072.C-0348(A),SCIENCE_RBNSPEC_STACK,,,,84.8607916666652,-69.0996111111099
ADP.2019-01-31T23_53_42.598.fits,t56,2003-12-03T06:23:27.943,52976.26629564,GIRAFFE,ESO-VLT-U2,ADP.2019-01-31T23:53:42.598.fits,072.C-0348(A),SCIENCE_RBNSPEC_STACK,,,,84.7684166666652,-69.0333055555544
ADP.2019-01-31T23_53_42.610.fits,t46,2003-12-03T05:54:18.706,52976.24604984,GIRAFFE,ESO-VLT-U2,ADP.2019-01-31T23:53:42.610.fits,072.C-0348(A),SCIENCE_RBNSPEC_STACK,,,,84.7372916666652,-69.1221944444433
ADP.2019-01-31T23_53_42.614.fits,pos087,2003-12-03T08:13:17.621,52976.34256507,GIRAFFE,ESO-VLT-U2,ADP.2019-01-31T23:53:42.614.fits,072.C-0348(A),SCIENCE_RBNSPEC_STACK,,,,84.5486666666652,-69.1251111111099
ADP.2019-01-31T23_53_42.619.fits,pos014,2003-12-03T07:36:20.171,52976.31690013,GIRAFFE,ESO-VLT-U2,ADP.2019-01-31T23:53:42.619.fits,072.C-0348(A),SCIENCE_RBNSPEC_STACK,,,,84.6554999999986,-69.0771944444433
ADP.2019-01-31T23_53_42.624.fits,u14,2003-12-03T03:42:56.961,52976.15482594,GIRAFFE,ESO-VLT-U2,ADP.2019-01-31T23:53:42.624.fits,072.C-0348(A),SCIENCE_RBNSPEC_STACK,,,,84.8151249999986,-69.0666388888877
ADP.2019-01-31T23_53_42.628.fits,u03,2003-12-03T03:42:56.961,52976.15482594,GIRAFFE,ESO-VLT-U2,ADP.2019-01-31T23:53:42.628.fits,072.C-0348(A),SCIENCE_RBNSPEC_STACK,,,,84.7217083333319,-69.0221944444433
ADP.2019-01-31T23_53_42.632.fits,t17,2003-12-03T05:54:18.706,52976.24604984,GIRAFFE,ESO-VLT-U2,ADP.2019-01-31T23:53:42.632.fits,072.C-0348(A),SCIENCE_RBNSPEC_STACK,,,,84.5971249999985,-69.1666388888877
ADP.2019-01-31T23_53_42.636.fits,pos050,2003-12-03T07:36:20.171,52976.31690013,GIRAFFE,ESO-VLT-U2,ADP.2019-01-31T23:53:42.636.fits,072.C-0348(A),SCIENCE_RBNSPEC_STACK,,,,84.8030833333319,-69.1253055555544
ADP.2019-01-31T23_53_42.641.fits,pos031,2003-12-03T06:59:35.192,52976.29137954,GIRAFFE,ESO-VLT-U2,ADP.2019-01-31T23:53:42.641.fits,072.C-0348(A),SCIENCE_RBNSPEC_STACK,,,,84.5036249999986,-69.1027499999988
ADP.2019-01-31T23_53_42.646.fits,pos009,2003-12-03T07:36:20.171,52976.31690013,GIRAFFE,ESO-VLT-U2,ADP.2019-01-31T23:53:42.646.fits,072.C-0348(A),SCIENCE_RBNSPEC_STACK,,,,84.6669166666652,-69.1093333333321
ADP.2019-01-31T23_53_42.651.fits,t42,2003-12-03T06:23:27.943,52976.26629564,GIRAFFE,ESO-VLT-U2,ADP.2019-01-31T23:53:42.651.fits,072.C-0348(A),SCIENCE_RBNSPEC_STACK,,,,84.7061249999986,-69.0888611111099
ADP.2019-01-31T23_53_42.663.fits,pos028,2003-12-03T07:36:20.171,52976.31690013,GIRAFFE,ESO-VLT-U2,ADP.2019-01-31T23:53:42.663.fits,072.C-0348(A),SCIENCE_RBNSPEC_STACK,,,,84.5229999999985,-69.077972222221
ADP.2019-01-31T23_53_42.672.fits,t23,2003-12-03T05:54:18.706,52976.24604984,GIRAFFE,ESO-VLT-U2,ADP.2019-01-31T23:53:42.672.fits,072.C-0348(A),SCIENCE_RBNSPEC_STACK,,,,84.5971249999985,-69.1110833333322
ADP.2019-01-31T23_53_42.684.fits,u04,2003-12-03T01:44:39.244,52976.07267644,GIRAFFE,ESO-VLT-U2,ADP.2019-01-31T23:53:42.684.fits,072.C-0348(A),SCIENCE_RBNSPEC_STACK,,,,84.7217083333319,-69.0444166666655
ADP.2019-01-31T23_53_42.688.fits,pos109,2003-12-03T07:36:20.171,52976.31690013,GIRAFFE,ESO-VLT-U2,ADP.2019-01-31T23:53:42.688.fits,072.C-0348(A),SCIENCE_RBNSPEC_STACK,,,,84.3635416666652,-69.1124722222211
ADP.2019-01-31T23_53_42.693.fits,pos034,2003-12-03T08:13:17.621,52976.34256507,GIRAFFE,ESO-VLT-U2,ADP.2019-01-31T23:53:42.693.fits,072.C-0348(A),SCIENCE_RBNSPEC_STACK,,,,84.5162499999986,-69.1184999999988
ADP.2019-01-31T23_53_42.698.fits,pos038,2003-12-03T07:36:20.171,52976.31690013,GIRAFFE,ESO-VLT-U2,ADP.2019-01-31T23:53:42.698.fits,072.C-0348(A),SCIENCE_RBNSPEC_STACK,,,,84.7397083333319,-69.1387499999988
ADP.2019-01-31T23_53_42.703.fits,pos106,2003-12-03T06:59:35.192,52976.29137954,GIRAFFE,ESO-VLT-U2,ADP.2019-01-31T23:53:42.703.fits,072.C-0348(A),SCIENCE_RBNSPEC_STACK,,,,84.4454166666653,-69.1202499999988
ADP.2019-01-31T23_53_42.708.fits,t24,2003-12-03T03:42:56.961,52976.15482594,GIRAFFE,ESO-VLT-U2,ADP.2019-01-31T23:53:42.708.fits,072.C-0348(A),SCIENCE_RBNSPEC_STACK,,,,84.5036666666652,-69.0221944444433
ADP.2019-01-31T23_53_42.712.fits,pos105,2003-12-03T07:36:20.171,52976.31690013,GIRAFFE,ESO-VLT-U2,ADP.2019-01-31T23:53:42.712.fits,072.C-0348(A),SCIENCE_RBNSPEC_STACK,,,,84.4764999999986,-69.1260555555544
ADP.2019-01-31T23_53_42.717.fits,pos098,2003-12-03T08:13:17.621,52976.34256507,GIRAFFE,ESO-VLT-U2,ADP.2019-01-31T23:53:42.717.fits,072.C-0348(A),SCIENCE_RBNSPEC_STACK,,,,84.8219583333319,-69.0285555555544
ADP.2019-01-31T23_53_42.722.fits,pos090,2003-12-03T06:59:35.192,52976.29137954,GIRAFFE,ESO-VLT-U2,ADP.2019-01-31T23:53:42.722.fits,072.C-0348(A),SCIENCE_RBNSPEC_STACK,,,,84.6707499999986,-69.2258055555544
ADP.2019-01-31T23_53_42.727.fits,t32,2003-12-03T03:42:56.961,52976.15482594,GIRAFFE,ESO-VLT-U2,ADP.2019-01-31T23:53:42.727.fits,072.C-0348(A),SCIENCE_RBNSPEC_STACK,,,,84.5659583333319,-69.1110833333322
ADP.2019-01-31T23_53_42.731.fits,pos042,2003-12-03T08:13:17.621,52976.34256507,GIRAFFE,ESO-VLT-U2,ADP.2019-01-31T23:53:42.731.fits,072.C-0348(A),SCIENCE_RBNSPEC_STACK,,,,84.7179166666652,-69.1606111111099
ADP.2019-01-31T23_53_42.736.fits,t60,2003-12-03T05:54:18.706,52976.24604984,GIRAFFE,ESO-VLT-U2,ADP.2019-01-31T23:53:42.736.fits,072.C-0348(A),SCIENCE_RBNSPEC_STACK,,,,84.7995833333319,-69.1777499999989
ADP.2019-01-31T23_53_42.740.fits,t27,2003-12-03T01:44:39.244,52976.07267644,GIRAFFE,ESO-VLT-U2,ADP.2019-01-31T23:53:42.740.fits,072.C-0348(A),SCIENCE_RBNSPEC_STACK,,,,84.5659583333319,-69.1444166666655
ADP.2019-01-31T23_53_42.744.fits,t36,2003-12-03T03:42:56.961,52976.15482594,GIRAFFE,ESO-VLT-U2,ADP.2019-01-31T23:53:42.744.fits,072.C-0348(A),SCIENCE_RBNSPEC_STACK,,,,84.5971249999985,-69.0333055555544
ADP.2019-01-31T23_53_42.748.fits,pos094,2003-12-03T07:36:20.171,52976.31690013,GIRAFFE,ESO-VLT-U2,ADP.2019-01-31T23:53:42.748.fits,072.C-0348(A),SCIENCE_RBNSPEC_STACK,,,,84.4316249999985,-69.1702222222211
ADP.2019-01-31T23_53_42.769.fits,u10,2003-12-03T06:23:27.943,52976.26629564,GIRAFFE,ESO-VLT-U2,ADP.2019-01-31T23:53:42.769.fits,072.C-0348(A),SCIENCE_RBNSPEC_STACK,,,,84.8929999999986,-69.1221944444433
ADP.2019-01-31T23_53_42.777.fits,t10,2003-12-03T01:44:39.244,52976.07267644,GIRAFFE,ESO-VLT-U2,ADP.2019-01-31T23:53:42.777.fits,072.C-0348(A),SCIENCE_RBNSPEC_STACK,,,,84.4413749999986,-69.0444166666655
ADP.2019-01-31T23_53_42.781.fits,pos046,2003-12-03T06:59:35.192,52976.29137954,GIRAFFE,ESO-VLT-U2,ADP.2019-01-31T23:53:42.781.fits,072.C-0348(A),SCIENCE_RBNSPEC_STACK,,,,84.7854583333319,-69.1384722222211
ADP.2019-01-31T23_53_42.786.fits,pos043,2003-12-03T06:59:35.192,52976.29137954,GIRAFFE,ESO-VLT-U2,ADP.2019-01-31T23:53:42.786.fits,072.C-0348(A),SCIENCE_RBNSPEC_STACK,,,,84.7350833333319,-69.1667222222211
ADP.2019-01-31T23_53_42.791.fits,pos015,2003-12-03T07:36:20.171,52976.31690013,GIRAFFE,ESO-VLT-U2,ADP.2019-01-31T23:53:42.791.fits,072.C-0348(A),SCIENCE_RBNSPEC_STACK,,,,84.6586249999986,-69.0722777777766
ADP.2019-01-31T23_53_42.804.fits,u05,2003-12-03T06:23:27.943,52976.26629564,GIRAFFE,ESO-VLT-U2,ADP.2019-01-31T23:53:42.804.fits,072.C-0348(A),SCIENCE_RBNSPEC_STACK,,,,84.8462916666652,-69.1221944444433
ADP.2019-01-31T23_53_42.816.fits,pos055,2003-12-03T08:13:17.621,52976.34256507,GIRAFFE,ESO-VLT-U2,ADP.2019-01-31T23:53:42.816.fits,072.C-0348(A),SCIENCE_RBNSPEC_STACK,,,,84.8590833333319,-69.1115555555544
ADP.2019-01-31T23_53_42.825.fits,pos074,2003-12-03T08:13:17.621,52976.34256507,GIRAFFE,ESO-VLT-U2,ADP.2019-01-31T23:53:42.825.fits,072.C-0348(A),SCIENCE_RBNSPEC_STACK,,,,84.6603749999986,-69.1648888888877
ADP.2019-01-31T23_53_42.858.fits,t17,2003-12-03T03:42:56.961,52976.15482594,GIRAFFE,ESO-VLT-U2,ADP.2019-01-31T23:53:42.858.fits,072.C-0348(A),SCIENCE_RBNSPEC_STACK,,,,84.5036666666652,-69.1110833333322
ADP.2019-01-31T23_53_42.862.fits,u07,2003-12-03T05:54:18.706,52976.24604984,GIRAFFE,ESO-VLT-U2,ADP.2019-01-31T23:53:42.862.fits,072.C-0348(A),SCIENCE_RBNSPEC_STACK,,,,84.8774583333319,-69.1777499999989
ADP.2019-01-31T23_53_42.874.fits,pos022,2003-12-03T06:59:35.192,52976.29137954,GIRAFFE,ESO-VLT-U2,ADP.2019-01-31T23:53:42.874.fits,072.C-0348(A),SCIENCE_RBNSPEC_STACK,,,,84.6159166666652,-69.0523611111099
ADP.2019-01-31T23_53_42.887.fits,t52,2003-12-03T05:54:18.706,52976.24604984,GIRAFFE,ESO-VLT-U2,ADP.2019-01-31T23:53:42.887.fits,072.C-0348(A),SCIENCE_RBNSPEC_STACK,,,,84.7684166666652,-69.0777499999988
ADP.2019-01-31T23_53_42.891.fits,pos070,2003-12-03T08:13:17.621,52976.34256507,GIRAFFE,ESO-VLT-U2,ADP.2019-01-31T23:53:42.891.fits,072.C-0348(A),SCIENCE_RBNSPEC_STACK,,,,84.7813749999986,-69.04736111111
ADP.2019-01-31T23_53_42.896.fits,pos012,2003-12-03T06:59:35.192,52976.29137954,GIRAFFE,ESO-VLT-U2,ADP.2019-01-31T23:53:42.896.fits,072.C-0348(A),SCIENCE_RBNSPEC_STACK,,,,84.6440833333319,-69.0824722222211
ADP.2019-01-31T23_53_42.901.fits,pos065,2003-12-03T07:36:20.171,52976.31690013,GIRAFFE,ESO-VLT-U2,ADP.2019-01-31T23:53:42.901.fits,072.C-0348(A),SCIENCE_RBNSPEC_STACK,,,,84.7336249999986,-69.1094999999988
ADP.2019-01-31T23_53_42.906.fits,pos065,2003-12-03T08:13:17.621,52976.34256507,GIRAFFE,ESO-VLT-U2,ADP.2019-01-31T23:53:42.906.fits,072.C-0348(A),SCIENCE_RBNSPEC_STACK,,,,84.7336249999986,-69.1094999999988
ADP.2019-01-31T23_53_42.911.fits,pos066,2003-12-03T06:59:35.192,52976.29137954,GIRAFFE,ESO-VLT-U2,ADP.2019-01-31T23:53:42.911.fits,072.C-0348(A),SCIENCE_RBNSPEC_STACK,,,,84.7978749999986,-69.0783611111099
ADP.2019-01-31T23_53_42.916.fits,t26,2003-12-03T03:42:56.961,52976.15482594,GIRAFFE,ESO-VLT-U2,ADP.2019-01-31T23:53:42.916.fits,072.C-0348(A),SCIENCE_RBNSPEC_STACK,,,,84.5348333333319,-69.1555277777766
ADP.2019-01-31T23_53_42.920.fits,pos039,2003-12-03T06:59:35.192,52976.29137954,GIRAFFE,ESO-VLT-U2,ADP.2019-01-31T23:53:42.920.fits,072.C-0348(A),SCIENCE_RBNSPEC_STACK,,,,84.6252083333319,-69.1698888888877
ADP.2019-01-31T23_53_42.944.fits,t09,2003-12-03T01:44:39.244,52976.07267644,GIRAFFE,ESO-VLT-U2,ADP.2019-01-31T23:53:42.944.fits,072.C-0348(A),SCIENCE_RBNSPEC_STACK,,,,84.4413749999986,-69.0555277777766
ADP.2019-01-31T23_53_42.948.fits,pos065,2003-12-03T06:59:35.192,52976.29137954,GIRAFFE,ESO-VLT-U2,ADP.2019-01-31T23:53:42.948.fits,072.C-0348(A),SCIENCE_RBNSPEC_STACK,,,,84.7336249999986,-69.1094999999988
ADP.2019-01-31T23_53_42.961.fits,pos002,2003-12-03T06:59:35.192,52976.29137954,GIRAFFE,ESO-VLT-U2,ADP.2019-01-31T23:53:42.961.fits,072.C-0348(A),SCIENCE_RBNSPEC_STACK,,,,84.6998749999986,-69.0843333333322
ADP.2019-01-31T23_53_42.966.fits,pos085,2003-12-03T06:59:35.192,52976.29137954,GIRAFFE,ESO-VLT-U2,ADP.2019-01-31T23:53:42.966.fits,072.C-0348(A),SCIENCE_RBNSPEC_STACK,,,,84.5423333333319,-69.0561388888877
ADP.2019-01-31T23_53_42.971.fits,pos104,2003-12-03T07:36:20.171,52976.31690013,GIRAFFE,ESO-VLT-U2,ADP.2019-01-31T23:53:42.971.fits,072.C-0348(A),SCIENCE_RBNSPEC_STACK,,,,84.8959583333319,-69.0839166666655
ADP.2019-01-31T23_53_42.976.fits,pos106,2003-12-03T07:36:20.171,52976.31690013,GIRAFFE,ESO-VLT-U2,ADP.2019-01-31T23:53:42.976.fits,072.C-0348(A),SCIENCE_RBNSPEC_STACK,,,,84.4454166666653,-69.1202499999988
ADP.2019-01-31T23_53_42.981.fits,pos079,2003-12-03T06:59:35.192,52976.29137954,GIRAFFE,ESO-VLT-U2,ADP.2019-01-31T23:53:42.981.fits,072.C-0348(A),SCIENCE_RBNSPEC_STACK,,,,84.6320833333319,-69.1225555555544
ADP.2019-01-31T23_53_42.986.fits,t42,2003-12-03T05:54:18.706,52976.24604984,GIRAFFE,ESO-VLT-U2,ADP.2019-01-31T23:53:42.986.fits,072.C-0348(A),SCIENCE_RBNSPEC_STACK,,,,84.7061249999986,-69.0888611111099
ADP.2019-01-31T23_53_42.994.fits,pos048,2003-12-03T08:13:17.621,52976.34256507,GIRAFFE,ESO-VLT-U2,ADP.2019-01-31T23:53:42.994.fits,072.C-0348(A),SCIENCE_RBNSPEC_STACK,,,,84.8036666666652,-69.1358611111099
ADP.2019-01-31T23_53_43.015.fits,t46,2003-12-03T01:44:39.244,52976.07267644,GIRAFFE,ESO-VLT-U2,ADP.2019-01-31T23:53:43.015.fits,072.C-0348(A),SCIENCE_RBNSPEC_STACK,,,,84.6594166666653,-69.1333055555544
ADP.2019-01-31T23_53_43.019.fits,u10,2003-12-03T01:44:39.244,52976.07267644,GIRAFFE,ESO-VLT-U2,ADP.2019-01-31T23:53:43.019.fits,072.C-0348(A),SCIENCE_RBNSPEC_STACK,,,,84.7839999999986,-69.1555277777766
ADP.2019-01-31T23_53_43.023.fits,pos041,2003-12-03T08:13:17.621,52976.34256507,GIRAFFE,ESO-VLT-U2,ADP.2019-01-31T23:53:43.023.fits,072.C-0348(A),SCIENCE_RBNSPEC_STACK,,,,84.7007499999986,-69.1700555555544
ADP.2019-01-31T23_53_43.028.fits,u21,2003-12-03T03:42:56.961,52976.15482594,GIRAFFE,ESO-VLT-U2,ADP.2019-01-31T23:53:43.028.fits,072.C-0348(A),SCIENCE_RBNSPEC_STACK,,,,84.8462916666652,-69.1110833333322
ADP.2019-01-31T23_53_43.040.fits,pos118,2003-12-03T07:36:20.171,52976.31690013,GIRAFFE,ESO-VLT-U2,ADP.2019-01-31T23:53:43.040.fits,072.C-0348(A),SCIENCE_RBNSPEC_STACK,,,,84.6807916666652,-69.2833333333322
ADP.2019-01-31T23_53_43.049.fits,t49,2003-12-03T06:23:27.943,52976.26629564,GIRAFFE,ESO-VLT-U2,ADP.2019-01-31T23:53:43.049.fits,072.C-0348(A),SCIENCE_RBNSPEC_STACK,,,,84.7528333333319,-69.1221944444433
ADP.2019-01-31T23_53_43.053.fits,u11,2003-12-03T01:44:39.244,52976.07267644,GIRAFFE,ESO-VLT-U2,ADP.2019-01-31T23:53:43.053.fits,072.C-0348(A),SCIENCE_RBNSPEC_STACK,,,,84.7839999999986,-69.1444166666655
ADP.2019-01-31T23_53_43.057.fits,pos013,2003-12-03T06:59:35.192,52976.29137954,GIRAFFE,ESO-VLT-U2,ADP.2019-01-31T23:53:43.057.fits,072.C-0348(A),SCIENCE_RBNSPEC_STACK,,,,84.6793749999986,-69.0755277777766
ADP.2019-01-31T23_53_43.062.fits,pos052,2003-12-03T07:36:20.171,52976.31690013,GIRAFFE,ESO-VLT-U2,ADP.2019-01-31T23:53:43.062.fits,072.C-0348(A),SCIENCE_RBNSPEC_STACK,,,,84.8264999999986,-69.1338055555544
ADP.2019-01-31T23_53_43.087.fits,pos075,2003-12-03T07:36:20.171,52976.31690013,GIRAFFE,ESO-VLT-U2,ADP.2019-01-31T23:53:43.087.fits,072.C-0348(A),SCIENCE_RBNSPEC_STACK,,,,84.7082083333319,-69.1202499999988
ADP.2019-01-31T23_53_43.092.fits,pos032,2003-12-03T06:59:35.192,52976.29137954,GIRAFFE,ESO-VLT-U2,ADP.2019-01-31T23:53:43.092.fits,072.C-0348(A),SCIENCE_RBNSPEC_STACK,,,,84.6767916666652,-69.1178611111099
ADP.2019-01-31T23_53_43.097.fits,t05,2003-12-03T05:54:18.706,52976.24604984,GIRAFFE,ESO-VLT-U2,ADP.2019-01-31T23:53:43.097.fits,072.C-0348(A),SCIENCE_RBNSPEC_STACK,,,,84.4725416666653,-69.0666388888877
ADP.2019-01-31T23_53_43.121.fits,u02,2003-12-03T03:42:56.961,52976.15482594,GIRAFFE,ESO-VLT-U2,ADP.2019-01-31T23:53:43.121.fits,072.C-0348(A),SCIENCE_RBNSPEC_STACK,,,,84.7217083333319,-69.0333055555544
ADP.2019-01-31T23_53_43.133.fits,pos066,2003-12-03T07:36:20.171,52976.31690013,GIRAFFE,ESO-VLT-U2,ADP.2019-01-31T23:53:43.133.fits,072.C-0348(A),SCIENCE_RBNSPEC_STACK,,,,84.7978749999986,-69.0783611111099
ADP.2019-01-31T23_53_43.138.fits,pos049,2003-12-03T08:13:17.621,52976.34256507,GIRAFFE,ESO-VLT-U2,ADP.2019-01-31T23:53:43.138.fits,072.C-0348(A),SCIENCE_RBNSPEC_STACK,,,,84.8020416666652,-69.1299444444433
ADP.2019-01-31T23_53_43.155.fits,pos087,2003-12-03T07:36:20.171,52976.31690013,GIRAFFE,ESO-VLT-U2,ADP.2019-01-31T23:53:43.155.fits,072.C-0348(A),SCIENCE_RBNSPEC_STACK,,,,84.5486666666652,-69.1251111111099
ADP.2019-01-31T23_53_43.160.fits,t23,2003-12-03T06:23:27.943,52976.26629564,GIRAFFE,ESO-VLT-U2,ADP.2019-01-31T23:53:43.160.fits,072.C-0348(A),SCIENCE_RBNSPEC_STACK,,,,84.5971249999985,-69.1110833333322
ADP.2019-01-31T23_53_43.164.fits,pos107,2003-12-03T08:13:17.621,52976.34256507,GIRAFFE,ESO-VLT-U2,ADP.2019-01-31T23:53:43.164.fits,072.C-0348(A),SCIENCE_RBNSPEC_STACK,,,,84.4204583333319,-69.1164722222211
ADP.2019-01-31T23_53_43.173.fits,pos026,2003-12-03T06:59:35.192,52976.29137954,GIRAFFE,ESO-VLT-U2,ADP.2019-01-31T23:53:43.173.fits,072.C-0348(A),SCIENCE_RBNSPEC_STACK,,,,84.5502083333319,-69.0372499999988
ADP.2019-01-31T23_53_43.178.fits,pos098,2003-12-03T06:59:35.192,52976.29137954,GIRAFFE,ESO-VLT-U2,ADP.2019-01-31T23:53:43.178.fits,072.C-0348(A),SCIENCE_RBNSPEC_STACK,,,,84.8219583333319,-69.0285555555544
ADP.2019-01-31T23_53_43.183.fits,t15,2003-12-03T03:42:56.961,52976.15482594,GIRAFFE,ESO-VLT-U2,ADP.2019-01-31T23:53:43.183.fits,072.C-0348(A),SCIENCE_RBNSPEC_STACK,,,,84.5036666666652,-69.1555277777766
ADP.2019-01-31T23_53_43.187.fits,pos024,2003-12-03T06:59:35.192,52976.29137954,GIRAFFE,ESO-VLT-U2,ADP.2019-01-31T23:53:43.187.fits,072.C-0348(A),SCIENCE_RBNSPEC_STACK,,,,84.5998749999986,-69.041722222221
ADP.2019-01-31T23_53_43.192.fits,t25,2003-12-03T01:44:39.244,52976.07267644,GIRAFFE,ESO-VLT-U2,ADP.2019-01-31T23:53:43.192.fits,072.C-0348(A),SCIENCE_RBNSPEC_STACK,,,,84.5348333333319,-69.0333055555544
ADP.2019-01-31T23_53_43.200.fits,t11,2003-12-03T05:54:18.706,52976.24604984,GIRAFFE,ESO-VLT-U2,ADP.2019-01-31T23:53:43.200.fits,072.C-0348(A),SCIENCE_RBNSPEC_STACK,,,,84.5348333333319,-69.1777499999989
ADP.2019-01-31T23_53_43.204.fits,t55,2003-12-03T06:23:27.943,52976.26629564,GIRAFFE,ESO-VLT-U2,ADP.2019-01-31T23:53:43.204.fits,072.C-0348(A),SCIENCE_RBNSPEC_STACK,,,,84.7528333333319,-69.0333055555544
ADP.2019-01-31T23_53_43.216.fits,pos013,2003-12-03T08:13:17.621,52976.34256507,GIRAFFE,ESO-VLT-U2,ADP.2019-01-31T23:53:43.216.fits,072.C-0348(A),SCIENCE_RBNSPEC_STACK,,,,84.6793749999986,-69.0755277777766
ADP.2019-01-31T23_53_43.221.fits,u26,2003-12-03T03:42:56.961,52976.15482594,GIRAFFE,ESO-VLT-U2,ADP.2019-01-31T23:53:43.221.fits,072.C-0348(A),SCIENCE_RBNSPEC_STACK,,,,84.8462916666652,-69.0333055555544
ADP.2019-01-31T23_53_43.225.fits,t20,2003-12-03T06:23:27.943,52976.26629564,GIRAFFE,ESO-VLT-U2,ADP.2019-01-31T23:53:43.225.fits,072.C-0348(A),SCIENCE_RBNSPEC_STACK,,,,84.6127083333319,-69.1555277777766
ADP.2019-01-31T23_53_43.233.fits,pos089,2003-12-03T06:59:35.192,52976.29137954,GIRAFFE,ESO-VLT-U2,ADP.2019-01-31T23:53:43.233.fits,072.C-0348(A),SCIENCE_RBNSPEC_STACK,,,,84.6809166666652,-69.0710833333322
ADP.2019-01-31T23_53_43.238.fits,u31,2003-12-03T03:42:56.961,52976.15482594,GIRAFFE,ESO-VLT-U2,ADP.2019-01-31T23:53:43.238.fits,072.C-0348(A),SCIENCE_RBNSPEC_STACK,,,,84.8774583333319,-69.1333055555544
ADP.2019-01-31T23_53_43.242.fits,pos111,2003-12-03T06:59:35.192,52976.29137954,GIRAFFE,ESO-VLT-U2,ADP.2019-01-31T23:53:43.242.fits,072.C-0348(A),SCIENCE_RBNSPEC_STACK,,,,84.5764166666652,-69.2141944444433
ADP.2019-01-31T23_53_43.247.fits,pos060,2003-12-03T07:36:20.171,52976.31690013,GIRAFFE,ESO-VLT-U2,ADP.2019-01-31T23:53:43.247.fits,072.C-0348(A),SCIENCE_RBNSPEC_STACK,,,,84.8504583333319,-69.1023888888877
ADP.2019-01-31T23_53_43.252.fits,pos043,2003-12-03T07:36:20.171,52976.31690013,GIRAFFE,ESO-VLT-U2,ADP.2019-01-31T23:53:43.252.fits,072.C-0348(A),SCIENCE_RBNSPEC_STACK,,,,84.7350833333319,-69.1667222222211
ADP.2019-01-31T23_53_43.257.fits,pos045,2003-12-03T07:36:20.171,52976.31690013,GIRAFFE,ESO-VLT-U2,ADP.2019-01-31T23:53:43.257.fits,072.C-0348(A),SCIENCE_RBNSPEC_STACK,,,,84.7667083333319,-69.1310555555544
ADP.2019-01-31T23_53_43.262.fits,t31,2003-12-03T03:42:56.961,52976.15482594,GIRAFFE,ESO-VLT-U2,ADP.2019-01-31T23:53:43.262.fits,072.C-0348(A),SCIENCE_RBNSPEC_STACK,,,,84.5659583333319,-69.1221944444433
ADP.2019-01-31T23_53_43.274.fits,t58,2003-12-03T05:54:18.706,52976.24604984,GIRAFFE,ESO-VLT-U2,ADP.2019-01-31T23:53:43.274.fits,072.C-0348(A),SCIENCE_RBNSPEC_STACK,,,,84.7684166666652,-69.0221944444433
ADP.2019-01-31T23_53_43.286.fits,t40,2003-12-03T03:42:56.961,52976.15482594,GIRAFFE,ESO-VLT-U2,ADP.2019-01-31T23:53:43.286.fits,072.C-0348(A),SCIENCE_RBNSPEC_STACK,,,,84.6282499999986,-69.1221944444433
ADP.2019-01-31T23_53_43.298.fits,u32,2003-12-03T01:44:39.244,52976.07267644,GIRAFFE,ESO-VLT-U2,ADP.2019-01-31T23:53:43.298.fits,072.C-0348(A),SCIENCE_RBNSPEC_STACK,,,,84.8774583333319,-69.0444166666655
ADP.2019-01-31T23_53_43.302.fits,pos015,2003-12-03T08:13:17.621,52976.34256507,GIRAFFE,ESO-VLT-U2,ADP.2019-01-31T23:53:43.302.fits,072.C-0348(A),SCIENCE_RBNSPEC_STACK,,,,84.6586249999986,-69.0722777777766
ADP.2019-01-31T23_53_43.307.fits,pos116,2003-12-03T08:13:17.621,52976.34256507,GIRAFFE,ESO-VLT-U2,ADP.2019-01-31T23:53:43.307.fits,072.C-0348(A),SCIENCE_RBNSPEC_STACK,,,,84.6619999999986,-69.1371111111099
ADP.2019-01-31T23_53_43.312.fits,pos095,2003-12-03T06:59:35.192,52976.29137954,GIRAFFE,ESO-VLT-U2,ADP.2019-01-31T23:53:43.312.fits,072.C-0348(A),SCIENCE_RBNSPEC_STACK,,,,84.4573333333319,-69.1796388888877
ADP.2019-01-31T23_53_43.317.fits,pos044,2003-12-03T06:59:35.192,52976.29137954,GIRAFFE,ESO-VLT-U2,ADP.2019-01-31T23:53:43.317.fits,072.C-0348(A),SCIENCE_RBNSPEC_STACK,,,,84.7532083333319,-69.1358888888877
ADP.2019-01-31T23_53_43.322.fits,t42,2003-12-03T01:44:39.244,52976.07267644,GIRAFFE,ESO-VLT-U2,ADP.2019-01-31T23:53:43.322.fits,072.C-0348(A),SCIENCE_RBNSPEC_STACK,,,,84.6282499999986,-69.1333055555544
ADP.2019-01-31T23_53_43.326.fits,t16,2003-12-03T03:42:56.961,52976.15482594,GIRAFFE,ESO-VLT-U2,ADP.2019-01-31T23:53:43.326.fits,072.C-0348(A),SCIENCE_RBNSPEC_STACK,,,,84.5036666666652,-69.1221944444433
ADP.2019-01-31T23_53_43.330.fits,pos073,2003-12-03T07:36:20.171,52976.31690013,GIRAFFE,ESO-VLT-U2,ADP.2019-01-31T23:53:43.330.fits,072.C-0348(A),SCIENCE_RBNSPEC_STACK,,,,84.7741249999986,-69.0412499999988
ADP.2019-01-31T23_53_43.335.fits,pos115,2003-12-03T06:59:35.192,52976.29137954,GIRAFFE,ESO-VLT-U2,ADP.2019-01-31T23:53:43.335.fits,072.C-0348(A),SCIENCE_RBNSPEC_STACK,,,,84.7223749999986,-69.0335833333322
ADP.2019-01-31T23_53_43.344.fits,pos099,2003-12-03T06:59:35.192,52976.29137954,GIRAFFE,ESO-VLT-U2,ADP.2019-01-31T23:53:43.344.fits,072.C-0348(A),SCIENCE_RBNSPEC_STACK,,,,84.6601249999986,-69.0108611111099
ADP.2019-01-31T23_53_43.349.fits,u39,2003-12-03T03:42:56.961,52976.15482594,GIRAFFE,ESO-VLT-U2,ADP.2019-01-31T23:53:43.349.fits,072.C-0348(A),SCIENCE_RBNSPEC_STACK,,,,84.9085833333319,-69.0333055555544
ADP.2019-01-31T23_53_43.365.fits,u29,2003-12-03T01:44:39.244,52976.07267644,GIRAFFE,ESO-VLT-U2,ADP.2019-01-31T23:53:43.365.fits,072.C-0348(A),SCIENCE_RBNSPEC_STACK,,,,84.8462916666652,-69.0555277777766
ADP.2019-01-31T23_53_43.369.fits,t41,2003-12-03T03:42:56.961,52976.15482594,GIRAFFE,ESO-VLT-U2,ADP.2019-01-31T23:53:43.369.fits,072.C-0348(A),SCIENCE_RBNSPEC_STACK,,,,84.6282499999986,-69.1110833333322
ADP.2019-01-31T23_53_43.373.fits,t31,2003-12-03T05:54:18.706,52976.24604984,GIRAFFE,ESO-VLT-U2,ADP.2019-01-31T23:53:43.373.fits,072.C-0348(A),SCIENCE_RBNSPEC_STACK,,,,84.6594166666653,-69.1777499999989
ADP.2019-01-31T23_53_43.377.fits,u28,2003-12-03T03:42:56.961,52976.15482594,GIRAFFE,ESO-VLT-U2,ADP.2019-01-31T23:53:43.377.fits,072.C-0348(A),SCIENCE_RBNSPEC_STACK,,,,84.8774583333319,-69.1666388888877
ADP.2019-01-31T23_53_43.381.fits,pos025,2003-12-03T08:13:17.621,52976.34256507,GIRAFFE,ESO-VLT-U2,ADP.2019-01-31T23:53:43.381.fits,072.C-0348(A),SCIENCE_RBNSPEC_STACK,,,,84.5766249999986,-69.0383611111099
ADP.2019-01-31T23_53_43.386.fits,pos082,2003-12-03T06:59:35.192,52976.29137954,GIRAFFE,ESO-VLT-U2,ADP.2019-01-31T23:53:43.386.fits,072.C-0348(A),SCIENCE_RBNSPEC_STACK,,,,84.6552916666652,-69.0602499999988
ADP.2019-01-31T23_53_43.391.fits,pos044,2003-12-03T07:36:20.171,52976.31690013,GIRAFFE,ESO-VLT-U2,ADP.2019-01-31T23:53:43.391.fits,072.C-0348(A),SCIENCE_RBNSPEC_STACK,,,,84.7532083333319,-69.1358888888877
ADP.2019-01-31T23_53_43.400.fits,u34,2003-12-03T03:42:56.961,52976.15482594,GIRAFFE,ESO-VLT-U2,ADP.2019-01-31T23:53:43.400.fits,072.C-0348(A),SCIENCE_RBNSPEC_STACK,,,,84.8774583333319,-69.0888611111099
ADP.2019-01-31T23_53_43.404.fits,t45,2003-12-03T01:44:39.244,52976.07267644,GIRAFFE,ESO-VLT-U2,ADP.2019-01-31T23:53:43.404.fits,072.C-0348(A),SCIENCE_RBNSPEC_STACK,,,,84.6594166666653,-69.1444166666655
ADP.2019-01-31T23_53_43.408.fits,t33,2003-12-03T03:42:56.961,52976.15482594,GIRAFFE,ESO-VLT-U2,ADP.2019-01-31T23:53:43.408.fits,072.C-0348(A),SCIENCE_RBNSPEC_STACK,,,,84.5971249999985,-69.0777499999988
ADP.2019-01-31T23_53_43.420.fits,pos014,2003-12-03T06:59:35.192,52976.29137954,GIRAFFE,ESO-VLT-U2,ADP.2019-01-31T23:53:43.420.fits,072.C-0348(A),SCIENCE_RBNSPEC_STACK,,,,84.6554999999986,-69.0771944444433
ADP.2019-01-31T23_53_43.425.fits,pos087,2003-12-03T06:59:35.192,52976.29137954,GIRAFFE,ESO-VLT-U2,ADP.2019-01-31T23:53:43.425.fits,072.C-0348(A),SCIENCE_RBNSPEC_STACK,,,,84.5486666666652,-69.1251111111099
ADP.2019-01-31T23_53_43.430.fits,pos039,2003-12-03T07:36:20.171,52976.31690013,GIRAFFE,ESO-VLT-U2,ADP.2019-01-31T23:53:43.430.fits,072.C-0348(A),SCIENCE_RBNSPEC_STACK,,,,84.6252083333319,-69.1698888888877
ADP.2019-01-31T23_53_43.463.fits,u06,2003-12-03T03:42:56.961,52976.15482594,GIRAFFE,ESO-VLT-U2,ADP.2019-01-31T23:53:43.463.fits,072.C-0348(A),SCIENCE_RBNSPEC_STACK,,,,84.7528333333319,-69.1444166666655
ADP.2019-01-31T23_53_43.467.fits,pos115,2003-12-03T07:36:20.171,52976.31690013,GIRAFFE,ESO-VLT-U2,ADP.2019-01-31T23:53:43.467.fits,072.C-0348(A),SCIENCE_RBNSPEC_STACK,,,,84.7223749999986,-69.0335833333322
ADP.2019-01-31T23_53_43.472.fits,pos009,2003-12-03T06:59:35.192,52976.29137954,GIRAFFE,ESO-VLT-U2,ADP.2019-01-31T23:53:43.472.fits,072.C-0348(A),SCIENCE_RBNSPEC_STACK,,,,84.6669166666652,-69.1093333333321
ADP.2019-01-31T23_53_43.493.fits,pos069,2003-12-03T06:59:35.192,52976.29137954,GIRAFFE,ESO-VLT-U2,ADP.2019-01-31T23:53:43.493.fits,072.C-0348(A),SCIENCE_RBNSPEC_STACK,,,,84.8523749999986,-69.0825833333322
ADP.2019-01-31T23_53_43.534.fits,t36,2003-12-03T05:54:18.706,52976.24604984,GIRAFFE,ESO-VLT-U2,ADP.2019-01-31T23:53:43.534.fits,072.C-0348(A),SCIENCE_RBNSPEC_STACK,,,,84.6749999999986,-69.0888611111099
ADP.2019-01-31T23_53_43.538.fits,t51,2003-12-03T03:42:56.961,52976.15482594,GIRAFFE,ESO-VLT-U2,ADP.2019-01-31T23:53:43.538.fits,072.C-0348(A),SCIENCE_RBNSPEC_STACK,,,,84.6905416666652,-69.1666388888877
ADP.2019-01-31T23_53_43.542.fits,t01,2003-12-03T03:42:56.961,52976.15482594,GIRAFFE,ESO-VLT-U2,ADP.2019-01-31T23:53:43.542.fits,072.C-0348(A),SCIENCE_RBNSPEC_STACK,,,,84.4413749999986,-69.1666388888877
ADP.2019-01-31T23_53_43.546.fits,pos063,2003-12-03T08:13:17.621,52976.34256507,GIRAFFE,ESO-VLT-U2,ADP.2019-01-31T23:53:43.546.fits,072.C-0348(A),SCIENCE_RBNSPEC_STACK,,,,84.7584999999986,-69.0950555555544
ADP.2019-01-31T23_53_43.551.fits,u04,2003-12-03T06:23:27.943,52976.26629564,GIRAFFE,ESO-VLT-U2,ADP.2019-01-31T23:53:43.551.fits,072.C-0348(A),SCIENCE_RBNSPEC_STACK,,,,84.8618749999986,-69.1777499999989
ADP.2019-01-31T23_53_43.563.fits,u11,2003-12-03T05:54:18.706,52976.24604984,GIRAFFE,ESO-VLT-U2,ADP.2019-01-31T23:53:43.563.fits,072.C-0348(A),SCIENCE_RBNSPEC_STACK,,,,84.9085833333319,-69.1777499999989
ADP.2019-01-31T23_53_43.599.fits,t32,2003-12-03T06:23:27.943,52976.26629564,GIRAFFE,ESO-VLT-U2,ADP.2019-01-31T23:53:43.599.fits,072.C-0348(A),SCIENCE_RBNSPEC_STACK,,,,84.6749999999986,-69.1777499999989
ADP.2019-01-31T23_53_43.603.fits,pos018,2003-12-03T08:13:17.621,52976.34256507,GIRAFFE,ESO-VLT-U2,ADP.2019-01-31T23:53:43.603.fits,072.C-0348(A),SCIENCE_RBNSPEC_STACK,,,,84.6319583333319,-69.0622777777766
ADP.2019-01-31T23_53_43.616.fits,t50,2003-12-03T05:54:18.706,52976.24604984,GIRAFFE,ESO-VLT-U2,ADP.2019-01-31T23:53:43.616.fits,072.C-0348(A),SCIENCE_RBNSPEC_STACK,,,,84.7684166666652,-69.1221944444433
ADP.2019-01-31T23_53_43.620.fits,pos085,2003-12-03T07:36:20.171,52976.31690013,GIRAFFE,ESO-VLT-U2,ADP.2019-01-31T23:53:43.620.fits,072.C-0348(A),SCIENCE_RBNSPEC_STACK,,,,84.5423333333319,-69.0561388888877
ADP.2019-01-31T23_53_43.625.fits,t18,2003-12-03T03:42:56.961,52976.15482594,GIRAFFE,ESO-VLT-U2,ADP.2019-01-31T23:53:43.625.fits,072.C-0348(A),SCIENCE_RBNSPEC_STACK,,,,84.5036666666652,-69.099972222221
ADP.2019-01-31T23_53_43.629.fits,pos063,2003-12-03T07:36:20.171,52976.31690013,GIRAFFE,ESO-VLT-U2,ADP.2019-01-31T23:53:43.629.fits,072.C-0348(A),SCIENCE_RBNSPEC_STACK,,,,84.7584999999986,-69.0950555555544
ADP.2019-01-31T23_53_43.634.fits,t44,2003-12-03T05:54:18.706,52976.24604984,GIRAFFE,ESO-VLT-U2,ADP.2019-01-31T23:53:43.634.fits,072.C-0348(A),SCIENCE_RBNSPEC_STACK,,,,84.7372916666652,-69.1777499999989
ADP.2019-01-31T23_53_43.638.fits,pos053,2003-12-03T08:13:17.621,52976.34256507,GIRAFFE,ESO-VLT-U2,ADP.2019-01-31T23:53:43.638.fits,072.C-0348(A),SCIENCE_RBNSPEC_STACK,,,,84.8456666666652,-69.1237777777766
ADP.2019-01-31T23_53_43.643.fits,pos110,2003-12-03T08:13:17.621,52976.34256507,GIRAFFE,ESO-VLT-U2,ADP.2019-01-31T23:53:43.643.fits,072.C-0348(A),SCIENCE_RBNSPEC_STACK,,,,84.3410416666652,-69.1148333333322
ADP.2019-01-31T23_53_43.656.fits,u20,2003-12-03T03:42:56.961,52976.15482594,GIRAFFE,ESO-VLT-U2,ADP.2019-01-31T23:53:43.656.fits,072.C-0348(A),SCIENCE_RBNSPEC_STACK,,,,84.8462916666652,-69.1333055555544
ADP.2019-01-31T23_53_43.660.fits,t29,2003-12-03T03:42:56.961,52976.15482594,GIRAFFE,ESO-VLT-U2,ADP.2019-01-31T23:53:43.660.fits,072.C-0348(A),SCIENCE_RBNSPEC_STACK,,,,84.5659583333319,-69.1666388888877
ADP.2019-01-31T23_53_43.672.fits,t53,2003-12-03T01:44:39.244,52976.07267644,GIRAFFE,ESO-VLT-U2,ADP.2019-01-31T23:53:43.672.fits,072.C-0348(A),SCIENCE_RBNSPEC_STACK,,,,84.6905416666652,-69.1444166666655
ADP.2019-01-31T23_53_43.676.fits,t05,2003-12-03T03:42:56.961,52976.15482594,GIRAFFE,ESO-VLT-U2,ADP.2019-01-31T23:53:43.676.fits,072.C-0348(A),SCIENCE_RBNSPEC_STACK,,,,84.4725416666653,-69.1221944444433
ADP.2019-01-31T23_53_43.680.fits,pos002,2003-12-03T07:36:20.171,52976.31690013,GIRAFFE,ESO-VLT-U2,ADP.2019-01-31T23:53:43.680.fits,072.C-0348(A),SCIENCE_RBNSPEC_STACK,,,,84.6998749999986,-69.0843333333322
ADP.2019-01-31T23_53_43.685.fits,pos062,2003-12-03T06:59:35.192,52976.29137954,GIRAFFE,ESO-VLT-U2,ADP.2019-01-31T23:53:43.685.fits,072.C-0348(A),SCIENCE_RBNSPEC_STACK,,,,84.7745833333319,-69.0902222222211
ADP.2019-01-31T23_53_43.690.fits,pos072,2003-12-03T08:13:17.621,52976.34256507,GIRAFFE,ESO-VLT-U2,ADP.2019-01-31T23:53:43.690.fits,072.C-0348(A),SCIENCE_RBNSPEC_STACK,,,,84.7549583333319,-69.0397777777766
ADP.2019-01-31T23_53_43.711.fits,t18,2003-12-03T01:44:39.244,52976.07267644,GIRAFFE,ESO-VLT-U2,ADP.2019-01-31T23:53:43.711.fits,072.C-0348(A),SCIENCE_RBNSPEC_STACK,,,,84.5348333333319,-69.1333055555544
ADP.2019-01-31T23_53_43.715.fits,pos012,2003-12-03T08:13:17.621,52976.34256507,GIRAFFE,ESO-VLT-U2,ADP.2019-01-31T23:53:43.715.fits,072.C-0348(A),SCIENCE_RBNSPEC_STACK,,,,84.6440833333319,-69.0824722222211
ADP.2019-01-31T23_53_43.728.fits,t38,2003-12-03T06:23:27.943,52976.26629564,GIRAFFE,ESO-VLT-U2,ADP.2019-01-31T23:53:43.728.fits,072.C-0348(A),SCIENCE_RBNSPEC_STACK,,,,84.7061249999986,-69.1777499999989
ADP.2019-01-31T23_53_43.740.fits,pos074,2003-12-03T06:59:35.192,52976.29137954,GIRAFFE,ESO-VLT-U2,ADP.2019-01-31T23:53:43.740.fits,072.C-0348(A),SCIENCE_RBNSPEC_STACK,,,,84.6603749999986,-69.1648888888877
ADP.2019-01-31T23_53_43.749.fits,u03,2003-12-03T06:23:27.943,52976.26629564,GIRAFFE,ESO-VLT-U2,ADP.2019-01-31T23:53:43.749.fits,072.C-0348(A),SCIENCE_RBNSPEC_STACK,,,,84.8462916666652,-69.1777499999989
ADP.2019-01-31T23_53_43.753.fits,t54,2003-12-03T03:42:56.961,52976.15482594,GIRAFFE,ESO-VLT-U2,ADP.2019-01-31T23:53:43.753.fits,072.C-0348(A),SCIENCE_RBNSPEC_STACK,,,,84.6905416666652,-69.0221944444433
ADP.2019-01-31T23_53_43.765.fits,pos028,2003-12-03T06:59:35.192,52976.29137954,GIRAFFE,ESO-VLT-U2,ADP.2019-01-31T23:53:43.765.fits,072.C-0348(A),SCIENCE_RBNSPEC_STACK,,,,84.5229999999985,-69.077972222221
ADP.2019-01-31T23_53_43.774.fits,pos072,2003-12-03T06:59:35.192,52976.29137954,GIRAFFE,ESO-VLT-U2,ADP.2019-01-31T23:53:43.774.fits,072.C-0348(A),SCIENCE_RBNSPEC_STACK,,,,84.7549583333319,-69.0397777777766
ADP.2019-01-31T23_53_43.779.fits,pos018,2003-12-03T06:59:35.192,52976.29137954,GIRAFFE,ESO-VLT-U2,ADP.2019-01-31T23:53:43.779.fits,072.C-0348(A),SCIENCE_RBNSPEC_STACK,,,,84.6319583333319,-69.0622777777766
ADP.2019-01-31T23_53_43.784.fits,pos091,2003-12-03T06:59:35.192,52976.29137954,GIRAFFE,ESO-VLT-U2,ADP.2019-01-31T23:53:43.784.fits,072.C-0348(A),SCIENCE_RBNSPEC_STACK,,,,84.6275833333319,-69.2321111111099
ADP.2019-01-31T23_53_43.789.fits,t39,2003-12-03T06:23:27.943,52976.26629564,GIRAFFE,ESO-VLT-U2,ADP.2019-01-31T23:53:43.789.fits,072.C-0348(A),SCIENCE_RBNSPEC_STACK,,,,84.6905416666652,-69.099972222221
ADP.2019-01-31T23_53_43.801.fits,t60,2003-12-03T01:44:39.244,52976.07267644,GIRAFFE,ESO-VLT-U2,ADP.2019-01-31T23:53:43.801.fits,072.C-0348(A),SCIENCE_RBNSPEC_STACK,,,,84.6905416666652,-69.0444166666655
ADP.2019-01-31T23_53_43.805.fits,pos081,2003-12-03T06:59:35.192,52976.29137954,GIRAFFE,ESO-VLT-U2,ADP.2019-01-31T23:53:43.805.fits,072.C-0348(A),SCIENCE_RBNSPEC_STACK,,,,84.7367083333319,-69.0961666666655
ADP.2019-01-31T23_53_43.810.fits,t01,2003-12-03T01:44:39.244,52976.07267644,GIRAFFE,ESO-VLT-U2,ADP.2019-01-31T23:53:43.810.fits,072.C-0348(A),SCIENCE_RBNSPEC_STACK,,,,84.4413749999986,-69.1444166666655
ADP.2019-01-31T23_53_43.822.fits,pos110,2003-12-03T06:59:35.192,52976.29137954,GIRAFFE,ESO-VLT-U2,ADP.2019-01-31T23:53:43.822.fits,072.C-0348(A),SCIENCE_RBNSPEC_STACK,,,,84.3410416666652,-69.1148333333322
ADP.2019-01-31T23_53_43.827.fits,u11,2003-12-03T03:42:56.961,52976.15482594,GIRAFFE,ESO-VLT-U2,ADP.2019-01-31T23:53:43.827.fits,072.C-0348(A),SCIENCE_RBNSPEC_STACK,,,,84.7839999999986,-69.0333055555544
ADP.2019-01-31T23_53_43.831.fits,t51,2003-12-03T05:54:18.706,52976.24604984,GIRAFFE,ESO-VLT-U2,ADP.2019-01-31T23:53:43.831.fits,072.C-0348(A),SCIENCE_RBNSPEC_STACK,,,,84.7528333333319,-69.0777499999988
ADP.2019-01-31T23_53_43.835.fits,u36,2003-12-03T03:42:56.961,52976.15482594,GIRAFFE,ESO-VLT-U2,ADP.2019-01-31T23:53:43.835.fits,072.C-0348(A),SCIENCE_RBNSPEC_STACK,,,,84.8774583333319,-69.0666388888877
ADP.2019-01-31T23_53_43.839.fits,t10,2003-12-03T03:42:56.961,52976.15482594,GIRAFFE,ESO-VLT-U2,ADP.2019-01-31T23:53:43.839.fits,072.C-0348(A),SCIENCE_RBNSPEC_STACK,,,,84.4725416666653,-69.0555277777766
ADP.2019-01-31T23_53_43.843.fits,u19,2003-12-03T01:44:39.244,52976.07267644,GIRAFFE,ESO-VLT-U2,ADP.2019-01-31T23:53:43.843.fits,072.C-0348(A),SCIENCE_RBNSPEC_STACK,,,,84.8151249999986,-69.1666388888877
ADP.2019-01-31T23_53_43.847.fits,pos018,2003-12-03T07:36:20.171,52976.31690013,GIRAFFE,ESO-VLT-U2,ADP.2019-01-31T23:53:43.847.fits,072.C-0348(A),SCIENCE_RBNSPEC_STACK,,,,84.6319583333319,-69.0622777777766
ADP.2019-01-31T23_53_43.852.fits,u02,2003-12-03T06:23:27.943,52976.26629564,GIRAFFE,ESO-VLT-U2,ADP.2019-01-31T23:53:43.852.fits,072.C-0348(A),SCIENCE_RBNSPEC_STACK,,,,84.8307083333319,-69.1777499999989
ADP.2019-01-31T23_53_43.856.fits,pos058,2003-12-03T06:59:35.192,52976.29137954,GIRAFFE,ESO-VLT-U2,ADP.2019-01-31T23:53:43.856.fits,072.C-0348(A),SCIENCE_RBNSPEC_STACK,,,,84.8607916666652,-69.0996111111099
ADP.2019-01-31T23_53_43.865.fits,u05,2003-12-03T03:42:56.961,52976.15482594,GIRAFFE,ESO-VLT-U2,ADP.2019-01-31T23:53:43.865.fits,072.C-0348(A),SCIENCE_RBNSPEC_STACK,,,,84.7528333333319,-69.1555277777766
ADP.2019-01-31T23_53_43.869.fits,pos082,2003-12-03T07:36:20.171,52976.31690013,GIRAFFE,ESO-VLT-U2,ADP.2019-01-31T23:53:43.869.fits,072.C-0348(A),SCIENCE_RBNSPEC_STACK,,,,84.6552916666652,-69.0602499999988
ADP.2019-01-31T23_53_43.874.fits,u07,2003-12-03T06:23:27.943,52976.26629564,GIRAFFE,ESO-VLT-U2,ADP.2019-01-31T23:53:43.874.fits,072.C-0348(A),SCIENCE_RBNSPEC_STACK,,,,84.8774583333319,-69.1777499999989
ADP.2019-01-31T23_53_43.878.fits,t37,2003-12-03T05:54:18.706,52976.24604984,GIRAFFE,ESO-VLT-U2,ADP.2019-01-31T23:53:43.878.fits,072.C-0348(A),SCIENCE_RBNSPEC_STACK,,,,84.6905416666652,-69.1777499999989
ADP.2019-01-31T23_53_43.882.fits,pos073,2003-12-03T06:59:35.192,52976.29137954,GIRAFFE,ESO-VLT-U2,ADP.2019-01-31T23:53:43.882.fits,072.C-0348(A),SCIENCE_RBNSPEC_STACK,,,,84.7741249999986,-69.0412499999988
ADP.2019-01-31T23_53_43.887.fits,t35,2003-12-03T06:23:27.943,52976.26629564,GIRAFFE,ESO-VLT-U2,ADP.2019-01-31T23:53:43.887.fits,072.C-0348(A),SCIENCE_RBNSPEC_STACK,,,,84.6594166666653,-69.0888611111099
ADP.2019-01-31T23_53_43.895.fits,t23,2003-12-03T01:44:39.244,52976.07267644,GIRAFFE,ESO-VLT-U2,ADP.2019-01-31T23:53:43.895.fits,072.C-0348(A),SCIENCE_RBNSPEC_STACK,,,,84.5348333333319,-69.0555277777766
ADP.2019-01-31T23_53_43.899.fits,u01,2003-12-03T01:44:39.244,52976.07267644,GIRAFFE,ESO-VLT-U2,ADP.2019-01-31T23:53:43.899.fits,072.C-0348(A),SCIENCE_RBNSPEC_STACK,,,,84.7217083333319,-69.099972222221
ADP.2019-01-31T23_53_43.903.fits,u35,2003-12-03T03:42:56.961,52976.15482594,GIRAFFE,ESO-VLT-U2,ADP.2019-01-31T23:53:43.903.fits,072.C-0348(A),SCIENCE_RBNSPEC_STACK,,,,84.8774583333319,-69.0777499999988
ADP.2019-01-31T23_53_43.915.fits,pos043,2003-12-03T08:13:17.621,52976.34256507,GIRAFFE,ESO-VLT-U2,ADP.2019-01-31T23:53:43.915.fits,072.C-0348(A),SCIENCE_RBNSPEC_STACK,,,,84.7350833333319,-69.1667222222211
ADP.2019-01-31T23_53_43.928.fits,pos020,2003-12-03T08:13:17.621,52976.34256507,GIRAFFE,ESO-VLT-U2,ADP.2019-01-31T23:53:43.928.fits,072.C-0348(A),SCIENCE_RBNSPEC_STACK,,,,84.5796666666652,-69.0534722222211
ADP.2019-01-31T23_53_43.933.fits,t40,2003-12-03T01:44:39.244,52976.07267644,GIRAFFE,ESO-VLT-U2,ADP.2019-01-31T23:53:43.933.fits,072.C-0348(A),SCIENCE_RBNSPEC_STACK,,,,84.5971249999985,-69.0888611111099
ADP.2019-01-31T23_53_43.941.fits,t07,2003-12-03T01:44:39.244,52976.07267644,GIRAFFE,ESO-VLT-U2,ADP.2019-01-31T23:53:43.941.fits,072.C-0348(A),SCIENCE_RBNSPEC_STACK,,,,84.4413749999986,-69.0777499999988
ADP.2019-01-31T23_53_43.945.fits,pos049,2003-12-03T07:36:20.171,52976.31690013,GIRAFFE,ESO-VLT-U2,ADP.2019-01-31T23:53:43.945.fits,072.C-0348(A),SCIENCE_RBNSPEC_STACK,,,,84.8020416666652,-69.1299444444433
ADP.2019-01-31T23_53_43.958.fits,u30,2003-12-03T01:44:39.244,52976.07267644,GIRAFFE,ESO-VLT-U2,ADP.2019-01-31T23:53:43.958.fits,072.C-0348(A),SCIENCE_RBNSPEC_STACK,,,,84.8462916666652,-69.0444166666655
ADP.2019-01-31T23_53_43.962.fits,t19,2003-12-03T06:23:27.943,52976.26629564,GIRAFFE,ESO-VLT-U2,ADP.2019-01-31T23:53:43.962.fits,072.C-0348(A),SCIENCE_RBNSPEC_STACK,,,,84.5971249999985,-69.1555277777766
ADP.2019-01-31T23_53_43.966.fits,t39,2003-12-03T05:54:18.706,52976.24604984,GIRAFFE,ESO-VLT-U2,ADP.2019-01-31T23:53:43.966.fits,072.C-0348(A),SCIENCE_RBNSPEC_STACK,,,,84.6905416666652,-69.099972222221
ADP.2019-01-31T23_53_43.970.fits,t28,2003-12-03T03:42:56.961,52976.15482594,GIRAFFE,ESO-VLT-U2,ADP.2019-01-31T23:53:43.970.fits,072.C-0348(A),SCIENCE_RBNSPEC_STACK,,,,84.5348333333319,-69.1110833333322
ADP.2019-01-31T23_53_43.974.fits,t40,2003-12-03T06:23:27.943,52976.26629564,GIRAFFE,ESO-VLT-U2,ADP.2019-01-31T23:53:43.974.fits,072.C-0348(A),SCIENCE_RBNSPEC_STACK,,,,84.7061249999986,-69.099972222221
ADP.2019-01-31T23_53_43.986.fits,pos070,2003-12-03T06:59:35.192,52976.29137954,GIRAFFE,ESO-VLT-U2,ADP.2019-01-31T23:53:43.986.fits,072.C-0348(A),SCIENCE_RBNSPEC_STACK,,,,84.7813749999986,-69.04736111111
ADP.2019-01-31T23_53_43.999.fits,pos040,2003-12-03T07:36:20.171,52976.31690013,GIRAFFE,ESO-VLT-U2,ADP.2019-01-31T23:53:43.999.fits,072.C-0348(A),SCIENCE_RBNSPEC_STACK,,,,84.5814999999985,-69.1674444444433
ADP.2019-01-31T23_53_44.004.fits,u26,2003-12-03T01:44:39.244,52976.07267644,GIRAFFE,ESO-VLT-U2,ADP.2019-01-31T23:53:44.004.fits,072.C-0348(A),SCIENCE_RBNSPEC_STACK,,,,84.8151249999986,-69.0888611111099
ADP.2019-01-31T23_53_44.008.fits,t09,2003-12-03T05:54:18.706,52976.24604984,GIRAFFE,ESO-VLT-U2,ADP.2019-01-31T23:53:44.008.fits,072.C-0348(A),SCIENCE_RBNSPEC_STACK,,,,84.5036666666652,-69.0666388888877
ADP.2019-01-31T23_53_44.012.fits,t21,2003-12-03T03:42:56.961,52976.15482594,GIRAFFE,ESO-VLT-U2,ADP.2019-01-31T23:53:44.012.fits,072.C-0348(A),SCIENCE_RBNSPEC_STACK,,,,84.5036666666652,-69.0555277777766
ADP.2019-01-31T23_53_44.016.fits,u43,2003-12-03T01:44:39.244,52976.07267644,GIRAFFE,ESO-VLT-U2,ADP.2019-01-31T23:53:44.016.fits,072.C-0348(A),SCIENCE_RBNSPEC_STACK,,,,84.9085833333319,-69.0555277777766
ADP.2019-01-31T23_53_44.024.fits,u40,2003-12-03T03:42:56.961,52976.15482594,GIRAFFE,ESO-VLT-U2,ADP.2019-01-31T23:53:44.024.fits,072.C-0348(A),SCIENCE_RBNSPEC_STACK,,,,84.9085833333319,-69.0221944444433
ADP.2019-01-31T23_53_44.028.fits,t41,2003-12-03T01:44:39.244,52976.07267644,GIRAFFE,ESO-VLT-U2,ADP.2019-01-31T23:53:44.028.fits,072.C-0348(A),SCIENCE_RBNSPEC_STACK,,,,84.6282499999986,-69.1444166666655
ADP.2019-01-31T23_53_44.032.fits,u14,2003-12-03T01:44:39.244,52976.07267644,GIRAFFE,ESO-VLT-U2,ADP.2019-01-31T23:53:44.032.fits,072.C-0348(A),SCIENCE_RBNSPEC_STACK,,,,84.7839999999986,-69.1110833333322
ADP.2019-01-31T23_53_44.036.fits,u23,2003-12-03T03:42:56.961,52976.15482594,GIRAFFE,ESO-VLT-U2,ADP.2019-01-31T23:53:44.036.fits,072.C-0348(A),SCIENCE_RBNSPEC_STACK,,,,84.8462916666652,-69.0888611111099
ADP.2019-01-31T23_53_44.040.fits,pos035,2003-12-03T06:59:35.192,52976.29137954,GIRAFFE,ESO-VLT-U2,ADP.2019-01-31T23:53:44.040.fits,072.C-0348(A),SCIENCE_RBNSPEC_STACK,,,,84.6383333333319,-69.1146111111099
ADP.2019-01-31T23_53_44.053.fits,t37,2003-12-03T06:23:27.943,52976.26629564,GIRAFFE,ESO-VLT-U2,ADP.2019-01-31T23:53:44.053.fits,072.C-0348(A),SCIENCE_RBNSPEC_STACK,,,,84.6905416666652,-69.1777499999989
ADP.2019-01-31T23_53_44.057.fits,pos042,2003-12-03T07:36:20.171,52976.31690013,GIRAFFE,ESO-VLT-U2,ADP.2019-01-31T23:53:44.057.fits,072.C-0348(A),SCIENCE_RBNSPEC_STACK,,,,84.7179166666652,-69.1606111111099
ADP.2019-01-31T23_53_44.062.fits,t14,2003-12-03T06:23:27.943,52976.26629564,GIRAFFE,ESO-VLT-U2,ADP.2019-01-31T23:53:44.062.fits,072.C-0348(A),SCIENCE_RBNSPEC_STACK,,,,84.5815416666652,-69.1777499999989
ADP.2019-01-31T23_53_44.066.fits,t31,2003-12-03T06:23:27.943,52976.26629564,GIRAFFE,ESO-VLT-U2,ADP.2019-01-31T23:53:44.066.fits,072.C-0348(A),SCIENCE_RBNSPEC_STACK,,,,84.6594166666653,-69.1777499999989
ADP.2019-01-31T23_53_44.074.fits,t59,2003-12-03T06:23:27.943,52976.26629564,GIRAFFE,ESO-VLT-U2,ADP.2019-01-31T23:53:44.074.fits,072.C-0348(A),SCIENCE_RBNSPEC_STACK,,,,84.7839999999986,-69.1777499999989
ADP.2019-01-31T23_53_44.078.fits,u07,2003-12-03T01:44:39.244,52976.07267644,GIRAFFE,ESO-VLT-U2,ADP.2019-01-31T23:53:44.078.fits,072.C-0348(A),SCIENCE_RBNSPEC_STACK,,,,84.7528333333319,-69.0555277777766
ADP.2019-01-31T23_53_44.082.fits,pos049,2003-12-03T06:59:35.192,52976.29137954,GIRAFFE,ESO-VLT-U2,ADP.2019-01-31T23:53:44.082.fits,072.C-0348(A),SCIENCE_RBNSPEC_STACK,,,,84.8020416666652,-69.1299444444433
ADP.2019-01-31T23_53_44.099.fits,pos113,2003-12-03T07:36:20.171,52976.31690013,GIRAFFE,ESO-VLT-U2,ADP.2019-01-31T23:53:44.099.fits,072.C-0348(A),SCIENCE_RBNSPEC_STACK,,,,84.5398749999986,-69.1059166666655
ADP.2019-01-31T23_53_44.104.fits,pos022,2003-12-03T08:13:17.621,52976.34256507,GIRAFFE,ESO-VLT-U2,ADP.2019-01-31T23:53:44.104.fits,072.C-0348(A),SCIENCE_RBNSPEC_STACK,,,,84.6159166666652,-69.0523611111099
ADP.2019-01-31T23_53_44.137.fits,t15,2003-12-03T06:23:27.943,52976.26629564,GIRAFFE,ESO-VLT-U2,ADP.2019-01-31T23:53:44.137.fits,072.C-0348(A),SCIENCE_RBNSPEC_STACK,,,,84.5971249999985,-69.1777499999989
ADP.2019-01-31T23_53_44.141.fits,t22,2003-12-03T03:42:56.961,52976.15482594,GIRAFFE,ESO-VLT-U2,ADP.2019-01-31T23:53:44.141.fits,072.C-0348(A),SCIENCE_RBNSPEC_STACK,,,,84.5036666666652,-69.0444166666655
ADP.2019-01-31T23_53_44.153.fits,pos005,2003-12-03T07:36:20.171,52976.31690013,GIRAFFE,ESO-VLT-U2,ADP.2019-01-31T23:53:44.153.fits,072.C-0348(A),SCIENCE_RBNSPEC_STACK,,,,84.7465416666652,-69.0858055555544
ADP.2019-01-31T23_53_44.158.fits,pos054,2003-12-03T08:13:17.621,52976.34256507,GIRAFFE,ESO-VLT-U2,ADP.2019-01-31T23:53:44.158.fits,072.C-0348(A),SCIENCE_RBNSPEC_STACK,,,,84.8492499999986,-69.1187777777766
ADP.2019-01-31T23_53_44.167.fits,pos040,2003-12-03T08:13:17.621,52976.34256507,GIRAFFE,ESO-VLT-U2,ADP.2019-01-31T23:53:44.167.fits,072.C-0348(A),SCIENCE_RBNSPEC_STACK,,,,84.5814999999985,-69.1674444444433
ADP.2019-01-31T23_53_44.172.fits,t13,2003-12-03T05:54:18.706,52976.24604984,GIRAFFE,ESO-VLT-U2,ADP.2019-01-31T23:53:44.172.fits,072.C-0348(A),SCIENCE_RBNSPEC_STACK,,,,84.5659583333319,-69.1777499999989
ADP.2019-01-31T23_53_44.176.fits,u15,2003-12-03T01:44:39.244,52976.07267644,GIRAFFE,ESO-VLT-U2,ADP.2019-01-31T23:53:44.176.fits,072.C-0348(A),SCIENCE_RBNSPEC_STACK,,,,84.7839999999986,-69.099972222221
ADP.2019-01-31T23_53_44.180.fits,t07,2003-12-03T05:54:18.706,52976.24604984,GIRAFFE,ESO-VLT-U2,ADP.2019-01-31T23:53:44.180.fits,072.C-0348(A),SCIENCE_RBNSPEC_STACK,,,,84.5036666666652,-69.1777499999989
ADP.2019-01-31T23_53_44.184.fits,t37,2003-12-03T03:42:56.961,52976.15482594,GIRAFFE,ESO-VLT-U2,ADP.2019-01-31T23:53:44.184.fits,072.C-0348(A),SCIENCE_RBNSPEC_STACK,,,,84.5971249999985,-69.0221944444433
ADP.2019-01-31T23_53_44.204.fits,pos114,2003-12-03T06:59:35.192,52976.29137954,GIRAFFE,ESO-VLT-U2,ADP.2019-01-31T23:53:44.204.fits,072.C-0348(A),SCIENCE_RBNSPEC_STACK,,,,84.7377083333319,-69.1015833333321
ADP.2019-01-31T23_53_44.209.fits,pos046,2003-12-03T07:36:20.171,52976.31690013,GIRAFFE,ESO-VLT-U2,ADP.2019-01-31T23:53:44.209.fits,072.C-0348(A),SCIENCE_RBNSPEC_STACK,,,,84.7854583333319,-69.1384722222211
ADP.2019-01-31T23_53_44.214.fits,pos020,2003-12-03T06:59:35.192,52976.29137954,GIRAFFE,ESO-VLT-U2,ADP.2019-01-31T23:53:44.214.fits,072.C-0348(A),SCIENCE_RBNSPEC_STACK,,,,84.5796666666652,-69.0534722222211
ADP.2019-01-31T23_53_44.223.fits,pos023,2003-12-03T06:59:35.192,52976.29137954,GIRAFFE,ESO-VLT-U2,ADP.2019-01-31T23:53:44.223.fits,072.C-0348(A),SCIENCE_RBNSPEC_STACK,,,,84.6211249999986,-69.0456111111099
ADP.2019-01-31T23_53_44.228.fits,t25,2003-12-03T05:54:18.706,52976.24604984,GIRAFFE,ESO-VLT-U2,ADP.2019-01-31T23:53:44.228.fits,072.C-0348(A),SCIENCE_RBNSPEC_STACK,,,,84.5971249999985,-69.0666388888877
ADP.2019-01-31T23_53_44.232.fits,pos061,2003-12-03T08:13:17.621,52976.34256507,GIRAFFE,ESO-VLT-U2,ADP.2019-01-31T23:53:44.232.fits,072.C-0348(A),SCIENCE_RBNSPEC_STACK,,,,84.7605833333319,-69.08911111111
ADP.2019-01-31T23_53_44.237.fits,u09,2003-12-03T05:54:18.706,52976.24604984,GIRAFFE,ESO-VLT-U2,ADP.2019-01-31T23:53:44.237.fits,072.C-0348(A),SCIENCE_RBNSPEC_STACK,,,,84.8774583333319,-69.1221944444433
ADP.2019-01-31T23_53_44.249.fits,u03,2003-12-03T01:44:39.244,52976.07267644,GIRAFFE,ESO-VLT-U2,ADP.2019-01-31T23:53:44.249.fits,072.C-0348(A),SCIENCE_RBNSPEC_STACK,,,,84.7217083333319,-69.0555277777766
ADP.2019-01-31T23_53_44.253.fits,pos109,2003-12-03T08:13:17.621,52976.34256507,GIRAFFE,ESO-VLT-U2,ADP.2019-01-31T23:53:44.253.fits,072.C-0348(A),SCIENCE_RBNSPEC_STACK,,,,84.3635416666652,-69.1124722222211
ADP.2019-01-31T23_53_44.258.fits,pos071,2003-12-03T07:36:20.171,52976.31690013,GIRAFFE,ESO-VLT-U2,ADP.2019-01-31T23:53:44.258.fits,072.C-0348(A),SCIENCE_RBNSPEC_STACK,,,,84.7409583333319,-69.0384722222211
ADP.2019-01-31T23_53_44.271.fits,u23,2003-12-03T01:44:39.244,52976.07267644,GIRAFFE,ESO-VLT-U2,ADP.2019-01-31T23:53:44.271.fits,072.C-0348(A),SCIENCE_RBNSPEC_STACK,,,,84.8151249999986,-69.1221944444433
ADP.2019-01-31T23_53_44.279.fits,u33,2003-12-03T01:44:39.244,52976.07267644,GIRAFFE,ESO-VLT-U2,ADP.2019-01-31T23:53:44.279.fits,072.C-0348(A),SCIENCE_RBNSPEC_STACK,,,,84.9085833333319,-69.1666388888877
ADP.2019-01-31T23_53_44.283.fits,t17,2003-12-03T01:44:39.244,52976.07267644,GIRAFFE,ESO-VLT-U2,ADP.2019-01-31T23:53:44.283.fits,072.C-0348(A),SCIENCE_RBNSPEC_STACK,,,,84.5348333333319,-69.1444166666655
ADP.2019-01-31T23_53_44.287.fits,pos027,2003-12-03T07:36:20.171,52976.31690013,GIRAFFE,ESO-VLT-U2,ADP.2019-01-31T23:53:44.287.fits,072.C-0348(A),SCIENCE_RBNSPEC_STACK,,,,84.5355416666652,-69.0666666666655
ADP.2019-01-31T23_53_44.292.fits,pos010,2003-12-03T06:59:35.192,52976.29137954,GIRAFFE,ESO-VLT-U2,ADP.2019-01-31T23:53:44.292.fits,072.C-0348(A),SCIENCE_RBNSPEC_STACK,,,,84.6305833333319,-69.0944999999988
ADP.2019-01-31T23_53_44.313.fits,pos105,2003-12-03T08:13:17.621,52976.34256507,GIRAFFE,ESO-VLT-U2,ADP.2019-01-31T23:53:44.313.fits,072.C-0348(A),SCIENCE_RBNSPEC_STACK,,,,84.4764999999986,-69.1260555555544
ADP.2019-01-31T23_53_44.322.fits,pos080,2003-12-03T07:36:20.171,52976.31690013,GIRAFFE,ESO-VLT-U2,ADP.2019-01-31T23:53:44.322.fits,072.C-0348(A),SCIENCE_RBNSPEC_STACK,,,,84.6279166666652,-69.1359999999988
ADP.2019-01-31T23_53_44.327.fits,pos017,2003-12-03T08:13:17.621,52976.34256507,GIRAFFE,ESO-VLT-U2,ADP.2019-01-31T23:53:44.327.fits,072.C-0348(A),SCIENCE_RBNSPEC_STACK,,,,84.6474999999986,-69.0635833333322
ADP.2019-01-31T23_53_44.340.fits,pos067,2003-12-03T07:36:20.171,52976.31690013,GIRAFFE,ESO-VLT-U2,ADP.2019-01-31T23:53:44.340.fits,072.C-0348(A),SCIENCE_RBNSPEC_STACK,,,,84.7890416666653,-69.0757777777766
ADP.2019-01-31T23_53_44.345.fits,pos092,2003-12-03T07:36:20.171,52976.31690013,GIRAFFE,ESO-VLT-U2,ADP.2019-01-31T23:53:44.345.fits,072.C-0348(A),SCIENCE_RBNSPEC_STACK,,,,84.5849166666652,-69.2285555555544
ADP.2019-01-31T23_53_44.350.fits,pos095,2003-12-03T07:36:20.171,52976.31690013,GIRAFFE,ESO-VLT-U2,ADP.2019-01-31T23:53:44.350.fits,072.C-0348(A),SCIENCE_RBNSPEC_STACK,,,,84.4573333333319,-69.1796388888877
ADP.2019-01-31T23_53_44.355.fits,pos071,2003-12-03T08:13:17.621,52976.34256507,GIRAFFE,ESO-VLT-U2,ADP.2019-01-31T23:53:44.355.fits,072.C-0348(A),SCIENCE_RBNSPEC_STACK,,,,84.7409583333319,-69.0384722222211
ADP.2019-01-31T23_53_44.364.fits,t25,2003-12-03T03:42:56.961,52976.15482594,GIRAFFE,ESO-VLT-U2,ADP.2019-01-31T23:53:44.364.fits,072.C-0348(A),SCIENCE_RBNSPEC_STACK,,,,84.5348333333319,-69.1666388888877
ADP.2019-01-31T23_53_44.368.fits,pos012,2003-12-03T07:36:20.171,52976.31690013,GIRAFFE,ESO-VLT-U2,ADP.2019-01-31T23:53:44.368.fits,072.C-0348(A),SCIENCE_RBNSPEC_STACK,,,,84.6440833333319,-69.0824722222211
ADP.2019-01-31T23_53_44.373.fits,u05,2003-12-03T05:54:18.706,52976.24604984,GIRAFFE,ESO-VLT-U2,ADP.2019-01-31T23:53:44.373.fits,072.C-0348(A),SCIENCE_RBNSPEC_STACK,,,,84.8462916666652,-69.1221944444433
ADP.2019-01-31T23_53_44.377.fits,t17,2003-12-03T06:23:27.943,52976.26629564,GIRAFFE,ESO-VLT-U2,ADP.2019-01-31T23:53:44.377.fits,072.C-0348(A),SCIENCE_RBNSPEC_STACK,,,,84.5971249999985,-69.1666388888877
ADP.2019-01-31T23_53_44.381.fits,pos068,2003-12-03T07:36:20.171,52976.31690013,GIRAFFE,ESO-VLT-U2,ADP.2019-01-31T23:53:44.381.fits,072.C-0348(A),SCIENCE_RBNSPEC_STACK,,,,84.8513749999986,-69.0875833333322
ADP.2019-01-31T23_53_44.394.fits,t30,2003-12-03T06:23:27.943,52976.26629564,GIRAFFE,ESO-VLT-U2,ADP.2019-01-31T23:53:44.394.fits,072.C-0348(A),SCIENCE_RBNSPEC_STACK,,,,84.6438333333319,-69.0666388888877
ADP.2019-01-31T23_53_44.406.fits,pos105,2003-12-03T06:59:35.192,52976.29137954,GIRAFFE,ESO-VLT-U2,ADP.2019-01-31T23:53:44.406.fits,072.C-0348(A),SCIENCE_RBNSPEC_STACK,,,,84.4764999999986,-69.1260555555544
ADP.2019-01-31T23_53_44.411.fits,pos111,2003-12-03T08:13:17.621,52976.34256507,GIRAFFE,ESO-VLT-U2,ADP.2019-01-31T23:53:44.411.fits,072.C-0348(A),SCIENCE_RBNSPEC_STACK,,,,84.5764166666652,-69.2141944444433
ADP.2019-01-31T23_53_44.416.fits,t26,2003-12-03T06:23:27.943,52976.26629564,GIRAFFE,ESO-VLT-U2,ADP.2019-01-31T23:53:44.416.fits,072.C-0348(A),SCIENCE_RBNSPEC_STACK,,,,84.6127083333319,-69.0666388888877
ADP.2019-01-31T23_53_44.420.fits,pos064,2003-12-03T06:59:35.192,52976.29137954,GIRAFFE,ESO-VLT-U2,ADP.2019-01-31T23:53:44.420.fits,072.C-0348(A),SCIENCE_RBNSPEC_STACK,,,,84.7704583333319,-69.0979999999988
ADP.2019-01-31T23_53_44.433.fits,t45,2003-12-03T03:42:56.961,52976.15482594,GIRAFFE,ESO-VLT-U2,ADP.2019-01-31T23:53:44.433.fits,072.C-0348(A),SCIENCE_RBNSPEC_STACK,,,,84.6282499999986,-69.0333055555544
ADP.2019-01-31T23_53_44.437.fits,pos082,2003-12-03T08:13:17.621,52976.34256507,GIRAFFE,ESO-VLT-U2,ADP.2019-01-31T23:53:44.437.fits,072.C-0348(A),SCIENCE_RBNSPEC_STACK,,,,84.6552916666652,-69.0602499999988
ADP.2019-01-31T23_53_44.442.fits,t24,2003-12-03T06:23:27.943,52976.26629564,GIRAFFE,ESO-VLT-U2,ADP.2019-01-31T23:53:44.442.fits,072.C-0348(A),SCIENCE_RBNSPEC_STACK,,,,84.6127083333319,-69.1110833333322
ADP.2019-01-31T23_53_44.450.fits,pos029,2003-12-03T07:36:20.171,52976.31690013,GIRAFFE,ESO-VLT-U2,ADP.2019-01-31T23:53:44.450.fits,072.C-0348(A),SCIENCE_RBNSPEC_STACK,,,,84.4964583333319,-69.0903333333322
ADP.2019-01-31T23_53_44.479.fits,t60,2003-12-03T06:23:27.943,52976.26629564,GIRAFFE,ESO-VLT-U2,ADP.2019-01-31T23:53:44.479.fits,072.C-0348(A),SCIENCE_RBNSPEC_STACK,,,,84.7995833333319,-69.1777499999989
ADP.2019-01-31T23_53_44.487.fits,t47,2003-12-03T01:44:39.244,52976.07267644,GIRAFFE,ESO-VLT-U2,ADP.2019-01-31T23:53:44.487.fits,072.C-0348(A),SCIENCE_RBNSPEC_STACK,,,,84.6594166666653,-69.1221944444433
ADP.2019-01-31T23_53_44.495.fits,pos030,2003-12-03T07:36:20.171,52976.31690013,GIRAFFE,ESO-VLT-U2,ADP.2019-01-31T23:53:44.495.fits,072.C-0348(A),SCIENCE_RBNSPEC_STACK,,,,84.4849999999986,-69.0966388888877
ADP.2019-01-31T23_53_44.516.fits,pos033,2003-12-03T06:59:35.192,52976.29137954,GIRAFFE,ESO-VLT-U2,ADP.2019-01-31T23:53:44.516.fits,072.C-0348(A),SCIENCE_RBNSPEC_STACK,,,,84.6876666666652,-69.1152499999988
ADP.2019-01-31T23_53_44.521.fits,pos113,2003-12-03T06:59:35.192,52976.29137954,GIRAFFE,ESO-VLT-U2,ADP.2019-01-31T23:53:44.521.fits,072.C-0348(A),SCIENCE_RBNSPEC_STACK,,,,84.5398749999986,-69.1059166666655
ADP.2019-01-31T23_53_44.542.fits,pos062,2003-12-03T07:36:20.171,52976.31690013,GIRAFFE,ESO-VLT-U2,ADP.2019-01-31T23:53:44.542.fits,072.C-0348(A),SCIENCE_RBNSPEC_STACK,,,,84.7745833333319,-69.0902222222211
ADP.2019-01-31T23_53_44.547.fits,pos075,2003-12-03T08:13:17.621,52976.34256507,GIRAFFE,ESO-VLT-U2,ADP.2019-01-31T23:53:44.547.fits,072.C-0348(A),SCIENCE_RBNSPEC_STACK,,,,84.7082083333319,-69.1202499999988
ADP.2019-01-31T23_53_44.552.fits,pos021,2003-12-03T06:59:35.192,52976.29137954,GIRAFFE,ESO-VLT-U2,ADP.2019-01-31T23:53:44.552.fits,072.C-0348(A),SCIENCE_RBNSPEC_STACK,,,,84.5907916666652,-69.0497777777766
ADP.2019-01-31T23_53_44.557.fits,pos004,2003-12-03T06:59:35.192,52976.29137954,GIRAFFE,ESO-VLT-U2,ADP.2019-01-31T23:53:44.557.fits,072.C-0348(A),SCIENCE_RBNSPEC_STACK,,,,84.7291666666652,-69.0837777777766
ADP.2019-01-31T23_53_44.570.fits,pos015,2003-12-03T06:59:35.192,52976.29137954,GIRAFFE,ESO-VLT-U2,ADP.2019-01-31T23:53:44.570.fits,072.C-0348(A),SCIENCE_RBNSPEC_STACK,,,,84.6586249999986,-69.0722777777766
ADP.2019-01-31T23_53_44.575.fits,t11,2003-12-03T06:23:27.943,52976.26629564,GIRAFFE,ESO-VLT-U2,ADP.2019-01-31T23:53:44.575.fits,072.C-0348(A),SCIENCE_RBNSPEC_STACK,,,,84.5348333333319,-69.1777499999989
ADP.2019-01-31T23_53_44.579.fits,t03,2003-12-03T06:23:27.943,52976.26629564,GIRAFFE,ESO-VLT-U2,ADP.2019-01-31T23:53:44.579.fits,072.C-0348(A),SCIENCE_RBNSPEC_STACK,,,,84.4725416666653,-69.1777499999989
ADP.2019-01-31T23_53_44.583.fits,pos100,2003-12-03T07:36:20.171,52976.31690013,GIRAFFE,ESO-VLT-U2,ADP.2019-01-31T23:53:44.583.fits,072.C-0348(A),SCIENCE_RBNSPEC_STACK,,,,84.6821249999985,-69.0054999999988
ADP.2019-01-31T23_53_44.588.fits,pos029,2003-12-03T08:13:17.621,52976.34256507,GIRAFFE,ESO-VLT-U2,ADP.2019-01-31T23:53:44.588.fits,072.C-0348(A),SCIENCE_RBNSPEC_STACK,,,,84.4964583333319,-69.0903333333322
ADP.2019-01-31T23_53_44.597.fits,pos006,2003-12-03T08:13:17.621,52976.34256507,GIRAFFE,ESO-VLT-U2,ADP.2019-01-31T23:53:44.597.fits,072.C-0348(A),SCIENCE_RBNSPEC_STACK,,,,84.7250416666652,-69.0923888888877
ADP.2019-01-31T23_53_44.602.fits,u08,2003-12-03T05:54:18.706,52976.24604984,GIRAFFE,ESO-VLT-U2,ADP.2019-01-31T23:53:44.602.fits,072.C-0348(A),SCIENCE_RBNSPEC_STACK,,,,84.8929999999986,-69.1777499999989
ADP.2019-01-31T23_53_44.606.fits,pos052,2003-12-03T06:59:35.192,52976.29137954,GIRAFFE,ESO-VLT-U2,ADP.2019-01-31T23:53:44.606.fits,072.C-0348(A),SCIENCE_RBNSPEC_STACK,,,,84.8264999999986,-69.1338055555544
ADP.2019-01-31T23_53_44.611.fits,u18,2003-12-03T01:44:39.244,52976.07267644,GIRAFFE,ESO-VLT-U2,ADP.2019-01-31T23:53:44.611.fits,072.C-0348(A),SCIENCE_RBNSPEC_STACK,,,,84.7839999999986,-69.0444166666655
ADP.2019-01-31T23_53_44.615.fits,pos097,2003-12-03T07:36:20.171,52976.31690013,GIRAFFE,ESO-VLT-U2,ADP.2019-01-31T23:53:44.615.fits,072.C-0348(A),SCIENCE_RBNSPEC_STACK,,,,84.6660833333319,-69.02036111111
ADP.2019-01-31T23_53_44.628.fits,pos047,2003-12-03T07:36:20.171,52976.31690013,GIRAFFE,ESO-VLT-U2,ADP.2019-01-31T23:53:44.628.fits,072.C-0348(A),SCIENCE_RBNSPEC_STACK,,,,84.7942916666652,-69.1367777777766
ADP.2019-01-31T23_53_44.633.fits,pos096,2003-12-03T08:13:17.621,52976.34256507,GIRAFFE,ESO-VLT-U2,ADP.2019-01-31T23:53:44.633.fits,072.C-0348(A),SCIENCE_RBNSPEC_STACK,,,,84.4287499999986,-69.1796666666655
ADP.2019-01-31T23_53_44.650.fits,t44,2003-12-03T03:42:56.961,52976.15482594,GIRAFFE,ESO-VLT-U2,ADP.2019-01-31T23:53:44.650.fits,072.C-0348(A),SCIENCE_RBNSPEC_STACK,,,,84.6282499999986,-69.0444166666655
ADP.2019-01-31T23_53_44.658.fits,pos033,2003-12-03T07:36:20.171,52976.31690013,GIRAFFE,ESO-VLT-U2,ADP.2019-01-31T23:53:44.658.fits,072.C-0348(A),SCIENCE_RBNSPEC_STACK,,,,84.6876666666652,-69.1152499999988
ADP.2019-01-31T23_53_44.663.fits,pos083,2003-12-03T06:59:35.192,52976.29137954,GIRAFFE,ESO-VLT-U2,ADP.2019-01-31T23:53:44.663.fits,072.C-0348(A),SCIENCE_RBNSPEC_STACK,,,,84.6874166666652,-69.080722222221
ADP.2019-01-31T23_53_44.668.fits,pos017,2003-12-03T06:59:35.192,52976.29137954,GIRAFFE,ESO-VLT-U2,ADP.2019-01-31T23:53:44.668.fits,072.C-0348(A),SCIENCE_RBNSPEC_STACK,,,,84.6474999999986,-69.0635833333322
ADP.2019-01-31T23_53_44.673.fits,pos036,2003-12-03T06:59:35.192,52976.29137954,GIRAFFE,ESO-VLT-U2,ADP.2019-01-31T23:53:44.673.fits,072.C-0348(A),SCIENCE_RBNSPEC_STACK,,,,84.6720833333319,-69.1262777777766
ADP.2019-01-31T23_53_44.678.fits,pos092,2003-12-03T08:13:17.621,52976.34256507,GIRAFFE,ESO-VLT-U2,ADP.2019-01-31T23:53:44.678.fits,072.C-0348(A),SCIENCE_RBNSPEC_STACK,,,,84.5849166666652,-69.2285555555544
ADP.2019-01-31T23_53_44.683.fits,t05,2003-12-03T01:44:39.244,52976.07267644,GIRAFFE,ESO-VLT-U2,ADP.2019-01-31T23:53:44.683.fits,072.C-0348(A),SCIENCE_RBNSPEC_STACK,,,,84.4413749999986,-69.099972222221
ADP.2019-01-31T23_53_44.691.fits,t27,2003-12-03T03:42:56.961,52976.15482594,GIRAFFE,ESO-VLT-U2,ADP.2019-01-31T23:53:44.691.fits,072.C-0348(A),SCIENCE_RBNSPEC_STACK,,,,84.5348333333319,-69.1221944444433
ADP.2019-01-31T23_53_44.695.fits,t43,2003-12-03T05:54:18.706,52976.24604984,GIRAFFE,ESO-VLT-U2,ADP.2019-01-31T23:53:44.695.fits,072.C-0348(A),SCIENCE_RBNSPEC_STACK,,,,84.7217083333319,-69.1777499999989
ADP.2019-01-31T23_53_44.699.fits,pos014,2003-12-03T08:13:17.621,52976.34256507,GIRAFFE,ESO-VLT-U2,ADP.2019-01-31T23:53:44.699.fits,072.C-0348(A),SCIENCE_RBNSPEC_STACK,,,,84.6554999999986,-69.0771944444433
ADP.2019-01-31T23_53_44.704.fits,t13,2003-12-03T06:23:27.943,52976.26629564,GIRAFFE,ESO-VLT-U2,ADP.2019-01-31T23:53:44.704.fits,072.C-0348(A),SCIENCE_RBNSPEC_STACK,,,,84.5659583333319,-69.1777499999989
ADP.2019-01-31T23_53_44.712.fits,t12,2003-12-03T05:54:18.706,52976.24604984,GIRAFFE,ESO-VLT-U2,ADP.2019-01-31T23:53:44.712.fits,072.C-0348(A),SCIENCE_RBNSPEC_STACK,,,,84.5504166666652,-69.1777499999989
ADP.2019-01-31T23_53_44.716.fits,u21,2003-12-03T01:44:39.244,52976.07267644,GIRAFFE,ESO-VLT-U2,ADP.2019-01-31T23:53:44.716.fits,072.C-0348(A),SCIENCE_RBNSPEC_STACK,,,,84.8151249999986,-69.1444166666655
ADP.2019-01-31T23_53_44.720.fits,pos020,2003-12-03T07:36:20.171,52976.31690013,GIRAFFE,ESO-VLT-U2,ADP.2019-01-31T23:53:44.720.fits,072.C-0348(A),SCIENCE_RBNSPEC_STACK,,,,84.5796666666652,-69.0534722222211
ADP.2019-01-31T23_53_44.725.fits,u08,2003-12-03T06:23:27.943,52976.26629564,GIRAFFE,ESO-VLT-U2,ADP.2019-01-31T23:53:44.725.fits,072.C-0348(A),SCIENCE_RBNSPEC_STACK,,,,84.8929999999986,-69.1777499999989
ADP.2019-01-31T23_53_44.749.fits,t21,2003-12-03T06:23:27.943,52976.26629564,GIRAFFE,ESO-VLT-U2,ADP.2019-01-31T23:53:44.749.fits,072.C-0348(A),SCIENCE_RBNSPEC_STACK,,,,84.5971249999985,-69.1221944444433
ADP.2019-01-31T23_53_44.753.fits,pos099,2003-12-03T07:36:20.171,52976.31690013,GIRAFFE,ESO-VLT-U2,ADP.2019-01-31T23:53:44.753.fits,072.C-0348(A),SCIENCE_RBNSPEC_STACK,,,,84.6601249999986,-69.0108611111099
ADP.2019-01-31T23_53_44.782.fits,t49,2003-12-03T05:54:18.706,52976.24604984,GIRAFFE,ESO-VLT-U2,ADP.2019-01-31T23:53:44.782.fits,072.C-0348(A),SCIENCE_RBNSPEC_STACK,,,,84.7528333333319,-69.1221944444433
ADP.2019-01-31T23_53_44.806.fits,pos016,2003-12-03T06:59:35.192,52976.29137954,GIRAFFE,ESO-VLT-U2,ADP.2019-01-31T23:53:44.806.fits,072.C-0348(A),SCIENCE_RBNSPEC_STACK,,,,84.6599166666652,-69.0659999999988
ADP.2019-01-31T23_53_44.835.fits,u33,2003-12-03T03:42:56.961,52976.15482594,GIRAFFE,ESO-VLT-U2,ADP.2019-01-31T23:53:44.835.fits,072.C-0348(A),SCIENCE_RBNSPEC_STACK,,,,84.8774583333319,-69.099972222221
ADP.2019-01-31T23_53_44.839.fits,pos060,2003-12-03T08:13:17.621,52976.34256507,GIRAFFE,ESO-VLT-U2,ADP.2019-01-31T23:53:44.839.fits,072.C-0348(A),SCIENCE_RBNSPEC_STACK,,,,84.8504583333319,-69.1023888888877
ADP.2019-01-31T23_53_44.844.fits,t35,2003-12-03T01:44:39.244,52976.07267644,GIRAFFE,ESO-VLT-U2,ADP.2019-01-31T23:53:44.844.fits,072.C-0348(A),SCIENCE_RBNSPEC_STACK,,,,84.5659583333319,-69.0333055555544
ADP.2019-01-31T23_53_44.848.fits,t09,2003-12-03T06:23:27.943,52976.26629564,GIRAFFE,ESO-VLT-U2,ADP.2019-01-31T23:53:44.848.fits,072.C-0348(A),SCIENCE_RBNSPEC_STACK,,,,84.5036666666652,-69.0666388888877
ADP.2019-01-31T23_53_44.860.fits,u12,2003-12-03T05:54:18.706,52976.24604984,GIRAFFE,ESO-VLT-U2,ADP.2019-01-31T23:53:44.860.fits,072.C-0348(A),SCIENCE_RBNSPEC_STACK,,,,84.9241666666652,-69.1777499999989
ADP.2019-01-31T23_53_44.864.fits,pos006,2003-12-03T06:59:35.192,52976.29137954,GIRAFFE,ESO-VLT-U2,ADP.2019-01-31T23:53:44.864.fits,072.C-0348(A),SCIENCE_RBNSPEC_STACK,,,,84.7250416666652,-69.0923888888877
ADP.2019-01-31T23_53_44.869.fits,pos088,2003-12-03T06:59:35.192,52976.29137954,GIRAFFE,ESO-VLT-U2,ADP.2019-01-31T23:53:44.869.fits,072.C-0348(A),SCIENCE_RBNSPEC_STACK,,,,84.5418749999986,-69.1336388888877
ADP.2019-01-31T23_53_44.874.fits,t12,2003-12-03T01:44:39.244,52976.07267644,GIRAFFE,ESO-VLT-U2,ADP.2019-01-31T23:53:44.874.fits,072.C-0348(A),SCIENCE_RBNSPEC_STACK,,,,84.4413749999986,-69.0221944444433
ADP.2019-01-31T23_53_44.878.fits,pos089,2003-12-03T08:13:17.621,52976.34256507,GIRAFFE,ESO-VLT-U2,ADP.2019-01-31T23:53:44.878.fits,072.C-0348(A),SCIENCE_RBNSPEC_STACK,,,,84.6809166666652,-69.0710833333322
ADP.2019-01-31T23_53_44.891.fits,t18,2003-12-03T05:54:18.706,52976.24604984,GIRAFFE,ESO-VLT-U2,ADP.2019-01-31T23:53:44.891.fits,072.C-0348(A),SCIENCE_RBNSPEC_STACK,,,,84.6127083333319,-69.1666388888877
ADP.2019-01-31T23_53_44.895.fits,pos058,2003-12-03T08:13:17.621,52976.34256507,GIRAFFE,ESO-VLT-U2,ADP.2019-01-31T23:53:44.895.fits,072.C-0348(A),SCIENCE_RBNSPEC_STACK,,,,84.8607916666652,-69.0996111111099
ADP.2019-01-31T23_53_44.900.fits,pos064,2003-12-03T08:13:17.621,52976.34256507,GIRAFFE,ESO-VLT-U2,ADP.2019-01-31T23:53:44.900.fits,072.C-0348(A),SCIENCE_RBNSPEC_STACK,,,,84.7704583333319,-69.0979999999988
ADP.2019-01-31T23_53_44.905.fits,pos019,2003-12-03T08:13:17.621,52976.34256507,GIRAFFE,ESO-VLT-U2,ADP.2019-01-31T23:53:44.905.fits,072.C-0348(A),SCIENCE_RBNSPEC_STACK,,,,84.5702916666653,-69.05661111111
ADP.2019-01-31T23_53_44.910.fits,t50,2003-12-03T01:44:39.244,52976.07267644,GIRAFFE,ESO-VLT-U2,ADP.2019-01-31T23:53:44.910.fits,072.C-0348(A),SCIENCE_RBNSPEC_STACK,,,,84.6594166666653,-69.0666388888877
ADP.2019-01-31T23_53_44.918.fits,pos046,2003-12-03T08:13:17.621,52976.34256507,GIRAFFE,ESO-VLT-U2,ADP.2019-01-31T23:53:44.918.fits,072.C-0348(A),SCIENCE_RBNSPEC_STACK,,,,84.7854583333319,-69.1384722222211
ADP.2019-01-31T23_53_44.939.fits,t08,2003-12-03T05:54:18.706,52976.24604984,GIRAFFE,ESO-VLT-U2,ADP.2019-01-31T23:53:44.939.fits,072.C-0348(A),SCIENCE_RBNSPEC_STACK,,,,84.5192499999986,-69.1777499999989
ADP.2019-01-31T23_53_44.946.fits,u42,2003-12-03T01:44:39.244,52976.07267644,GIRAFFE,ESO-VLT-U2,ADP.2019-01-31T23:53:44.946.fits,072.C-0348(A),SCIENCE_RBNSPEC_STACK,,,,84.9085833333319,-69.0666388888877
ADP.2019-01-31T23_53_44.954.fits,pos038,2003-12-03T08:13:17.621,52976.34256507,GIRAFFE,ESO-VLT-U2,ADP.2019-01-31T23:53:44.954.fits,072.C-0348(A),SCIENCE_RBNSPEC_STACK,,,,84.7397083333319,-69.1387499999988
ADP.2019-01-31T23_53_44.959.fits,pos053,2003-12-03T07:36:20.171,52976.31690013,GIRAFFE,ESO-VLT-U2,ADP.2019-01-31T23:53:44.959.fits,072.C-0348(A),SCIENCE_RBNSPEC_STACK,,,,84.8456666666652,-69.1237777777766
ADP.2019-01-31T23_53_44.964.fits,t41,2003-12-03T05:54:18.706,52976.24604984,GIRAFFE,ESO-VLT-U2,ADP.2019-01-31T23:53:44.964.fits,072.C-0348(A),SCIENCE_RBNSPEC_STACK,,,,84.6905416666652,-69.0888611111099
ADP.2019-01-31T23_53_44.968.fits,pos048,2003-12-03T06:59:35.192,52976.29137954,GIRAFFE,ESO-VLT-U2,ADP.2019-01-31T23:53:44.968.fits,072.C-0348(A),SCIENCE_RBNSPEC_STACK,,,,84.8036666666652,-69.1358611111099
ADP.2019-01-31T23_53_44.973.fits,t03,2003-12-03T05:54:18.706,52976.24604984,GIRAFFE,ESO-VLT-U2,ADP.2019-01-31T23:53:44.973.fits,072.C-0348(A),SCIENCE_RBNSPEC_STACK,,,,84.4725416666653,-69.1777499999989
ADP.2019-01-31T23_53_44.977.fits,u03,2003-12-03T05:54:18.706,52976.24604984,GIRAFFE,ESO-VLT-U2,ADP.2019-01-31T23:53:44.977.fits,072.C-0348(A),SCIENCE_RBNSPEC_STACK,,,,84.8462916666652,-69.1777499999989
ADP.2019-01-31T23_53_44.981.fits,t04,2003-12-03T05:54:18.706,52976.24604984,GIRAFFE,ESO-VLT-U2,ADP.2019-01-31T23:53:44.981.fits,072.C-0348(A),SCIENCE_RBNSPEC_STACK,,,,84.4880833333319,-69.1777499999989
ADP.2019-01-31T23_53_44.985.fits,pos094,2003-12-03T06:59:35.192,52976.29137954,GIRAFFE,ESO-VLT-U2,ADP.2019-01-31T23:53:44.985.fits,072.C-0348(A),SCIENCE_RBNSPEC_STACK,,,,84.4316249999985,-69.1702222222211
ADP.2019-01-31T23_53_44.990.fits,pos079,2003-12-03T08:13:17.621,52976.34256507,GIRAFFE,ESO-VLT-U2,ADP.2019-01-31T23:53:44.990.fits,072.C-0348(A),SCIENCE_RBNSPEC_STACK,,,,84.6320833333319,-69.1225555555544
ADP.2019-01-31T23_53_45.007.fits,u29,2003-12-03T03:42:56.961,52976.15482594,GIRAFFE,ESO-VLT-U2,ADP.2019-01-31T23:53:45.007.fits,072.C-0348(A),SCIENCE_RBNSPEC_STACK,,,,84.8774583333319,-69.1555277777766
ADP.2019-01-31T23_53_45.011.fits,pos076,2003-12-03T06:59:35.192,52976.29137954,GIRAFFE,ESO-VLT-U2,ADP.2019-01-31T23:53:45.011.fits,072.C-0348(A),SCIENCE_RBNSPEC_STACK,,,,84.4966249999986,-69.13386111111
ADP.2019-01-31T23_53_45.016.fits,t51,2003-12-03T06:23:27.943,52976.26629564,GIRAFFE,ESO-VLT-U2,ADP.2019-01-31T23:53:45.016.fits,072.C-0348(A),SCIENCE_RBNSPEC_STACK,,,,84.7528333333319,-69.0777499999988
ADP.2019-01-31T23_53_45.020.fits,pos005,2003-12-03T08:13:17.621,52976.34256507,GIRAFFE,ESO-VLT-U2,ADP.2019-01-31T23:53:45.020.fits,072.C-0348(A),SCIENCE_RBNSPEC_STACK,,,,84.7465416666652,-69.0858055555544
ADP.2019-01-31T23_53_45.033.fits,pos033,2003-12-03T08:13:17.621,52976.34256507,GIRAFFE,ESO-VLT-U2,ADP.2019-01-31T23:53:45.033.fits,072.C-0348(A),SCIENCE_RBNSPEC_STACK,,,,84.6876666666652,-69.1152499999988
ADP.2019-01-31T23_53_45.066.fits,pos081,2003-12-03T08:13:17.621,52976.34256507,GIRAFFE,ESO-VLT-U2,ADP.2019-01-31T23:53:45.066.fits,072.C-0348(A),SCIENCE_RBNSPEC_STACK,,,,84.7367083333319,-69.0961666666655
ADP.2019-01-31T23_53_45.071.fits,pos010,2003-12-03T07:36:20.171,52976.31690013,GIRAFFE,ESO-VLT-U2,ADP.2019-01-31T23:53:45.071.fits,072.C-0348(A),SCIENCE_RBNSPEC_STACK,,,,84.6305833333319,-69.0944999999988
ADP.2019-01-31T23_53_45.076.fits,u01,2003-12-03T05:54:18.706,52976.24604984,GIRAFFE,ESO-VLT-U2,ADP.2019-01-31T23:53:45.076.fits,072.C-0348(A),SCIENCE_RBNSPEC_STACK,,,,84.8151249999986,-69.1777499999989
ADP.2019-01-31T23_53_45.080.fits,t59,2003-12-03T01:44:39.244,52976.07267644,GIRAFFE,ESO-VLT-U2,ADP.2019-01-31T23:53:45.080.fits,072.C-0348(A),SCIENCE_RBNSPEC_STACK,,,,84.6905416666652,-69.0555277777766
ADP.2019-01-31T23_53_45.084.fits,pos001,2003-12-03T07:36:20.171,52976.31690013,GIRAFFE,ESO-VLT-U2,ADP.2019-01-31T23:53:45.084.fits,072.C-0348(A),SCIENCE_RBNSPEC_STACK,,,,84.6876666666652,-69.0859999999988
ADP.2019-01-31T23_53_45.089.fits,u09,2003-12-03T01:44:39.244,52976.07267644,GIRAFFE,ESO-VLT-U2,ADP.2019-01-31T23:53:45.089.fits,072.C-0348(A),SCIENCE_RBNSPEC_STACK,,,,84.7839999999986,-69.1666388888877
ADP.2019-01-31T23_53_45.093.fits,pos078,2003-12-03T06:59:35.192,52976.29137954,GIRAFFE,ESO-VLT-U2,ADP.2019-01-31T23:53:45.093.fits,072.C-0348(A),SCIENCE_RBNSPEC_STACK,,,,84.5508749999986,-69.1489166666655
ADP.2019-01-31T23_53_45.130.fits,pos004,2003-12-03T08:13:17.621,52976.34256507,GIRAFFE,ESO-VLT-U2,ADP.2019-01-31T23:53:45.130.fits,072.C-0348(A),SCIENCE_RBNSPEC_STACK,,,,84.7291666666652,-69.0837777777766
ADP.2019-01-31T23_53_45.143.fits,u41,2003-12-03T01:44:39.244,52976.07267644,GIRAFFE,ESO-VLT-U2,ADP.2019-01-31T23:53:45.143.fits,072.C-0348(A),SCIENCE_RBNSPEC_STACK,,,,84.9085833333319,-69.0777499999988
ADP.2019-01-31T23_53_45.147.fits,pos025,2003-12-03T07:36:20.171,52976.31690013,GIRAFFE,ESO-VLT-U2,ADP.2019-01-31T23:53:45.147.fits,072.C-0348(A),SCIENCE_RBNSPEC_STACK,,,,84.5766249999986,-69.0383611111099
ADP.2019-01-31T23_53_45.152.fits,pos088,2003-12-03T08:13:17.621,52976.34256507,GIRAFFE,ESO-VLT-U2,ADP.2019-01-31T23:53:45.152.fits,072.C-0348(A),SCIENCE_RBNSPEC_STACK,,,,84.5418749999986,-69.1336388888877
ADP.2019-01-31T23_53_45.157.fits,u16,2003-12-03T03:42:56.961,52976.15482594,GIRAFFE,ESO-VLT-U2,ADP.2019-01-31T23:53:45.157.fits,072.C-0348(A),SCIENCE_RBNSPEC_STACK,,,,84.8151249999986,-69.0221944444433
ADP.2019-01-31T23_53_45.161.fits,pos096,2003-12-03T07:36:20.171,52976.31690013,GIRAFFE,ESO-VLT-U2,ADP.2019-01-31T23:53:45.161.fits,072.C-0348(A),SCIENCE_RBNSPEC_STACK,,,,84.4287499999986,-69.1796666666655
ADP.2019-01-31T23_53_45.166.fits,pos047,2003-12-03T08:13:17.621,52976.34256507,GIRAFFE,ESO-VLT-U2,ADP.2019-01-31T23:53:45.166.fits,072.C-0348(A),SCIENCE_RBNSPEC_STACK,,,,84.7942916666652,-69.1367777777766
ADP.2019-01-31T23_53_45.171.fits,pos093,2003-12-03T07:36:20.171,52976.31690013,GIRAFFE,ESO-VLT-U2,ADP.2019-01-31T23:53:45.171.fits,072.C-0348(A),SCIENCE_RBNSPEC_STACK,,,,84.4601666666652,-69.1701666666655
ADP.2019-01-31T23_53_45.192.fits,pos106,2003-12-03T08:13:17.621,52976.34256507,GIRAFFE,ESO-VLT-U2,ADP.2019-01-31T23:53:45.192.fits,072.C-0348(A),SCIENCE_RBNSPEC_STACK,,,,84.4454166666653,-69.1202499999988
ADP.2019-01-31T23_53_45.197.fits,pos117,2003-12-03T06:59:35.192,52976.29137954,GIRAFFE,ESO-VLT-U2,ADP.2019-01-31T23:53:45.197.fits,072.C-0348(A),SCIENCE_RBNSPEC_STACK,,,,84.8564999999986,-69.1939444444433
ADP.2019-01-31T23_53_45.202.fits,u05,2003-12-03T01:44:39.244,52976.07267644,GIRAFFE,ESO-VLT-U2,ADP.2019-01-31T23:53:45.202.fits,072.C-0348(A),SCIENCE_RBNSPEC_STACK,,,,84.7528333333319,-69.099972222221
ADP.2019-01-31T23_53_45.206.fits,t04,2003-12-03T03:42:56.961,52976.15482594,GIRAFFE,ESO-VLT-U2,ADP.2019-01-31T23:53:45.206.fits,072.C-0348(A),SCIENCE_RBNSPEC_STACK,,,,84.4725416666653,-69.1555277777766
ADP.2019-01-31T23_53_45.218.fits,t57,2003-12-03T06:23:27.943,52976.26629564,GIRAFFE,ESO-VLT-U2,ADP.2019-01-31T23:53:45.218.fits,072.C-0348(A),SCIENCE_RBNSPEC_STACK,,,,84.7528333333319,-69.0221944444433
ADP.2019-01-31T23_53_45.222.fits,pos026,2003-12-03T08:13:17.621,52976.34256507,GIRAFFE,ESO-VLT-U2,ADP.2019-01-31T23:53:45.222.fits,072.C-0348(A),SCIENCE_RBNSPEC_STACK,,,,84.5502083333319,-69.0372499999988
ADP.2019-01-31T23_53_45.235.fits,pos021,2003-12-03T08:13:17.621,52976.34256507,GIRAFFE,ESO-VLT-U2,ADP.2019-01-31T23:53:45.235.fits,072.C-0348(A),SCIENCE_RBNSPEC_STACK,,,,84.5907916666652,-69.0497777777766
ADP.2019-01-31T23_53_45.240.fits,pos054,2003-12-03T07:36:20.171,52976.31690013,GIRAFFE,ESO-VLT-U2,ADP.2019-01-31T23:53:45.240.fits,072.C-0348(A),SCIENCE_RBNSPEC_STACK,,,,84.8492499999986,-69.1187777777766
ADP.2019-01-31T23_53_45.253.fits,u12,2003-12-03T06:23:27.943,52976.26629564,GIRAFFE,ESO-VLT-U2,ADP.2019-01-31T23:53:45.253.fits,072.C-0348(A),SCIENCE_RBNSPEC_STACK,,,,84.9241666666652,-69.1777499999989
ADP.2019-01-31T23_53_45.261.fits,pos001,2003-12-03T06:59:35.192,52976.29137954,GIRAFFE,ESO-VLT-U2,ADP.2019-01-31T23:53:45.261.fits,072.C-0348(A),SCIENCE_RBNSPEC_STACK,,,,84.6876666666652,-69.0859999999988
ADP.2019-01-31T23_53_45.266.fits,pos067,2003-12-03T06:59:35.192,52976.29137954,GIRAFFE,ESO-VLT-U2,ADP.2019-01-31T23:53:45.266.fits,072.C-0348(A),SCIENCE_RBNSPEC_STACK,,,,84.7890416666653,-69.0757777777766
ADP.2019-01-31T23_53_45.271.fits,t20,2003-12-03T01:44:39.244,52976.07267644,GIRAFFE,ESO-VLT-U2,ADP.2019-01-31T23:53:45.271.fits,072.C-0348(A),SCIENCE_RBNSPEC_STACK,,,,84.5348333333319,-69.0888611111099
ADP.2019-01-31T23_53_45.283.fits,pos041,2003-12-03T06:59:35.192,52976.29137954,GIRAFFE,ESO-VLT-U2,ADP.2019-01-31T23:53:45.283.fits,072.C-0348(A),SCIENCE_RBNSPEC_STACK,,,,84.7007499999986,-69.1700555555544
ADP.2019-01-31T23_53_45.288.fits,pos111,2003-12-03T07:36:20.171,52976.31690013,GIRAFFE,ESO-VLT-U2,ADP.2019-01-31T23:53:45.288.fits,072.C-0348(A),SCIENCE_RBNSPEC_STACK,,,,84.5764166666652,-69.2141944444433
ADP.2019-01-31T23_53_45.293.fits,t07,2003-12-03T03:42:56.961,52976.15482594,GIRAFFE,ESO-VLT-U2,ADP.2019-01-31T23:53:45.293.fits,072.C-0348(A),SCIENCE_RBNSPEC_STACK,,,,84.4725416666653,-69.099972222221
ADP.2019-01-31T23_53_45.301.fits,pos108,2003-12-03T06:59:35.192,52976.29137954,GIRAFFE,ESO-VLT-U2,ADP.2019-01-31T23:53:45.301.fits,072.C-0348(A),SCIENCE_RBNSPEC_STACK,,,,84.3995833333319,-69.1121666666655
ADP.2019-01-31T23_53_45.306.fits,t48,2003-12-03T03:42:56.961,52976.15482594,GIRAFFE,ESO-VLT-U2,ADP.2019-01-31T23:53:45.306.fits,072.C-0348(A),SCIENCE_RBNSPEC_STACK,,,,84.6594166666653,-69.1555277777766
ADP.2019-01-31T23_53_45.326.fits,t11,2003-12-03T01:44:39.244,52976.07267644,GIRAFFE,ESO-VLT-U2,ADP.2019-01-31T23:53:45.326.fits,072.C-0348(A),SCIENCE_RBNSPEC_STACK,,,,84.4413749999986,-69.0333055555544
ADP.2019-01-31T23_53_45.330.fits,pos097,2003-12-03T06:59:35.192,52976.29137954,GIRAFFE,ESO-VLT-U2,ADP.2019-01-31T23:53:45.330.fits,072.C-0348(A),SCIENCE_RBNSPEC_STACK,,,,84.6660833333319,-69.02036111111
ADP.2019-01-31T23_53_45.343.fits,u25,2003-12-03T01:44:39.244,52976.07267644,GIRAFFE,ESO-VLT-U2,ADP.2019-01-31T23:53:45.343.fits,072.C-0348(A),SCIENCE_RBNSPEC_STACK,,,,84.8151249999986,-69.099972222221
ADP.2019-01-31T23_53_45.367.fits,pos102,2003-12-03T06:59:35.192,52976.29137954,GIRAFFE,ESO-VLT-U2,ADP.2019-01-31T23:53:45.367.fits,072.C-0348(A),SCIENCE_RBNSPEC_STACK,,,,84.9646666666652,-69.1109444444433
ADP.2019-01-31T23_53_45.372.fits,pos048,2003-12-03T07:36:20.171,52976.31690013,GIRAFFE,ESO-VLT-U2,ADP.2019-01-31T23:53:45.372.fits,072.C-0348(A),SCIENCE_RBNSPEC_STACK,,,,84.8036666666652,-69.1358611111099
ADP.2019-01-31T23_53_45.377.fits,pos104,2003-12-03T08:13:17.621,52976.34256507,GIRAFFE,ESO-VLT-U2,ADP.2019-01-31T23:53:45.377.fits,072.C-0348(A),SCIENCE_RBNSPEC_STACK,,,,84.8959583333319,-69.0839166666655
ADP.2019-01-31T23_53_45.382.fits,u06,2003-12-03T05:54:18.706,52976.24604984,GIRAFFE,ESO-VLT-U2,ADP.2019-01-31T23:53:45.382.fits,072.C-0348(A),SCIENCE_RBNSPEC_STACK,,,,84.8618749999986,-69.1221944444433
ADP.2019-01-31T23_53_45.386.fits,pos116,2003-12-03T06:59:35.192,52976.29137954,GIRAFFE,ESO-VLT-U2,ADP.2019-01-31T23:53:45.386.fits,072.C-0348(A),SCIENCE_RBNSPEC_STACK,,,,84.6619999999986,-69.1371111111099
ADP.2019-01-31T23_53_45.395.fits,pos077,2003-12-03T08:13:17.621,52976.34256507,GIRAFFE,ESO-VLT-U2,ADP.2019-01-31T23:53:45.395.fits,072.C-0348(A),SCIENCE_RBNSPEC_STACK,,,,84.5721666666652,-69.1583611111099
ADP.2019-01-31T23_53_45.400.fits,u12,2003-12-03T01:44:39.244,52976.07267644,GIRAFFE,ESO-VLT-U2,ADP.2019-01-31T23:53:45.400.fits,072.C-0348(A),SCIENCE_RBNSPEC_STACK,,,,84.7839999999986,-69.1333055555544
ADP.2019-01-31T23_53_45.404.fits,u15,2003-12-03T03:42:56.961,52976.15482594,GIRAFFE,ESO-VLT-U2,ADP.2019-01-31T23:53:45.404.fits,072.C-0348(A),SCIENCE_RBNSPEC_STACK,,,,84.8151249999986,-69.0333055555544
ADP.2019-01-31T23_53_45.408.fits,pos091,2003-12-03T07:36:20.171,52976.31690013,GIRAFFE,ESO-VLT-U2,ADP.2019-01-31T23:53:45.408.fits,072.C-0348(A),SCIENCE_RBNSPEC_STACK,,,,84.6275833333319,-69.2321111111099
ADP.2019-01-31T23_53_45.413.fits,u12,2003-12-03T03:42:56.961,52976.15482594,GIRAFFE,ESO-VLT-U2,ADP.2019-01-31T23:53:45.413.fits,072.C-0348(A),SCIENCE_RBNSPEC_STACK,,,,84.7839999999986,-69.0221944444433
ADP.2019-01-31T23_53_45.433.fits,pos010,2003-12-03T08:13:17.621,52976.34256507,GIRAFFE,ESO-VLT-U2,ADP.2019-01-31T23:53:45.433.fits,072.C-0348(A),SCIENCE_RBNSPEC_STACK,,,,84.6305833333319,-69.0944999999988
ADP.2019-01-31T23_53_45.442.fits,t47,2003-12-03T05:54:18.706,52976.24604984,GIRAFFE,ESO-VLT-U2,ADP.2019-01-31T23:53:45.442.fits,072.C-0348(A),SCIENCE_RBNSPEC_STACK,,,,84.7528333333319,-69.1777499999989
ADP.2019-01-31T23_53_45.446.fits,pos061,2003-12-03T07:36:20.171,52976.31690013,GIRAFFE,ESO-VLT-U2,ADP.2019-01-31T23:53:45.446.fits,072.C-0348(A),SCIENCE_RBNSPEC_STACK,,,,84.7605833333319,-69.08911111111
ADP.2019-01-31T23_53_45.459.fits,u36,2003-12-03T01:44:39.244,52976.07267644,GIRAFFE,ESO-VLT-U2,ADP.2019-01-31T23:53:45.459.fits,072.C-0348(A),SCIENCE_RBNSPEC_STACK,,,,84.9085833333319,-69.1333055555544
ADP.2019-01-31T23_53_45.487.fits,u18,2003-12-03T03:42:56.961,52976.15482594,GIRAFFE,ESO-VLT-U2,ADP.2019-01-31T23:53:45.487.fits,072.C-0348(A),SCIENCE_RBNSPEC_STACK,,,,84.8462916666652,-69.1555277777766
ADP.2019-01-31T23_53_45.491.fits,pos029,2003-12-03T06:59:35.192,52976.29137954,GIRAFFE,ESO-VLT-U2,ADP.2019-01-31T23:53:45.491.fits,072.C-0348(A),SCIENCE_RBNSPEC_STACK,,,,84.4964583333319,-69.0903333333322
ADP.2019-01-31T23_53_45.496.fits,pos019,2003-12-03T07:36:20.171,52976.31690013,GIRAFFE,ESO-VLT-U2,ADP.2019-01-31T23:53:45.496.fits,072.C-0348(A),SCIENCE_RBNSPEC_STACK,,,,84.5702916666653,-69.05661111111
ADP.2019-01-31T23_53_45.501.fits,pos101,2003-12-03T08:13:17.621,52976.34256507,GIRAFFE,ESO-VLT-U2,ADP.2019-01-31T23:53:45.501.fits,072.C-0348(A),SCIENCE_RBNSPEC_STACK,,,,84.9421249999986,-69.1295277777766
ADP.2019-01-31T23_53_45.506.fits,t06,2003-12-03T01:44:39.244,52976.07267644,GIRAFFE,ESO-VLT-U2,ADP.2019-01-31T23:53:45.506.fits,072.C-0348(A),SCIENCE_RBNSPEC_STACK,,,,84.4413749999986,-69.0888611111099
ADP.2019-01-31T23_53_45.510.fits,pos102,2003-12-03T08:13:17.621,52976.34256507,GIRAFFE,ESO-VLT-U2,ADP.2019-01-31T23:53:45.510.fits,072.C-0348(A),SCIENCE_RBNSPEC_STACK,,,,84.9646666666652,-69.1109444444433
ADP.2019-01-31T23_53_45.523.fits,pos102,2003-12-03T07:36:20.171,52976.31690013,GIRAFFE,ESO-VLT-U2,ADP.2019-01-31T23:53:45.523.fits,072.C-0348(A),SCIENCE_RBNSPEC_STACK,,,,84.9646666666652,-69.1109444444433
ADP.2019-01-31T23_53_45.528.fits,u08,2003-12-03T03:42:56.961,52976.15482594,GIRAFFE,ESO-VLT-U2,ADP.2019-01-31T23:53:45.528.fits,072.C-0348(A),SCIENCE_RBNSPEC_STACK,,,,84.7528333333319,-69.1110833333322
ADP.2019-01-31T23_53_45.532.fits,t24,2003-12-03T01:44:39.244,52976.07267644,GIRAFFE,ESO-VLT-U2,ADP.2019-01-31T23:53:45.532.fits,072.C-0348(A),SCIENCE_RBNSPEC_STACK,,,,84.5348333333319,-69.0444166666655
ADP.2019-01-31T23_53_45.536.fits,t14,2003-12-03T01:44:39.244,52976.07267644,GIRAFFE,ESO-VLT-U2,ADP.2019-01-31T23:53:45.536.fits,072.C-0348(A),SCIENCE_RBNSPEC_STACK,,,,84.4725416666653,-69.1333055555544
ADP.2019-01-31T23_53_45.548.fits,t34,2003-12-03T06:23:27.943,52976.26629564,GIRAFFE,ESO-VLT-U2,ADP.2019-01-31T23:53:45.548.fits,072.C-0348(A),SCIENCE_RBNSPEC_STACK,,,,84.6749999999986,-69.099972222221
ADP.2019-01-31T23_53_45.552.fits,t27,2003-12-03T05:54:18.706,52976.24604984,GIRAFFE,ESO-VLT-U2,ADP.2019-01-31T23:53:45.552.fits,072.C-0348(A),SCIENCE_RBNSPEC_STACK,,,,84.6282499999986,-69.1777499999989
ADP.2019-01-31T23_53_45.556.fits,u01,2003-12-03T03:42:56.961,52976.15482594,GIRAFFE,ESO-VLT-U2,ADP.2019-01-31T23:53:45.556.fits,072.C-0348(A),SCIENCE_RBNSPEC_STACK,,,,84.7217083333319,-69.0666388888877
ADP.2019-01-31T23_53_45.560.fits,pos061,2003-12-03T06:59:35.192,52976.29137954,GIRAFFE,ESO-VLT-U2,ADP.2019-01-31T23:53:45.560.fits,072.C-0348(A),SCIENCE_RBNSPEC_STACK,,,,84.7605833333319,-69.08911111111
ADP.2019-01-31T23_53_45.573.fits,t53,2003-12-03T06:23:27.943,52976.26629564,GIRAFFE,ESO-VLT-U2,ADP.2019-01-31T23:53:45.573.fits,072.C-0348(A),SCIENCE_RBNSPEC_STACK,,,,84.7528333333319,-69.0666388888877
ADP.2019-01-31T23_53_45.577.fits,pos099,2003-12-03T08:13:17.621,52976.34256507,GIRAFFE,ESO-VLT-U2,ADP.2019-01-31T23:53:45.577.fits,072.C-0348(A),SCIENCE_RBNSPEC_STACK,,,,84.6601249999986,-69.0108611111099
ADP.2019-01-31T23_53_45.582.fits,pos100,2003-12-03T06:59:35.192,52976.29137954,GIRAFFE,ESO-VLT-U2,ADP.2019-01-31T23:53:45.582.fits,072.C-0348(A),SCIENCE_RBNSPEC_STACK,,,,84.6821249999985,-69.0054999999988
ADP.2019-01-31T23_53_45.587.fits,pos066,2003-12-03T08:13:17.621,52976.34256507,GIRAFFE,ESO-VLT-U2,ADP.2019-01-31T23:53:45.587.fits,072.C-0348(A),SCIENCE_RBNSPEC_STACK,,,,84.7978749999986,-69.0783611111099
ADP.2019-01-31T23_53_45.592.fits,pos032,2003-12-03T08:13:17.621,52976.34256507,GIRAFFE,ESO-VLT-U2,ADP.2019-01-31T23:53:45.592.fits,072.C-0348(A),SCIENCE_RBNSPEC_STACK,,,,84.6767916666652,-69.1178611111099
ADP.2019-01-31T23_53_45.597.fits,t31,2003-12-03T01:44:39.244,52976.07267644,GIRAFFE,ESO-VLT-U2,ADP.2019-01-31T23:53:45.597.fits,072.C-0348(A),SCIENCE_RBNSPEC_STACK,,,,84.5659583333319,-69.0777499999988
ADP.2019-01-31T23_53_45.601.fits,u34,2003-12-03T01:44:39.244,52976.07267644,GIRAFFE,ESO-VLT-U2,ADP.2019-01-31T23:53:45.601.fits,072.C-0348(A),SCIENCE_RBNSPEC_STACK,,,,84.9085833333319,-69.1555277777766
ADP.2019-01-31T23_53_45.605.fits,t26,2003-12-03T01:44:39.244,52976.07267644,GIRAFFE,ESO-VLT-U2,ADP.2019-01-31T23:53:45.605.fits,072.C-0348(A),SCIENCE_RBNSPEC_STACK,,,,84.5348333333319,-69.0221944444433
ADP.2019-01-31T23_53_45.609.fits,pos026,2003-12-03T07:36:20.171,52976.31690013,GIRAFFE,ESO-VLT-U2,ADP.2019-01-31T23:53:45.609.fits,072.C-0348(A),SCIENCE_RBNSPEC_STACK,,,,84.5502083333319,-69.0372499999988
ADP.2019-01-31T23_53_45.614.fits,t08,2003-12-03T03:42:56.961,52976.15482594,GIRAFFE,ESO-VLT-U2,ADP.2019-01-31T23:53:45.614.fits,072.C-0348(A),SCIENCE_RBNSPEC_STACK,,,,84.4725416666653,-69.0888611111099
ADP.2019-01-31T23_53_45.618.fits,t15,2003-12-03T05:54:18.706,52976.24604984,GIRAFFE,ESO-VLT-U2,ADP.2019-01-31T23:53:45.618.fits,072.C-0348(A),SCIENCE_RBNSPEC_STACK,,,,84.5971249999985,-69.1777499999989
ADP.2019-01-31T23_53_45.622.fits,pos116,2003-12-03T07:36:20.171,52976.31690013,GIRAFFE,ESO-VLT-U2,ADP.2019-01-31T23:53:45.622.fits,072.C-0348(A),SCIENCE_RBNSPEC_STACK,,,,84.6619999999986,-69.1371111111099
ADP.2019-01-31T23_53_45.627.fits,pos019,2003-12-03T06:59:35.192,52976.29137954,GIRAFFE,ESO-VLT-U2,ADP.2019-01-31T23:53:45.627.fits,072.C-0348(A),SCIENCE_RBNSPEC_STACK,,,,84.5702916666653,-69.05661111111
ADP.2019-01-31T23_53_45.632.fits,pos064,2003-12-03T07:36:20.171,52976.31690013,GIRAFFE,ESO-VLT-U2,ADP.2019-01-31T23:53:45.632.fits,072.C-0348(A),SCIENCE_RBNSPEC_STACK,,,,84.7704583333319,-69.0979999999988
ADP.2019-01-31T23_53_45.637.fits,t05,2003-12-03T06:23:27.943,52976.26629564,GIRAFFE,ESO-VLT-U2,ADP.2019-01-31T23:53:45.637.fits,072.C-0348(A),SCIENCE_RBNSPEC_STACK,,,,84.4725416666653,-69.0666388888877
ADP.2019-01-31T23_53_45.641.fits,t21,2003-12-03T05:54:18.706,52976.24604984,GIRAFFE,ESO-VLT-U2,ADP.2019-01-31T23:53:45.641.fits,072.C-0348(A),SCIENCE_RBNSPEC_STACK,,,,84.5971249999985,-69.1221944444433
ADP.2019-01-31T23_53_45.645.fits,pos114,2003-12-03T08:13:17.621,52976.34256507,GIRAFFE,ESO-VLT-U2,ADP.2019-01-31T23:53:45.645.fits,072.C-0348(A),SCIENCE_RBNSPEC_STACK,,,,84.7377083333319,-69.1015833333321
ADP.2019-01-31T23_53_45.650.fits,pos115,2003-12-03T08:13:17.621,52976.34256507,GIRAFFE,ESO-VLT-U2,ADP.2019-01-31T23:53:45.650.fits,072.C-0348(A),SCIENCE_RBNSPEC_STACK,,,,84.7223749999986,-69.0335833333322
ADP.2019-01-31T23_53_45.655.fits,u17,2003-12-03T01:44:39.244,52976.07267644,GIRAFFE,ESO-VLT-U2,ADP.2019-01-31T23:53:45.655.fits,072.C-0348(A),SCIENCE_RBNSPEC_STACK,,,,84.7839999999986,-69.0555277777766
ADP.2019-01-31T23_53_45.659.fits,t50,2003-12-03T06:23:27.943,52976.26629564,GIRAFFE,ESO-VLT-U2,ADP.2019-01-31T23:53:45.659.fits,072.C-0348(A),SCIENCE_RBNSPEC_STACK,,,,84.7684166666652,-69.1221944444433
ADP.2019-01-31T23_53_45.663.fits,t27,2003-12-03T06:23:27.943,52976.26629564,GIRAFFE,ESO-VLT-U2,ADP.2019-01-31T23:53:45.663.fits,072.C-0348(A),SCIENCE_RBNSPEC_STACK,,,,84.6282499999986,-69.1777499999989
ADP.2019-01-31T23_53_45.667.fits,u20,2003-12-03T01:44:39.244,52976.07267644,GIRAFFE,ESO-VLT-U2,ADP.2019-01-31T23:53:45.667.fits,072.C-0348(A),SCIENCE_RBNSPEC_STACK,,,,84.8151249999986,-69.1555277777766
ADP.2019-01-31T23_53_45.671.fits,pos074,2003-12-03T07:36:20.171,52976.31690013,GIRAFFE,ESO-VLT-U2,ADP.2019-01-31T23:53:45.671.fits,072.C-0348(A),SCIENCE_RBNSPEC_STACK,,,,84.6603749999986,-69.1648888888877
ADP.2019-01-31T23_53_45.676.fits,t48,2003-12-03T06:23:27.943,52976.26629564,GIRAFFE,ESO-VLT-U2,ADP.2019-01-31T23:53:45.676.fits,072.C-0348(A),SCIENCE_RBNSPEC_STACK,,,,84.7684166666652,-69.1777499999989
ADP.2019-01-31T23_53_45.680.fits,t01,2003-12-03T05:54:18.706,52976.24604984,GIRAFFE,ESO-VLT-U2,ADP.2019-01-31T23:53:45.680.fits,072.C-0348(A),SCIENCE_RBNSPEC_STACK,,,,84.4413749999986,-69.1777499999989
ADP.2019-01-31T23_53_45.684.fits,pos060,2003-12-03T06:59:35.192,52976.29137954,GIRAFFE,ESO-VLT-U2,ADP.2019-01-31T23:53:45.684.fits,072.C-0348(A),SCIENCE_RBNSPEC_STACK,,,,84.8504583333319,-69.1023888888877
ADP.2019-01-31T23_53_45.689.fits,t29,2003-12-03T06:23:27.943,52976.26629564,GIRAFFE,ESO-VLT-U2,ADP.2019-01-31T23:53:45.689.fits,072.C-0348(A),SCIENCE_RBNSPEC_STACK,,,,84.6282499999986,-69.0666388888877
ADP.2019-01-31T23_53_45.693.fits,u25,2003-12-03T03:42:56.961,52976.15482594,GIRAFFE,ESO-VLT-U2,ADP.2019-01-31T23:53:45.693.fits,072.C-0348(A),SCIENCE_RBNSPEC_STACK,,,,84.8462916666652,-69.0666388888877
ADP.2019-01-31T23_53_45.701.fits,u06,2003-12-03T01:44:39.244,52976.07267644,GIRAFFE,ESO-VLT-U2,ADP.2019-01-31T23:53:45.701.fits,072.C-0348(A),SCIENCE_RBNSPEC_STACK,,,,84.7528333333319,-69.0888611111099
ADP.2019-01-31T23_53_45.713.fits,t08,2003-12-03T01:44:39.244,52976.07267644,GIRAFFE,ESO-VLT-U2,ADP.2019-01-31T23:53:45.713.fits,072.C-0348(A),SCIENCE_RBNSPEC_STACK,,,,84.4413749999986,-69.0666388888877
ADP.2019-01-31T23_53_45.717.fits,t16,2003-12-03T06:23:27.943,52976.26629564,GIRAFFE,ESO-VLT-U2,ADP.2019-01-31T23:53:45.717.fits,072.C-0348(A),SCIENCE_RBNSPEC_STACK,,,,84.6127083333319,-69.1777499999989
ADP.2019-01-31T23_53_45.721.fits,t38,2003-12-03T05:54:18.706,52976.24604984,GIRAFFE,ESO-VLT-U2,ADP.2019-01-31T23:53:45.721.fits,072.C-0348(A),SCIENCE_RBNSPEC_STACK,,,,84.7061249999986,-69.1777499999989
ADP.2019-01-31T23_53_45.725.fits,t38,2003-12-03T01:44:39.244,52976.07267644,GIRAFFE,ESO-VLT-U2,ADP.2019-01-31T23:53:45.725.fits,072.C-0348(A),SCIENCE_RBNSPEC_STACK,,,,84.5971249999985,-69.1333055555544
ADP.2019-01-31T23_53_45.729.fits,t03,2003-12-03T01:44:39.244,52976.07267644,GIRAFFE,ESO-VLT-U2,ADP.2019-01-31T23:53:45.729.fits,072.C-0348(A),SCIENCE_RBNSPEC_STACK,,,,84.4413749999986,-69.1221944444433
ADP.2019-01-31T23_53_45.745.fits,t28,2003-12-03T05:54:18.706,52976.24604984,GIRAFFE,ESO-VLT-U2,ADP.2019-01-31T23:53:45.745.fits,072.C-0348(A),SCIENCE_RBNSPEC_STACK,,,,84.6438333333319,-69.1777499999989
ADP.2019-01-31T23_53_45.749.fits,t33,2003-12-03T01:44:39.244,52976.07267644,GIRAFFE,ESO-VLT-U2,ADP.2019-01-31T23:53:45.749.fits,072.C-0348(A),SCIENCE_RBNSPEC_STACK,,,,84.5659583333319,-69.0555277777766
ADP.2019-01-31T23_53_45.761.fits,t55,2003-12-03T03:42:56.961,52976.15482594,GIRAFFE,ESO-VLT-U2,ADP.2019-01-31T23:53:45.761.fits,072.C-0348(A),SCIENCE_RBNSPEC_STACK,,,,84.7217083333319,-69.1666388888877
ADP.2019-01-31T23_53_45.773.fits,t01,2003-12-03T06:23:27.943,52976.26629564,GIRAFFE,ESO-VLT-U2,ADP.2019-01-31T23:53:45.773.fits,072.C-0348(A),SCIENCE_RBNSPEC_STACK,,,,84.4413749999986,-69.1777499999989
ADP.2019-01-31T23_53_45.777.fits,u02,2003-12-03T01:44:39.244,52976.07267644,GIRAFFE,ESO-VLT-U2,ADP.2019-01-31T23:53:45.777.fits,072.C-0348(A),SCIENCE_RBNSPEC_STACK,,,,84.7217083333319,-69.0888611111099
ADP.2019-01-31T23_53_45.781.fits,t34,2003-12-03T03:42:56.961,52976.15482594,GIRAFFE,ESO-VLT-U2,ADP.2019-01-31T23:53:45.781.fits,072.C-0348(A),SCIENCE_RBNSPEC_STACK,,,,84.5971249999985,-69.0555277777766
ADP.2019-01-31T23_53_45.785.fits,pos035,2003-12-03T07:36:20.171,52976.31690013,GIRAFFE,ESO-VLT-U2,ADP.2019-01-31T23:53:45.785.fits,072.C-0348(A),SCIENCE_RBNSPEC_STACK,,,,84.6383333333319,-69.1146111111099
ADP.2019-01-31T23_53_45.802.fits,t02,2003-12-03T01:44:39.244,52976.07267644,GIRAFFE,ESO-VLT-U2,ADP.2019-01-31T23:53:45.802.fits,072.C-0348(A),SCIENCE_RBNSPEC_STACK,,,,84.4413749999986,-69.1333055555544
ADP.2019-01-31T23_53_45.814.fits,pos050,2003-12-03T08:13:17.621,52976.34256507,GIRAFFE,ESO-VLT-U2,ADP.2019-01-31T23:53:45.814.fits,072.C-0348(A),SCIENCE_RBNSPEC_STACK,,,,84.8030833333319,-69.1253055555544
ADP.2019-01-31T23_53_45.823.fits,pos057,2003-12-03T06:59:35.192,52976.29137954,GIRAFFE,ESO-VLT-U2,ADP.2019-01-31T23:53:45.823.fits,072.C-0348(A),SCIENCE_RBNSPEC_STACK,,,,84.8628333333319,-69.0949722222211
ADP.2019-01-31T23_53_45.828.fits,u24,2003-12-03T03:42:56.961,52976.15482594,GIRAFFE,ESO-VLT-U2,ADP.2019-01-31T23:53:45.828.fits,072.C-0348(A),SCIENCE_RBNSPEC_STACK,,,,84.8462916666652,-69.0777499999988
ADP.2019-01-31T23_53_45.832.fits,pos107,2003-12-03T07:36:20.171,52976.31690013,GIRAFFE,ESO-VLT-U2,ADP.2019-01-31T23:53:45.832.fits,072.C-0348(A),SCIENCE_RBNSPEC_STACK,,,,84.4204583333319,-69.1164722222211
ADP.2019-01-31T23_53_45.837.fits,pos034,2003-12-03T07:36:20.171,52976.31690013,GIRAFFE,ESO-VLT-U2,ADP.2019-01-31T23:53:45.837.fits,072.C-0348(A),SCIENCE_RBNSPEC_STACK,,,,84.5162499999986,-69.1184999999988
ADP.2019-01-31T23_53_45.842.fits,u19,2003-12-03T03:42:56.961,52976.15482594,GIRAFFE,ESO-VLT-U2,ADP.2019-01-31T23:53:45.842.fits,072.C-0348(A),SCIENCE_RBNSPEC_STACK,,,,84.8462916666652,-69.1444166666655
ADP.2019-01-31T23_53_45.846.fits,t12,2003-12-03T06:23:27.943,52976.26629564,GIRAFFE,ESO-VLT-U2,ADP.2019-01-31T23:53:45.846.fits,072.C-0348(A),SCIENCE_RBNSPEC_STACK,,,,84.5504166666652,-69.1777499999989
ADP.2019-01-31T23_53_45.850.fits,pos044,2003-12-03T08:13:17.621,52976.34256507,GIRAFFE,ESO-VLT-U2,ADP.2019-01-31T23:53:45.850.fits,072.C-0348(A),SCIENCE_RBNSPEC_STACK,,,,84.7532083333319,-69.1358888888877
ADP.2019-01-31T23_53_45.859.fits,pos095,2003-12-03T08:13:17.621,52976.34256507,GIRAFFE,ESO-VLT-U2,ADP.2019-01-31T23:53:45.859.fits,072.C-0348(A),SCIENCE_RBNSPEC_STACK,,,,84.4573333333319,-69.1796388888877
ADP.2019-01-31T23_53_45.864.fits,t18,2003-12-03T06:23:27.943,52976.26629564,GIRAFFE,ESO-VLT-U2,ADP.2019-01-31T23:53:45.864.fits,072.C-0348(A),SCIENCE_RBNSPEC_STACK,,,,84.6127083333319,-69.1666388888877
ADP.2019-01-31T23_53_45.868.fits,pos021,2003-12-03T07:36:20.171,52976.31690013,GIRAFFE,ESO-VLT-U2,ADP.2019-01-31T23:53:45.868.fits,072.C-0348(A),SCIENCE_RBNSPEC_STACK,,,,84.5907916666652,-69.0497777777766
ADP.2019-01-31T23_53_45.873.fits,t41,2003-12-03T06:23:27.943,52976.26629564,GIRAFFE,ESO-VLT-U2,ADP.2019-01-31T23:53:45.873.fits,072.C-0348(A),SCIENCE_RBNSPEC_STACK,,,,84.6905416666652,-69.0888611111099
ADP.2019-01-31T23_53_45.877.fits,t13,2003-12-03T01:44:39.244,52976.07267644,GIRAFFE,ESO-VLT-U2,ADP.2019-01-31T23:53:45.877.fits,072.C-0348(A),SCIENCE_RBNSPEC_STACK,,,,84.4725416666653,-69.1444166666655
ADP.2019-01-31T23_53_45.889.fits,t47,2003-12-03T03:42:56.961,52976.15482594,GIRAFFE,ESO-VLT-U2,ADP.2019-01-31T23:53:45.889.fits,072.C-0348(A),SCIENCE_RBNSPEC_STACK,,,,84.6594166666653,-69.1666388888877
ADP.2019-01-31T23_53_45.893.fits,pos038,2003-12-03T06:59:35.192,52976.29137954,GIRAFFE,ESO-VLT-U2,ADP.2019-01-31T23:53:45.893.fits,072.C-0348(A),SCIENCE_RBNSPEC_STACK,,,,84.7397083333319,-69.1387499999988
ADP.2019-01-31T23_53_45.898.fits,pos062,2003-12-03T08:13:17.621,52976.34256507,GIRAFFE,ESO-VLT-U2,ADP.2019-01-31T23:53:45.898.fits,072.C-0348(A),SCIENCE_RBNSPEC_STACK,,,,84.7745833333319,-69.0902222222211
ADP.2019-01-31T23_53_45.907.fits,pos077,2003-12-03T07:36:20.171,52976.31690013,GIRAFFE,ESO-VLT-U2,ADP.2019-01-31T23:53:45.907.fits,072.C-0348(A),SCIENCE_RBNSPEC_STACK,,,,84.5721666666652,-69.1583611111099
ADP.2019-01-31T23_53_45.912.fits,pos003,2003-12-03T08:13:17.621,52976.34256507,GIRAFFE,ESO-VLT-U2,ADP.2019-01-31T23:53:45.912.fits,072.C-0348(A),SCIENCE_RBNSPEC_STACK,,,,84.7138749999986,-69.0833055555544
ADP.2019-01-31T23_53_45.917.fits,u04,2003-12-03T05:54:18.706,52976.24604984,GIRAFFE,ESO-VLT-U2,ADP.2019-01-31T23:53:45.917.fits,072.C-0348(A),SCIENCE_RBNSPEC_STACK,,,,84.8618749999986,-69.1777499999989
ADP.2019-01-31T23_53_45.921.fits,pos036,2003-12-03T07:36:20.171,52976.31690013,GIRAFFE,ESO-VLT-U2,ADP.2019-01-31T23:53:45.921.fits,072.C-0348(A),SCIENCE_RBNSPEC_STACK,,,,84.6720833333319,-69.1262777777766
ADP.2019-01-31T23_53_45.930.fits,t55,2003-12-03T01:44:39.244,52976.07267644,GIRAFFE,ESO-VLT-U2,ADP.2019-01-31T23:53:45.930.fits,072.C-0348(A),SCIENCE_RBNSPEC_STACK,,,,84.6905416666652,-69.1221944444433
ADP.2019-01-31T23_53_45.953.fits,t02,2003-12-03T03:42:56.961,52976.15482594,GIRAFFE,ESO-VLT-U2,ADP.2019-01-31T23:53:45.953.fits,072.C-0348(A),SCIENCE_RBNSPEC_STACK,,,,84.4413749999986,-69.1555277777766
ADP.2019-01-31T23_53_45.969.fits,t58,2003-12-03T06:23:27.943,52976.26629564,GIRAFFE,ESO-VLT-U2,ADP.2019-01-31T23:53:45.969.fits,072.C-0348(A),SCIENCE_RBNSPEC_STACK,,,,84.7684166666652,-69.0221944444433
ADP.2019-01-31T23_53_45.981.fits,pos055,2003-12-03T07:36:20.171,52976.31690013,GIRAFFE,ESO-VLT-U2,ADP.2019-01-31T23:53:45.981.fits,072.C-0348(A),SCIENCE_RBNSPEC_STACK,,,,84.8590833333319,-69.1115555555544
ADP.2019-01-31T23_53_45.986.fits,t53,2003-12-03T03:42:56.961,52976.15482594,GIRAFFE,ESO-VLT-U2,ADP.2019-01-31T23:53:45.986.fits,072.C-0348(A),SCIENCE_RBNSPEC_STACK,,,,84.6905416666652,-69.0333055555544
ADP.2019-01-31T23_53_45.994.fits,t56,2003-12-03T03:42:56.961,52976.15482594,GIRAFFE,ESO-VLT-U2,ADP.2019-01-31T23:53:45.994.fits,072.C-0348(A),SCIENCE_RBNSPEC_STACK,,,,84.7217083333319,-69.1555277777766
ADP.2019-01-31T23_53_45.998.fits,u27,2003-12-03T01:44:39.244,52976.07267644,GIRAFFE,ESO-VLT-U2,ADP.2019-01-31T23:53:45.998.fits,072.C-0348(A),SCIENCE_RBNSPEC_STACK,,,,84.8151249999986,-69.0555277777766
ADP.2019-01-31T23_53_46.002.fits,t44,2003-12-03T06:23:27.943,52976.26629564,GIRAFFE,ESO-VLT-U2,ADP.2019-01-31T23:53:46.002.fits,072.C-0348(A),SCIENCE_RBNSPEC_STACK,,,,84.7372916666652,-69.1777499999989
ADP.2019-01-31T23_53_46.006.fits,pos050,2003-12-03T06:59:35.192,52976.29137954,GIRAFFE,ESO-VLT-U2,ADP.2019-01-31T23:53:46.006.fits,072.C-0348(A),SCIENCE_RBNSPEC_STACK,,,,84.8030833333319,-69.1253055555544
ADP.2019-01-31T23_53_46.011.fits,u13,2003-12-03T03:42:56.961,52976.15482594,GIRAFFE,ESO-VLT-U2,ADP.2019-01-31T23:53:46.011.fits,072.C-0348(A),SCIENCE_RBNSPEC_STACK,,,,84.8151249999986,-69.0777499999988
ADP.2019-01-31T23_53_46.015.fits,pos011,2003-12-03T06:59:35.192,52976.29137954,GIRAFFE,ESO-VLT-U2,ADP.2019-01-31T23:53:46.015.fits,072.C-0348(A),SCIENCE_RBNSPEC_STACK,,,,84.6347499999986,-69.0880277777766
ADP.2019-01-31T23_53_46.028.fits,pos031,2003-12-03T07:36:20.171,52976.31690013,GIRAFFE,ESO-VLT-U2,ADP.2019-01-31T23:53:46.028.fits,072.C-0348(A),SCIENCE_RBNSPEC_STACK,,,,84.5036249999986,-69.1027499999988
ADP.2019-01-31T23_53_46.033.fits,u07,2003-12-03T03:42:56.961,52976.15482594,GIRAFFE,ESO-VLT-U2,ADP.2019-01-31T23:53:46.033.fits,072.C-0348(A),SCIENCE_RBNSPEC_STACK,,,,84.7528333333319,-69.1333055555544
ADP.2019-01-31T23_53_46.037.fits,t06,2003-12-03T05:54:18.706,52976.24604984,GIRAFFE,ESO-VLT-U2,ADP.2019-01-31T23:53:46.037.fits,072.C-0348(A),SCIENCE_RBNSPEC_STACK,,,,84.4880833333319,-69.0666388888877
ADP.2019-01-31T23_53_46.057.fits,pos103,2003-12-03T08:13:17.621,52976.34256507,GIRAFFE,ESO-VLT-U2,ADP.2019-01-31T23:53:46.057.fits,072.C-0348(A),SCIENCE_RBNSPEC_STACK,,,,84.7196249999986,-69.20511111111
ADP.2019-01-31T23_53_46.082.fits,t40,2003-12-03T05:54:18.706,52976.24604984,GIRAFFE,ESO-VLT-U2,ADP.2019-01-31T23:53:46.082.fits,072.C-0348(A),SCIENCE_RBNSPEC_STACK,,,,84.7061249999986,-69.099972222221
ADP.2019-01-31T23_53_46.086.fits,t11,2003-12-03T03:42:56.961,52976.15482594,GIRAFFE,ESO-VLT-U2,ADP.2019-01-31T23:53:46.086.fits,072.C-0348(A),SCIENCE_RBNSPEC_STACK,,,,84.4725416666653,-69.0444166666655
ADP.2019-01-31T23_53_46.090.fits,t57,2003-12-03T05:54:18.706,52976.24604984,GIRAFFE,ESO-VLT-U2,ADP.2019-01-31T23:53:46.090.fits,072.C-0348(A),SCIENCE_RBNSPEC_STACK,,,,84.7528333333319,-69.0221944444433
ADP.2019-01-31T23_53_46.094.fits,pos011,2003-12-03T07:36:20.171,52976.31690013,GIRAFFE,ESO-VLT-U2,ADP.2019-01-31T23:53:46.094.fits,072.C-0348(A),SCIENCE_RBNSPEC_STACK,,,,84.6347499999986,-69.0880277777766
ADP.2019-01-31T23_53_46.099.fits,u22,2003-12-03T03:42:56.961,52976.15482594,GIRAFFE,ESO-VLT-U2,ADP.2019-01-31T23:53:46.099.fits,072.C-0348(A),SCIENCE_RBNSPEC_STACK,,,,84.8462916666652,-69.099972222221
ADP.2019-01-31T23_53_46.103.fits,t51,2003-12-03T01:44:39.244,52976.07267644,GIRAFFE,ESO-VLT-U2,ADP.2019-01-31T23:53:46.103.fits,072.C-0348(A),SCIENCE_RBNSPEC_STACK,,,,84.6594166666653,-69.0555277777766
ADP.2019-01-31T23_53_46.107.fits,pos112,2003-12-03T06:59:35.192,52976.29137954,GIRAFFE,ESO-VLT-U2,ADP.2019-01-31T23:53:46.107.fits,072.C-0348(A),SCIENCE_RBNSPEC_STACK,,,,84.5739999999986,-69.1873888888877
ADP.2019-01-31T23_53_46.116.fits,t35,2003-12-03T03:42:56.961,52976.15482594,GIRAFFE,ESO-VLT-U2,ADP.2019-01-31T23:53:46.116.fits,072.C-0348(A),SCIENCE_RBNSPEC_STACK,,,,84.5971249999985,-69.0444166666655
ADP.2019-01-31T23_53_46.120.fits,u09,2003-12-03T06:23:27.943,52976.26629564,GIRAFFE,ESO-VLT-U2,ADP.2019-01-31T23:53:46.120.fits,072.C-0348(A),SCIENCE_RBNSPEC_STACK,,,,84.8774583333319,-69.1221944444433
ADP.2019-01-31T23_53_46.128.fits,pos053,2003-12-03T06:59:35.192,52976.29137954,GIRAFFE,ESO-VLT-U2,ADP.2019-01-31T23:53:46.128.fits,072.C-0348(A),SCIENCE_RBNSPEC_STACK,,,,84.8456666666652,-69.1237777777766
ADP.2019-01-31T23_53_46.137.fits,t23,2003-12-03T03:42:56.961,52976.15482594,GIRAFFE,ESO-VLT-U2,ADP.2019-01-31T23:53:46.137.fits,072.C-0348(A),SCIENCE_RBNSPEC_STACK,,,,84.5036666666652,-69.0333055555544
ADP.2019-01-31T23_53_46.141.fits,pos089,2003-12-03T07:36:20.171,52976.31690013,GIRAFFE,ESO-VLT-U2,ADP.2019-01-31T23:53:46.141.fits,072.C-0348(A),SCIENCE_RBNSPEC_STACK,,,,84.6809166666652,-69.0710833333322
ADP.2019-01-31T23_53_46.146.fits,u35,2003-12-03T01:44:39.244,52976.07267644,GIRAFFE,ESO-VLT-U2,ADP.2019-01-31T23:53:46.146.fits,072.C-0348(A),SCIENCE_RBNSPEC_STACK,,,,84.9085833333319,-69.1444166666655
ADP.2019-01-31T23_53_46.150.fits,u22,2003-12-03T01:44:39.244,52976.07267644,GIRAFFE,ESO-VLT-U2,ADP.2019-01-31T23:53:46.150.fits,072.C-0348(A),SCIENCE_RBNSPEC_STACK,,,,84.8151249999986,-69.1333055555544
ADP.2019-01-31T23_53_46.154.fits,pos085,2003-12-03T08:13:17.621,52976.34256507,GIRAFFE,ESO-VLT-U2,ADP.2019-01-31T23:53:46.154.fits,072.C-0348(A),SCIENCE_RBNSPEC_STACK,,,,84.5423333333319,-69.0561388888877
ADP.2019-01-31T23_53_46.163.fits,pos024,2003-12-03T07:36:20.171,52976.31690013,GIRAFFE,ESO-VLT-U2,ADP.2019-01-31T23:53:46.163.fits,072.C-0348(A),SCIENCE_RBNSPEC_STACK,,,,84.5998749999986,-69.041722222221
ADP.2019-01-31T23_53_46.172.fits,pos068,2003-12-03T08:13:17.621,52976.34256507,GIRAFFE,ESO-VLT-U2,ADP.2019-01-31T23:53:46.172.fits,072.C-0348(A),SCIENCE_RBNSPEC_STACK,,,,84.8513749999986,-69.0875833333322
ADP.2019-01-31T23_53_46.189.fits,t32,2003-12-03T01:44:39.244,52976.07267644,GIRAFFE,ESO-VLT-U2,ADP.2019-01-31T23:53:46.189.fits,072.C-0348(A),SCIENCE_RBNSPEC_STACK,,,,84.5659583333319,-69.0666388888877
ADP.2019-01-31T23_53_46.197.fits,t14,2003-12-03T05:54:18.706,52976.24604984,GIRAFFE,ESO-VLT-U2,ADP.2019-01-31T23:53:46.197.fits,072.C-0348(A),SCIENCE_RBNSPEC_STACK,,,,84.5815416666652,-69.1777499999989
ADP.2019-01-31T23_53_46.201.fits,pos037,2003-12-03T07:36:20.171,52976.31690013,GIRAFFE,ESO-VLT-U2,ADP.2019-01-31T23:53:46.201.fits,072.C-0348(A),SCIENCE_RBNSPEC_STACK,,,,84.6101249999986,-69.1633888888877
ADP.2019-01-31T23_53_46.206.fits,t42,2003-12-03T03:42:56.961,52976.15482594,GIRAFFE,ESO-VLT-U2,ADP.2019-01-31T23:53:46.206.fits,072.C-0348(A),SCIENCE_RBNSPEC_STACK,,,,84.6282499999986,-69.0777499999988
ADP.2019-01-31T23_53_46.226.fits,pos096,2003-12-03T06:59:35.192,52976.29137954,GIRAFFE,ESO-VLT-U2,ADP.2019-01-31T23:53:46.226.fits,072.C-0348(A),SCIENCE_RBNSPEC_STACK,,,,84.4287499999986,-69.1796666666655
ADP.2019-01-31T23_53_46.231.fits,t08,2003-12-03T06:23:27.943,52976.26629564,GIRAFFE,ESO-VLT-U2,ADP.2019-01-31T23:53:46.231.fits,072.C-0348(A),SCIENCE_RBNSPEC_STACK,,,,84.5192499999986,-69.1777499999989
ADP.2019-01-31T23_53_46.235.fits,pos028,2003-12-03T08:13:17.621,52976.34256507,GIRAFFE,ESO-VLT-U2,ADP.2019-01-31T23:53:46.235.fits,072.C-0348(A),SCIENCE_RBNSPEC_STACK,,,,84.5229999999985,-69.077972222221
ADP.2019-01-31T23_53_46.240.fits,t04,2003-12-03T01:44:39.244,52976.07267644,GIRAFFE,ESO-VLT-U2,ADP.2019-01-31T23:53:46.240.fits,072.C-0348(A),SCIENCE_RBNSPEC_STACK,,,,84.4413749999986,-69.1110833333322
ADP.2019-01-31T23_53_46.244.fits,t54,2003-12-03T06:23:27.943,52976.26629564,GIRAFFE,ESO-VLT-U2,ADP.2019-01-31T23:53:46.244.fits,072.C-0348(A),SCIENCE_RBNSPEC_STACK,,,,84.7684166666652,-69.0666388888877
ADP.2019-01-31T23_53_46.260.fits,u02,2003-12-03T05:54:18.706,52976.24604984,GIRAFFE,ESO-VLT-U2,ADP.2019-01-31T23:53:46.260.fits,072.C-0348(A),SCIENCE_RBNSPEC_STACK,,,,84.8307083333319,-69.1777499999989
ADP.2019-01-31T23_53_46.264.fits,u31,2003-12-03T01:44:39.244,52976.07267644,GIRAFFE,ESO-VLT-U2,ADP.2019-01-31T23:53:46.264.fits,072.C-0348(A),SCIENCE_RBNSPEC_STACK,,,,84.8774583333319,-69.0555277777766
ADP.2019-01-31T23_53_46.268.fits,u37,2003-12-03T03:42:56.961,52976.15482594,GIRAFFE,ESO-VLT-U2,ADP.2019-01-31T23:53:46.268.fits,072.C-0348(A),SCIENCE_RBNSPEC_STACK,,,,84.8774583333319,-69.0333055555544
ADP.2019-01-31T23_53_46.272.fits,t06,2003-12-03T06:23:27.943,52976.26629564,GIRAFFE,ESO-VLT-U2,ADP.2019-01-31T23:53:46.272.fits,072.C-0348(A),SCIENCE_RBNSPEC_STACK,,,,84.4880833333319,-69.0666388888877
ADP.2019-01-31T23_53_46.276.fits,t06,2003-12-03T03:42:56.961,52976.15482594,GIRAFFE,ESO-VLT-U2,ADP.2019-01-31T23:53:46.276.fits,072.C-0348(A),SCIENCE_RBNSPEC_STACK,,,,84.4725416666653,-69.1110833333322
ADP.2019-01-31T23_53_46.280.fits,u06,2003-12-03T06:23:27.943,52976.26629564,GIRAFFE,ESO-VLT-U2,ADP.2019-01-31T23:53:46.280.fits,072.C-0348(A),SCIENCE_RBNSPEC_STACK,,,,84.8618749999986,-69.1221944444433
ADP.2019-01-31T23_53_46.292.fits,pos055,2003-12-03T06:59:35.192,52976.29137954,GIRAFFE,ESO-VLT-U2,ADP.2019-01-31T23:53:46.292.fits,072.C-0348(A),SCIENCE_RBNSPEC_STACK,,,,84.8590833333319,-69.1115555555544
ADP.2019-01-31T23_53_46.305.fits,pos034,2003-12-03T06:59:35.192,52976.29137954,GIRAFFE,ESO-VLT-U2,ADP.2019-01-31T23:53:46.305.fits,072.C-0348(A),SCIENCE_RBNSPEC_STACK,,,,84.5162499999986,-69.1184999999988
ADP.2019-01-31T23_53_46.310.fits,pos024,2003-12-03T08:13:17.621,52976.34256507,GIRAFFE,ESO-VLT-U2,ADP.2019-01-31T23:53:46.310.fits,072.C-0348(A),SCIENCE_RBNSPEC_STACK,,,,84.5998749999986,-69.041722222221
ADP.2019-01-31T23_53_46.315.fits,pos041,2003-12-03T07:36:20.171,52976.31690013,GIRAFFE,ESO-VLT-U2,ADP.2019-01-31T23:53:46.315.fits,072.C-0348(A),SCIENCE_RBNSPEC_STACK,,,,84.7007499999986,-69.1700555555544
ADP.2019-01-31T23_53_46.320.fits,pos081,2003-12-03T07:36:20.171,52976.31690013,GIRAFFE,ESO-VLT-U2,ADP.2019-01-31T23:53:46.320.fits,072.C-0348(A),SCIENCE_RBNSPEC_STACK,,,,84.7367083333319,-69.0961666666655
ADP.2019-01-31T23_53_46.325.fits,u11,2003-12-03T06:23:27.943,52976.26629564,GIRAFFE,ESO-VLT-U2,ADP.2019-01-31T23:53:46.325.fits,072.C-0348(A),SCIENCE_RBNSPEC_STACK,,,,84.9085833333319,-69.1777499999989
ADP.2019-01-31T23_53_46.329.fits,pos069,2003-12-03T07:36:20.171,52976.31690013,GIRAFFE,ESO-VLT-U2,ADP.2019-01-31T23:53:46.329.fits,072.C-0348(A),SCIENCE_RBNSPEC_STACK,,,,84.8523749999986,-69.0825833333322
ADP.2019-01-31T23_53_46.342.fits,t49,2003-12-03T01:44:39.244,52976.07267644,GIRAFFE,ESO-VLT-U2,ADP.2019-01-31T23:53:46.342.fits,072.C-0348(A),SCIENCE_RBNSPEC_STACK,,,,84.6594166666653,-69.0777499999988
ADP.2019-01-31T23_53_46.346.fits,t48,2003-12-03T01:44:39.244,52976.07267644,GIRAFFE,ESO-VLT-U2,ADP.2019-01-31T23:53:46.346.fits,072.C-0348(A),SCIENCE_RBNSPEC_STACK,,,,84.6594166666653,-69.1110833333322
ADP.2019-01-31T23_53_46.354.fits,u24,2003-12-03T01:44:39.244,52976.07267644,GIRAFFE,ESO-VLT-U2,ADP.2019-01-31T23:53:46.354.fits,072.C-0348(A),SCIENCE_RBNSPEC_STACK,,,,84.8151249999986,-69.1110833333322
ADP.2019-01-31T23_53_46.358.fits,pos023,2003-12-03T07:36:20.171,52976.31690013,GIRAFFE,ESO-VLT-U2,ADP.2019-01-31T23:53:46.358.fits,072.C-0348(A),SCIENCE_RBNSPEC_STACK,,,,84.6211249999986,-69.0456111111099
ADP.2019-01-31T23_53_46.391.fits,pos004,2003-12-03T07:36:20.171,52976.31690013,GIRAFFE,ESO-VLT-U2,ADP.2019-01-31T23:53:46.391.fits,072.C-0348(A),SCIENCE_RBNSPEC_STACK,,,,84.7291666666652,-69.0837777777766
ADP.2019-01-31T23_53_46.396.fits,pos040,2003-12-03T06:59:35.192,52976.29137954,GIRAFFE,ESO-VLT-U2,ADP.2019-01-31T23:53:46.396.fits,072.C-0348(A),SCIENCE_RBNSPEC_STACK,,,,84.5814999999985,-69.1674444444433
ADP.2019-01-31T23_53_46.401.fits,t35,2003-12-03T05:54:18.706,52976.24604984,GIRAFFE,ESO-VLT-U2,ADP.2019-01-31T23:53:46.401.fits,072.C-0348(A),SCIENCE_RBNSPEC_STACK,,,,84.6594166666653,-69.0888611111099
ADP.2019-01-31T23_53_46.409.fits,t36,2003-12-03T06:23:27.943,52976.26629564,GIRAFFE,ESO-VLT-U2,ADP.2019-01-31T23:53:46.409.fits,072.C-0348(A),SCIENCE_RBNSPEC_STACK,,,,84.6749999999986,-69.0888611111099
ADP.2019-01-31T23_53_46.413.fits,pos045,2003-12-03T08:13:17.621,52976.34256507,GIRAFFE,ESO-VLT-U2,ADP.2019-01-31T23:53:46.413.fits,072.C-0348(A),SCIENCE_RBNSPEC_STACK,,,,84.7667083333319,-69.1310555555544
ADP.2019-01-31T23_53_46.418.fits,t10,2003-12-03T05:54:18.706,52976.24604984,GIRAFFE,ESO-VLT-U2,ADP.2019-01-31T23:53:46.418.fits,072.C-0348(A),SCIENCE_RBNSPEC_STACK,,,,84.5192499999986,-69.0666388888877
ADP.2019-01-31T23_53_46.426.fits,pos045,2003-12-03T06:59:35.192,52976.29137954,GIRAFFE,ESO-VLT-U2,ADP.2019-01-31T23:53:46.426.fits,072.C-0348(A),SCIENCE_RBNSPEC_STACK,,,,84.7667083333319,-69.1310555555544
ADP.2019-01-31T23_53_46.431.fits,pos113,2003-12-03T08:13:17.621,52976.34256507,GIRAFFE,ESO-VLT-U2,ADP.2019-01-31T23:53:46.431.fits,072.C-0348(A),SCIENCE_RBNSPEC_STACK,,,,84.5398749999986,-69.1059166666655
ADP.2019-01-31T23_53_46.456.fits,pos067,2003-12-03T08:13:17.621,52976.34256507,GIRAFFE,ESO-VLT-U2,ADP.2019-01-31T23:53:46.456.fits,072.C-0348(A),SCIENCE_RBNSPEC_STACK,,,,84.7890416666653,-69.0757777777766
ADP.2019-01-31T23_53_46.461.fits,pos035,2003-12-03T08:13:17.621,52976.34256507,GIRAFFE,ESO-VLT-U2,ADP.2019-01-31T23:53:46.461.fits,072.C-0348(A),SCIENCE_RBNSPEC_STACK,,,,84.6383333333319,-69.1146111111099
ADP.2019-01-31T23_53_46.466.fits,pos030,2003-12-03T06:59:35.192,52976.29137954,GIRAFFE,ESO-VLT-U2,ADP.2019-01-31T23:53:46.466.fits,072.C-0348(A),SCIENCE_RBNSPEC_STACK,,,,84.4849999999986,-69.0966388888877
ADP.2019-01-31T23_53_46.471.fits,pos090,2003-12-03T07:36:20.171,52976.31690013,GIRAFFE,ESO-VLT-U2,ADP.2019-01-31T23:53:46.471.fits,072.C-0348(A),SCIENCE_RBNSPEC_STACK,,,,84.6707499999986,-69.2258055555544
ADP.2019-01-31T23_53_46.484.fits,pos063,2003-12-03T06:59:35.192,52976.29137954,GIRAFFE,ESO-VLT-U2,ADP.2019-01-31T23:53:46.484.fits,072.C-0348(A),SCIENCE_RBNSPEC_STACK,,,,84.7584999999986,-69.0950555555544
ADP.2019-01-31T23_53_46.489.fits,u32,2003-12-03T03:42:56.961,52976.15482594,GIRAFFE,ESO-VLT-U2,ADP.2019-01-31T23:53:46.489.fits,072.C-0348(A),SCIENCE_RBNSPEC_STACK,,,,84.8774583333319,-69.1110833333322
ADP.2019-01-31T23_53_46.493.fits,pos037,2003-12-03T06:59:35.192,52976.29137954,GIRAFFE,ESO-VLT-U2,ADP.2019-01-31T23:53:46.493.fits,072.C-0348(A),SCIENCE_RBNSPEC_STACK,,,,84.6101249999986,-69.1633888888877
ADP.2019-01-31T23_53_46.506.fits,t57,2003-12-03T03:42:56.961,52976.15482594,GIRAFFE,ESO-VLT-U2,ADP.2019-01-31T23:53:46.506.fits,072.C-0348(A),SCIENCE_RBNSPEC_STACK,,,,84.7217083333319,-69.1444166666655
ADP.2019-01-31T23_53_46.510.fits,t22,2003-12-03T05:54:18.706,52976.24604984,GIRAFFE,ESO-VLT-U2,ADP.2019-01-31T23:53:46.510.fits,072.C-0348(A),SCIENCE_RBNSPEC_STACK,,,,84.6127083333319,-69.1221944444433
ADP.2019-01-31T23_53_46.530.fits,t36,2003-12-03T01:44:39.244,52976.07267644,GIRAFFE,ESO-VLT-U2,ADP.2019-01-31T23:53:46.530.fits,072.C-0348(A),SCIENCE_RBNSPEC_STACK,,,,84.5659583333319,-69.0221944444433
ADP.2019-01-31T23_53_46.534.fits,pos108,2003-12-03T08:13:17.621,52976.34256507,GIRAFFE,ESO-VLT-U2,ADP.2019-01-31T23:53:46.534.fits,072.C-0348(A),SCIENCE_RBNSPEC_STACK,,,,84.3995833333319,-69.1121666666655
ADP.2019-01-31T23_53_46.539.fits,t26,2003-12-03T05:54:18.706,52976.24604984,GIRAFFE,ESO-VLT-U2,ADP.2019-01-31T23:53:46.539.fits,072.C-0348(A),SCIENCE_RBNSPEC_STACK,,,,84.6127083333319,-69.0666388888877
ADP.2019-01-31T23_53_46.543.fits,t25,2003-12-03T06:23:27.943,52976.26629564,GIRAFFE,ESO-VLT-U2,ADP.2019-01-31T23:53:46.543.fits,072.C-0348(A),SCIENCE_RBNSPEC_STACK,,,,84.5971249999985,-69.0666388888877
ADP.2019-01-31T23_53_46.547.fits,pos068,2003-12-03T06:59:35.192,52976.29137954,GIRAFFE,ESO-VLT-U2,ADP.2019-01-31T23:53:46.547.fits,072.C-0348(A),SCIENCE_RBNSPEC_STACK,,,,84.8513749999986,-69.0875833333322
ADP.2019-01-31T23_53_46.552.fits,t46,2003-12-03T03:42:56.961,52976.15482594,GIRAFFE,ESO-VLT-U2,ADP.2019-01-31T23:53:46.552.fits,072.C-0348(A),SCIENCE_RBNSPEC_STACK,,,,84.6282499999986,-69.0221944444433
ADP.2019-01-31T23_53_46.564.fits,u01,2003-12-03T06:23:27.943,52976.26629564,GIRAFFE,ESO-VLT-U2,ADP.2019-01-31T23:53:46.564.fits,072.C-0348(A),SCIENCE_RBNSPEC_STACK,,,,84.8151249999986,-69.1777499999989
ADP.2019-01-31T23_53_46.568.fits,t15,2003-12-03T01:44:39.244,52976.07267644,GIRAFFE,ESO-VLT-U2,ADP.2019-01-31T23:53:46.568.fits,072.C-0348(A),SCIENCE_RBNSPEC_STACK,,,,84.5036666666652,-69.1444166666655
ADP.2019-01-31T23_53_46.572.fits,t53,2003-12-03T05:54:18.706,52976.24604984,GIRAFFE,ESO-VLT-U2,ADP.2019-01-31T23:53:46.572.fits,072.C-0348(A),SCIENCE_RBNSPEC_STACK,,,,84.7528333333319,-69.0666388888877
ADP.2019-01-31T23_53_46.588.fits,pos098,2003-12-03T07:36:20.171,52976.31690013,GIRAFFE,ESO-VLT-U2,ADP.2019-01-31T23:53:46.588.fits,072.C-0348(A),SCIENCE_RBNSPEC_STACK,,,,84.8219583333319,-69.0285555555544
ADP.2019-01-31T23_53_46.593.fits,pos008,2003-12-03T07:36:20.171,52976.31690013,GIRAFFE,ESO-VLT-U2,ADP.2019-01-31T23:53:46.593.fits,072.C-0348(A),SCIENCE_RBNSPEC_STACK,,,,84.6515833333319,-69.1058888888877
ADP.2019-01-31T23_53_46.598.fits,pos110,2003-12-03T07:36:20.171,52976.31690013,GIRAFFE,ESO-VLT-U2,ADP.2019-01-31T23:53:46.598.fits,072.C-0348(A),SCIENCE_RBNSPEC_STACK,,,,84.3410416666652,-69.1148333333322
ADP.2019-01-31T23_53_46.627.fits,u28,2003-12-03T01:44:39.244,52976.07267644,GIRAFFE,ESO-VLT-U2,ADP.2019-01-31T23:53:46.627.fits,072.C-0348(A),SCIENCE_RBNSPEC_STACK,,,,84.8151249999986,-69.0444166666655
ADP.2019-01-31T23_53_46.639.fits,pos101,2003-12-03T07:36:20.171,52976.31690013,GIRAFFE,ESO-VLT-U2,ADP.2019-01-31T23:53:46.639.fits,072.C-0348(A),SCIENCE_RBNSPEC_STACK,,,,84.9421249999986,-69.1295277777766
ADP.2019-01-31T23_53_46.644.fits,t20,2003-12-03T05:54:18.706,52976.24604984,GIRAFFE,ESO-VLT-U2,ADP.2019-01-31T23:53:46.644.fits,072.C-0348(A),SCIENCE_RBNSPEC_STACK,,,,84.6127083333319,-69.1555277777766
ADP.2019-01-31T23_53_46.652.fits,pos117,2003-12-03T08:13:17.621,52976.34256507,GIRAFFE,ESO-VLT-U2,ADP.2019-01-31T23:53:46.652.fits,072.C-0348(A),SCIENCE_RBNSPEC_STACK,,,,84.8564999999986,-69.1939444444433
ADP.2019-01-31T23_53_46.665.fits,t13,2003-12-03T03:42:56.961,52976.15482594,GIRAFFE,ESO-VLT-U2,ADP.2019-01-31T23:53:46.665.fits,072.C-0348(A),SCIENCE_RBNSPEC_STACK,,,,84.4725416666653,-69.0221944444433
ADP.2019-01-31T23_53_46.673.fits,t58,2003-12-03T01:44:39.244,52976.07267644,GIRAFFE,ESO-VLT-U2,ADP.2019-01-31T23:53:46.673.fits,072.C-0348(A),SCIENCE_RBNSPEC_STACK,,,,84.6905416666652,-69.0666388888877
ADP.2019-01-31T23_53_46.685.fits,t32,2003-12-03T05:54:18.706,52976.24604984,GIRAFFE,ESO-VLT-U2,ADP.2019-01-31T23:53:46.685.fits,072.C-0348(A),SCIENCE_RBNSPEC_STACK,,,,84.6749999999986,-69.1777499999989
ADP.2019-01-31T23_53_46.689.fits,u38,2003-12-03T03:42:56.961,52976.15482594,GIRAFFE,ESO-VLT-U2,ADP.2019-01-31T23:53:46.689.fits,072.C-0348(A),SCIENCE_RBNSPEC_STACK,,,,84.8774583333319,-69.0221944444433
ADP.2019-01-31T23_53_46.693.fits,pos083,2003-12-03T07:36:20.171,52976.31690013,GIRAFFE,ESO-VLT-U2,ADP.2019-01-31T23:53:46.693.fits,072.C-0348(A),SCIENCE_RBNSPEC_STACK,,,,84.6874166666652,-69.080722222221
ADP.2019-01-31T23_53_46.718.fits,u16,2003-12-03T01:44:39.244,52976.07267644,GIRAFFE,ESO-VLT-U2,ADP.2019-01-31T23:53:46.718.fits,072.C-0348(A),SCIENCE_RBNSPEC_STACK,,,,84.7839999999986,-69.0888611111099
ADP.2019-01-31T23_53_46.722.fits,t28,2003-12-03T06:23:27.943,52976.26629564,GIRAFFE,ESO-VLT-U2,ADP.2019-01-31T23:53:46.722.fits,072.C-0348(A),SCIENCE_RBNSPEC_STACK,,,,84.6438333333319,-69.1777499999989
ADP.2019-01-31T23_53_46.734.fits,pos078,2003-12-03T07:36:20.171,52976.31690013,GIRAFFE,ESO-VLT-U2,ADP.2019-01-31T23:53:46.734.fits,072.C-0348(A),SCIENCE_RBNSPEC_STACK,,,,84.5508749999986,-69.1489166666655
ADP.2019-01-31T23_53_46.747.fits,pos013,2003-12-03T07:36:20.171,52976.31690013,GIRAFFE,ESO-VLT-U2,ADP.2019-01-31T23:53:46.747.fits,072.C-0348(A),SCIENCE_RBNSPEC_STACK,,,,84.6793749999986,-69.0755277777766
ADP.2019-01-31T23_53_46.752.fits,u40,2003-12-03T01:44:39.244,52976.07267644,GIRAFFE,ESO-VLT-U2,ADP.2019-01-31T23:53:46.752.fits,072.C-0348(A),SCIENCE_RBNSPEC_STACK,,,,84.9085833333319,-69.0888611111099
ADP.2019-01-31T23_53_46.756.fits,t45,2003-12-03T06:23:27.943,52976.26629564,GIRAFFE,ESO-VLT-U2,ADP.2019-01-31T23:53:46.756.fits,072.C-0348(A),SCIENCE_RBNSPEC_STACK,,,,84.7217083333319,-69.1221944444433
ADP.2019-01-31T23_53_46.760.fits,pos006,2003-12-03T07:36:20.171,52976.31690013,GIRAFFE,ESO-VLT-U2,ADP.2019-01-31T23:53:46.760.fits,072.C-0348(A),SCIENCE_RBNSPEC_STACK,,,,84.7250416666652,-69.0923888888877
ADP.2019-01-31T23_53_46.781.fits,t39,2003-12-03T03:42:56.961,52976.15482594,GIRAFFE,ESO-VLT-U2,ADP.2019-01-31T23:53:46.781.fits,072.C-0348(A),SCIENCE_RBNSPEC_STACK,,,,84.6282499999986,-69.1555277777766
ADP.2019-01-31T23_53_46.801.fits,pos080,2003-12-03T08:13:17.621,52976.34256507,GIRAFFE,ESO-VLT-U2,ADP.2019-01-31T23:53:46.801.fits,072.C-0348(A),SCIENCE_RBNSPEC_STACK,,,,84.6279166666652,-69.1359999999988
ADP.2019-01-31T23_53_46.806.fits,t45,2003-12-03T05:54:18.706,52976.24604984,GIRAFFE,ESO-VLT-U2,ADP.2019-01-31T23:53:46.806.fits,072.C-0348(A),SCIENCE_RBNSPEC_STACK,,,,84.7217083333319,-69.1221944444433
ADP.2019-01-31T23_53_46.810.fits,t52,2003-12-03T01:44:39.244,52976.07267644,GIRAFFE,ESO-VLT-U2,ADP.2019-01-31T23:53:46.810.fits,072.C-0348(A),SCIENCE_RBNSPEC_STACK,,,,84.6594166666653,-69.0444166666655
ADP.2019-01-31T23_53_46.822.fits,pos036,2003-12-03T08:13:17.621,52976.34256507,GIRAFFE,ESO-VLT-U2,ADP.2019-01-31T23:53:46.822.fits,072.C-0348(A),SCIENCE_RBNSPEC_STACK,,,,84.6720833333319,-69.1262777777766
ADP.2019-01-31T23_53_46.827.fits,pos108,2003-12-03T07:36:20.171,52976.31690013,GIRAFFE,ESO-VLT-U2,ADP.2019-01-31T23:53:46.827.fits,072.C-0348(A),SCIENCE_RBNSPEC_STACK,,,,84.3995833333319,-69.1121666666655
ADP.2019-01-31T23_53_46.832.fits,t49,2003-12-03T03:42:56.961,52976.15482594,GIRAFFE,ESO-VLT-U2,ADP.2019-01-31T23:53:46.832.fits,072.C-0348(A),SCIENCE_RBNSPEC_STACK,,,,84.6594166666653,-69.0333055555544
ADP.2019-01-31T23_53_46.840.fits,t48,2003-12-03T05:54:18.706,52976.24604984,GIRAFFE,ESO-VLT-U2,ADP.2019-01-31T23:53:46.840.fits,072.C-0348(A),SCIENCE_RBNSPEC_STACK,,,,84.7684166666652,-69.1777499999989
ADP.2019-01-31T23_53_46.856.fits,pos017,2003-12-03T07:36:20.171,52976.31690013,GIRAFFE,ESO-VLT-U2,ADP.2019-01-31T23:53:46.856.fits,072.C-0348(A),SCIENCE_RBNSPEC_STACK,,,,84.6474999999986,-69.0635833333322
ADP.2019-01-31T23_53_46.869.fits,t50,2003-12-03T03:42:56.961,52976.15482594,GIRAFFE,ESO-VLT-U2,ADP.2019-01-31T23:53:46.869.fits,072.C-0348(A),SCIENCE_RBNSPEC_STACK,,,,84.6594166666653,-69.0221944444433
ADP.2019-01-31T23_53_46.877.fits,u09,2003-12-03T03:42:56.961,52976.15482594,GIRAFFE,ESO-VLT-U2,ADP.2019-01-31T23:53:46.877.fits,072.C-0348(A),SCIENCE_RBNSPEC_STACK,,,,84.7839999999986,-69.0777499999988
ADP.2019-01-31T23_53_46.881.fits,t14,2003-12-03T03:42:56.961,52976.15482594,GIRAFFE,ESO-VLT-U2,ADP.2019-01-31T23:53:46.881.fits,072.C-0348(A),SCIENCE_RBNSPEC_STACK,,,,84.5036666666652,-69.1666388888877
ADP.2019-01-31T23_53_46.897.fits,pos088,2003-12-03T07:36:20.171,52976.31690013,GIRAFFE,ESO-VLT-U2,ADP.2019-01-31T23:53:46.897.fits,072.C-0348(A),SCIENCE_RBNSPEC_STACK,,,,84.5418749999986,-69.1336388888877
ADP.2019-01-31T23_53_46.902.fits,pos097,2003-12-03T08:13:17.621,52976.34256507,GIRAFFE,ESO-VLT-U2,ADP.2019-01-31T23:53:46.902.fits,072.C-0348(A),SCIENCE_RBNSPEC_STACK,,,,84.6660833333319,-69.02036111111
ADP.2019-01-31T23_53_46.907.fits,pos027,2003-12-03T06:59:35.192,52976.29137954,GIRAFFE,ESO-VLT-U2,ADP.2019-01-31T23:53:46.907.fits,072.C-0348(A),SCIENCE_RBNSPEC_STACK,,,,84.5355416666652,-69.0666666666655
ADP.2019-01-31T23_53_46.912.fits,t28,2003-12-03T01:44:39.244,52976.07267644,GIRAFFE,ESO-VLT-U2,ADP.2019-01-31T23:53:46.912.fits,072.C-0348(A),SCIENCE_RBNSPEC_STACK,,,,84.5659583333319,-69.1333055555544
ADP.2019-01-31T23_53_46.916.fits,pos075,2003-12-03T06:59:35.192,52976.29137954,GIRAFFE,ESO-VLT-U2,ADP.2019-01-31T23:53:46.916.fits,072.C-0348(A),SCIENCE_RBNSPEC_STACK,,,,84.7082083333319,-69.1202499999988
ADP.2019-01-31T23_53_46.921.fits,pos054,2003-12-03T06:59:35.192,52976.29137954,GIRAFFE,ESO-VLT-U2,ADP.2019-01-31T23:53:46.921.fits,072.C-0348(A),SCIENCE_RBNSPEC_STACK,,,,84.8492499999986,-69.1187777777766
ADP.2019-01-31T23_53_46.926.fits,t57,2003-12-03T01:44:39.244,52976.07267644,GIRAFFE,ESO-VLT-U2,ADP.2019-01-31T23:53:46.926.fits,072.C-0348(A),SCIENCE_RBNSPEC_STACK,,,,84.6905416666652,-69.0777499999988
ADP.2019-01-31T23_53_46.930.fits,t56,2003-12-03T05:54:18.706,52976.24604984,GIRAFFE,ESO-VLT-U2,ADP.2019-01-31T23:53:46.930.fits,072.C-0348(A),SCIENCE_RBNSPEC_STACK,,,,84.7684166666652,-69.0333055555544
ADP.2019-01-31T23_53_46.934.fits,pos057,2003-12-03T08:13:17.621,52976.34256507,GIRAFFE,ESO-VLT-U2,ADP.2019-01-31T23:53:46.934.fits,072.C-0348(A),SCIENCE_RBNSPEC_STACK,,,,84.8628333333319,-69.0949722222211
ADP.2019-01-31T23_53_46.963.fits,pos071,2003-12-03T06:59:35.192,52976.29137954,GIRAFFE,ESO-VLT-U2,ADP.2019-01-31T23:53:46.963.fits,072.C-0348(A),SCIENCE_RBNSPEC_STACK,,,,84.7409583333319,-69.0384722222211
ADP.2019-01-31T23_53_46.968.fits,u04,2003-12-03T03:42:56.961,52976.15482594,GIRAFFE,ESO-VLT-U2,ADP.2019-01-31T23:53:46.968.fits,072.C-0348(A),SCIENCE_RBNSPEC_STACK,,,,84.7528333333319,-69.1666388888877
ADP.2019-01-31T23_53_46.972.fits,t16,2003-12-03T01:44:39.244,52976.07267644,GIRAFFE,ESO-VLT-U2,ADP.2019-01-31T23:53:46.972.fits,072.C-0348(A),SCIENCE_RBNSPEC_STACK,,,,84.5036666666652,-69.1333055555544
ADP.2019-01-31T23_53_46.976.fits,t43,2003-12-03T01:44:39.244,52976.07267644,GIRAFFE,ESO-VLT-U2,ADP.2019-01-31T23:53:46.976.fits,072.C-0348(A),SCIENCE_RBNSPEC_STACK,,,,84.6282499999986,-69.099972222221
ADP.2019-01-31T23_53_46.980.fits,pos091,2003-12-03T08:13:17.621,52976.34256507,GIRAFFE,ESO-VLT-U2,ADP.2019-01-31T23:53:46.980.fits,072.C-0348(A),SCIENCE_RBNSPEC_STACK,,,,84.6275833333319,-69.2321111111099
ADP.2019-01-31T23_53_46.985.fits,t02,2003-12-03T06:23:27.943,52976.26629564,GIRAFFE,ESO-VLT-U2,ADP.2019-01-31T23:53:46.985.fits,072.C-0348(A),SCIENCE_RBNSPEC_STACK,,,,84.4569583333319,-69.1777499999989
ADP.2019-01-31T23_53_46.997.fits,pos002,2003-12-03T08:13:17.621,52976.34256507,GIRAFFE,ESO-VLT-U2,ADP.2019-01-31T23:53:46.997.fits,072.C-0348(A),SCIENCE_RBNSPEC_STACK,,,,84.6998749999986,-69.0843333333322
ADP.2019-01-31T23_53_47.002.fits,pos079,2003-12-03T07:36:20.171,52976.31690013,GIRAFFE,ESO-VLT-U2,ADP.2019-01-31T23:53:47.002.fits,072.C-0348(A),SCIENCE_RBNSPEC_STACK,,,,84.6320833333319,-69.1225555555544
ADP.2019-01-31T23_53_47.015.fits,pos077,2003-12-03T06:59:35.192,52976.29137954,GIRAFFE,ESO-VLT-U2,ADP.2019-01-31T23:53:47.015.fits,072.C-0348(A),SCIENCE_RBNSPEC_STACK,,,,84.5721666666652,-69.1583611111099
ADP.2019-01-31T23_53_47.024.fits,pos009,2003-12-03T08:13:17.621,52976.34256507,GIRAFFE,ESO-VLT-U2,ADP.2019-01-31T23:53:47.024.fits,072.C-0348(A),SCIENCE_RBNSPEC_STACK,,,,84.6669166666652,-69.1093333333321
ADP.2019-01-31T23_53_47.029.fits,t19,2003-12-03T01:44:39.244,52976.07267644,GIRAFFE,ESO-VLT-U2,ADP.2019-01-31T23:53:47.029.fits,072.C-0348(A),SCIENCE_RBNSPEC_STACK,,,,84.5348333333319,-69.099972222221
ADP.2019-01-31T23_53_47.037.fits,pos076,2003-12-03T08:13:17.621,52976.34256507,GIRAFFE,ESO-VLT-U2,ADP.2019-01-31T23:53:47.037.fits,072.C-0348(A),SCIENCE_RBNSPEC_STACK,,,,84.4966249999986,-69.13386111111
ADP.2019-01-31T23_53_47.050.fits,pos030,2003-12-03T08:13:17.621,52976.34256507,GIRAFFE,ESO-VLT-U2,ADP.2019-01-31T23:53:47.050.fits,072.C-0348(A),SCIENCE_RBNSPEC_STACK,,,,84.4849999999986,-69.0966388888877
ADP.2019-01-31T23_53_47.055.fits,t52,2003-12-03T03:42:56.961,52976.15482594,GIRAFFE,ESO-VLT-U2,ADP.2019-01-31T23:53:47.055.fits,072.C-0348(A),SCIENCE_RBNSPEC_STACK,,,,84.6905416666652,-69.1555277777766
ADP.2019-01-31T23_53_47.059.fits,t03,2003-12-03T03:42:56.961,52976.15482594,GIRAFFE,ESO-VLT-U2,ADP.2019-01-31T23:53:47.059.fits,072.C-0348(A),SCIENCE_RBNSPEC_STACK,,,,84.4725416666653,-69.1666388888877
ADP.2019-01-31T23_53_47.091.fits,t54,2003-12-03T05:54:18.706,52976.24604984,GIRAFFE,ESO-VLT-U2,ADP.2019-01-31T23:53:47.091.fits,072.C-0348(A),SCIENCE_RBNSPEC_STACK,,,,84.7684166666652,-69.0666388888877
ADP.2019-01-31T23_53_47.095.fits,t22,2003-12-03T06:23:27.943,52976.26629564,GIRAFFE,ESO-VLT-U2,ADP.2019-01-31T23:53:47.095.fits,072.C-0348(A),SCIENCE_RBNSPEC_STACK,,,,84.6127083333319,-69.1221944444433
ADP.2019-01-31T23_53_47.099.fits,t44,2003-12-03T01:44:39.244,52976.07267644,GIRAFFE,ESO-VLT-U2,ADP.2019-01-31T23:53:47.099.fits,072.C-0348(A),SCIENCE_RBNSPEC_STACK,,,,84.6282499999986,-69.0888611111099
ADP.2019-01-31T23_53_47.103.fits,pos118,2003-12-03T08:13:17.621,52976.34256507,GIRAFFE,ESO-VLT-U2,ADP.2019-01-31T23:53:47.103.fits,072.C-0348(A),SCIENCE_RBNSPEC_STACK,,,,84.6807916666652,-69.2833333333322
ADP.2019-01-31T23_53_47.108.fits,u10,2003-12-03T05:54:18.706,52976.24604984,GIRAFFE,ESO-VLT-U2,ADP.2019-01-31T23:53:47.108.fits,072.C-0348(A),SCIENCE_RBNSPEC_STACK,,,,84.8929999999986,-69.1221944444433
ADP.2019-01-31T23_53_47.112.fits,pos032,2003-12-03T07:36:20.171,52976.31690013,GIRAFFE,ESO-VLT-U2,ADP.2019-01-31T23:53:47.112.fits,072.C-0348(A),SCIENCE_RBNSPEC_STACK,,,,84.6767916666652,-69.1178611111099
ADP.2019-01-31T23_53_47.117.fits,pos031,2003-12-03T08:13:17.621,52976.34256507,GIRAFFE,ESO-VLT-U2,ADP.2019-01-31T23:53:47.117.fits,072.C-0348(A),SCIENCE_RBNSPEC_STACK,,,,84.5036249999986,-69.1027499999988
ADP.2019-01-31T23_53_47.122.fits,pos080,2003-12-03T06:59:35.192,52976.29137954,GIRAFFE,ESO-VLT-U2,ADP.2019-01-31T23:53:47.122.fits,072.C-0348(A),SCIENCE_RBNSPEC_STACK,,,,84.6279166666652,-69.1359999999988
ADP.2019-01-31T23_53_47.135.fits,t46,2003-12-03T06:23:27.943,52976.26629564,GIRAFFE,ESO-VLT-U2,ADP.2019-01-31T23:53:47.135.fits,072.C-0348(A),SCIENCE_RBNSPEC_STACK,,,,84.7372916666652,-69.1221944444433
ADP.2019-01-31T23_53_47.139.fits,t04,2003-12-03T06:23:27.943,52976.26629564,GIRAFFE,ESO-VLT-U2,ADP.2019-01-31T23:53:47.139.fits,072.C-0348(A),SCIENCE_RBNSPEC_STACK,,,,84.4880833333319,-69.1777499999989
ADP.2019-01-31T23_53_47.143.fits,pos072,2003-12-03T07:36:20.171,52976.31690013,GIRAFFE,ESO-VLT-U2,ADP.2019-01-31T23:53:47.143.fits,072.C-0348(A),SCIENCE_RBNSPEC_STACK,,,,84.7549583333319,-69.0397777777766
ADP.2019-01-31T23_53_47.148.fits,t43,2003-12-03T03:42:56.961,52976.15482594,GIRAFFE,ESO-VLT-U2,ADP.2019-01-31T23:53:47.148.fits,072.C-0348(A),SCIENCE_RBNSPEC_STACK,,,,84.6282499999986,-69.0555277777766
ADP.2019-01-31T23_53_47.152.fits,pos073,2003-12-03T08:13:17.621,52976.34256507,GIRAFFE,ESO-VLT-U2,ADP.2019-01-31T23:53:47.152.fits,072.C-0348(A),SCIENCE_RBNSPEC_STACK,,,,84.7741249999986,-69.0412499999988
ADP.2019-01-31T23_53_47.165.fits,pos047,2003-12-03T06:59:35.192,52976.29137954,GIRAFFE,ESO-VLT-U2,ADP.2019-01-31T23:53:47.165.fits,072.C-0348(A),SCIENCE_RBNSPEC_STACK,,,,84.7942916666652,-69.1367777777766
ADP.2019-01-31T23_53_47.170.fits,pos094,2003-12-03T08:13:17.621,52976.34256507,GIRAFFE,ESO-VLT-U2,ADP.2019-01-31T23:53:47.170.fits,072.C-0348(A),SCIENCE_RBNSPEC_STACK,,,,84.4316249999985,-69.1702222222211
ADP.2019-05-15T09_01_54.032.fits,90505,2006-02-26T03:09:46.340,53792.13178635,GIRAFFE,ESO-VLT-U2,ADP.2019-05-15T09:01:54.032.fits,076.D-0381(A),SCIENCE_RBNSPEC_IDP,,,,85.9069583333319,-69.1273888888877
ADP.2019-05-15T09_01_54.034.fits,303,2006-02-26T03:09:46.340,53792.13178635,GIRAFFE,ESO-VLT-U2,ADP.2019-05-15T09:01:54.034.fits,076.D-0381(A),SCIENCE_RBNSPEC_IDP,,,,86.0236249999985,-69.1565555555544
ADP.2019-05-15T09_01_54.036.fits,90033,2006-02-26T03:09:46.340,53792.13178635,GIRAFFE,ESO-VLT-U2,ADP.2019-05-15T09:01:54.036.fits,076.D-0381(A),SCIENCE_RBNSPEC_IDP,,,,85.8883749999985,-69.254722222221
ADP.2019-05-15T09_01_54.040.fits,93850,2006-02-26T03:09:46.340,53792.13178635,GIRAFFE,ESO-VLT-U2,ADP.2019-05-15T09:01:54.040.fits,076.D-0381(A),SCIENCE_RBNSPEC_IDP,,,,86.0908333333319,-69.0849444444433
ADP.2019-05-15T09_01_54.042.fits,92597,2006-02-26T03:09:46.340,53792.13178635,GIRAFFE,ESO-VLT-U2,ADP.2019-05-15T09:01:54.042.fits,076.D-0381(A),SCIENCE_RBNSPEC_IDP,,,,85.8026249999985,-69.0079166666655
ADP.2019-05-15T09_01_54.044.fits,90983,2006-02-26T03:09:46.340,53792.13178635,GIRAFFE,ESO-VLT-U2,ADP.2019-05-15T09:01:54.044.fits,076.D-0381(A),SCIENCE_RBNSPEC_IDP,,,,85.5678749999986,-69.2195277777766
ADP.2019-05-15T09_01_54.046.fits,94576,2006-02-26T03:09:46.340,53792.13178635,GIRAFFE,ESO-VLT-U2,ADP.2019-05-15T09:01:54.046.fits,076.D-0381(A),SCIENCE_RBNSPEC_IDP,,,,86.1396666666652,-69.1880555555544
ADP.2019-05-15T09_01_54.048.fits,91878,2006-02-26T03:09:46.340,53792.13178635,GIRAFFE,ESO-VLT-U2,ADP.2019-05-15T09:01:54.048.fits,076.D-0381(A),SCIENCE_RBNSPEC_IDP,,,,85.8607916666652,-69.1434999999988
ADP.2019-05-15T09_01_54.050.fits,94338,2006-02-26T03:09:46.340,53792.13178635,GIRAFFE,ESO-VLT-U2,ADP.2019-05-15T09:01:54.050.fits,076.D-0381(A),SCIENCE_RBNSPEC_IDP,,,,86.1834583333319,-69.1597499999988
ADP.2019-05-15T09_01_54.052.fits,90517,2006-02-26T03:09:46.340,53792.13178635,GIRAFFE,ESO-VLT-U2,ADP.2019-05-15T09:01:54.052.fits,076.D-0381(A),SCIENCE_RBNSPEC_IDP,,,,85.7753749999985,-69.2699444444433
ADP.2019-05-15T09_01_54.054.fits,91778,2006-02-26T03:09:46.340,53792.13178635,GIRAFFE,ESO-VLT-U2,ADP.2019-05-15T09:01:54.054.fits,076.D-0381(A),SCIENCE_RBNSPEC_IDP,,,,85.9182916666652,-69.2895277777766
ADP.2019-05-15T09_01_54.056.fits,90547,2006-02-26T03:09:46.340,53792.13178635,GIRAFFE,ESO-VLT-U2,ADP.2019-05-15T09:01:54.056.fits,076.D-0381(A),SCIENCE_RBNSPEC_IDP,,,,85.6857083333319,-69.0756944444433
ADP.2019-05-15T09_01_54.058.fits,93178,2006-02-26T03:09:46.340,53792.13178635,GIRAFFE,ESO-VLT-U2,ADP.2019-05-15T09:01:54.058.fits,076.D-0381(A),SCIENCE_RBNSPEC_IDP,,,,86.2265416666652,-69.1586666666655
ADP.2019-05-15T09_01_54.062.fits,90972,2006-02-26T03:09:46.340,53792.13178635,GIRAFFE,ESO-VLT-U2,ADP.2019-05-15T09:01:54.062.fits,076.D-0381(A),SCIENCE_RBNSPEC_IDP,,,,85.4494166666652,-69.2016388888877
ADP.2019-05-15T09_01_54.066.fits,93013,2006-02-26T03:09:46.340,53792.13178635,GIRAFFE,ESO-VLT-U2,ADP.2019-05-15T09:01:54.066.fits,076.D-0381(A),SCIENCE_RBNSPEC_IDP,,,,85.9425833333319,-69.2394166666655
ADP.2019-05-15T09_01_54.068.fits,94692,2006-02-26T03:09:46.340,53792.13178635,GIRAFFE,ESO-VLT-U2,ADP.2019-05-15T09:01:54.068.fits,076.D-0381(A),SCIENCE_RBNSPEC_IDP,,,,86.1189999999986,-69.0924999999988
ADP.2019-05-15T09_01_54.070.fits,94826,2006-02-26T03:09:46.340,53792.13178635,GIRAFFE,ESO-VLT-U2,ADP.2019-05-15T09:01:54.070.fits,076.D-0381(A),SCIENCE_RBNSPEC_IDP,,,,86.2283749999985,-69.2183611111099
ADP.2019-05-15T09_01_54.072.fits,167,2006-02-26T03:09:46.340,53792.13178635,GIRAFFE,ESO-VLT-U2,ADP.2019-05-15T09:01:54.072.fits,076.D-0381(A),SCIENCE_RBNSPEC_IDP,,,,86.0550833333319,-69.1982499999988
ADP.2019-05-15T09_01_54.076.fits,92695,2006-02-26T03:09:46.340,53792.13178635,GIRAFFE,ESO-VLT-U2,ADP.2019-05-15T09:01:54.076.fits,076.D-0381(A),SCIENCE_RBNSPEC_IDP,,,,85.4866249999986,-69.3043055555544
ADP.2019-05-15T09_01_54.080.fits,90417,2006-02-26T03:09:46.340,53792.13178635,GIRAFFE,ESO-VLT-U2,ADP.2019-05-15T09:01:54.080.fits,076.D-0381(A),SCIENCE_RBNSPEC_IDP,,,,85.9036666666652,-69.1323333333322
ADP.2019-05-15T09_01_54.082.fits,92774,2006-02-26T03:09:46.340,53792.13178635,GIRAFFE,ESO-VLT-U2,ADP.2019-05-15T09:01:54.082.fits,076.D-0381(A),SCIENCE_RBNSPEC_IDP,,,,85.5311249999986,-69.2139444444433
ADP.2019-05-15T09_01_54.084.fits,793,2006-02-26T03:09:46.340,53792.13178635,GIRAFFE,ESO-VLT-U2,ADP.2019-05-15T09:01:54.084.fits,076.D-0381(A),SCIENCE_RBNSPEC_IDP,,,,85.9522083333319,-69.1500277777766
ADP.2019-05-15T09_01_54.088.fits,92769,2006-02-26T03:09:46.340,53792.13178635,GIRAFFE,ESO-VLT-U2,ADP.2019-05-15T09:01:54.088.fits,076.D-0381(A),SCIENCE_RBNSPEC_IDP,,,,85.9321666666652,-69.1264999999988
ADP.2019-05-15T09_01_54.090.fits,92209,2006-02-26T03:09:46.340,53792.13178635,GIRAFFE,ESO-VLT-U2,ADP.2019-05-15T09:01:54.090.fits,076.D-0381(A),SCIENCE_RBNSPEC_IDP,,,,85.9575833333319,-69.0069166666655
ADP.2019-05-15T09_01_54.092.fits,90045,2006-02-26T03:09:46.340,53792.13178635,GIRAFFE,ESO-VLT-U2,ADP.2019-05-15T09:01:54.092.fits,076.D-0381(A),SCIENCE_RBNSPEC_IDP,,,,85.9336666666652,-69.0040833333322
ADP.2019-05-15T09_01_54.094.fits,75,2006-02-26T03:09:46.340,53792.13178635,GIRAFFE,ESO-VLT-U2,ADP.2019-05-15T09:01:54.094.fits,076.D-0381(A),SCIENCE_RBNSPEC_IDP,,,,86.0761249999985,-69.1700833333322
ADP.2019-05-15T09_01_54.096.fits,92566,2006-02-26T03:09:46.340,53792.13178635,GIRAFFE,ESO-VLT-U2,ADP.2019-05-15T09:01:54.096.fits,076.D-0381(A),SCIENCE_RBNSPEC_IDP,,,,85.5079166666652,-69.3063055555544
ADP.2019-05-15T09_01_54.098.fits,90464,2006-02-26T03:09:46.340,53792.13178635,GIRAFFE,ESO-VLT-U2,ADP.2019-05-15T09:01:54.098.fits,076.D-0381(A),SCIENCE_RBNSPEC_IDP,,,,85.5294583333319,-69.2184722222211
ADP.2019-05-15T09_01_54.100.fits,93161,2006-02-26T03:09:46.340,53792.13178635,GIRAFFE,ESO-VLT-U2,ADP.2019-05-15T09:01:54.100.fits,076.D-0381(A),SCIENCE_RBNSPEC_IDP,,,,86.0913749999985,-69.1175555555544
ADP.2019-05-15T09_01_54.102.fits,91342,2006-02-26T03:09:46.340,53792.13178635,GIRAFFE,ESO-VLT-U2,ADP.2019-05-15T09:01:54.102.fits,076.D-0381(A),SCIENCE_RBNSPEC_IDP,,,,85.8509583333319,-69.3708333333322
ADP.2019-05-15T09_01_54.104.fits,94914,2006-02-26T03:09:46.340,53792.13178635,GIRAFFE,ESO-VLT-U2,ADP.2019-05-15T09:01:54.104.fits,076.D-0381(A),SCIENCE_RBNSPEC_IDP,,,,86.1433749999986,-69.0876944444433
ADP.2019-05-15T09_01_54.106.fits,1103,2006-02-26T03:09:46.340,53792.13178635,GIRAFFE,ESO-VLT-U2,ADP.2019-05-15T09:01:54.106.fits,076.D-0381(A),SCIENCE_RBNSPEC_IDP,,,,85.8917916666652,-69.1911944444433
ADP.2019-05-15T09_01_54.108.fits,93159,2006-02-26T03:09:46.340,53792.13178635,GIRAFFE,ESO-VLT-U2,ADP.2019-05-15T09:01:54.108.fits,076.D-0381(A),SCIENCE_RBNSPEC_IDP,,,,85.9320416666652,-69.2367499999988
ADP.2019-05-15T09_01_54.112.fits,95161,2006-02-26T03:09:46.340,53792.13178635,GIRAFFE,ESO-VLT-U2,ADP.2019-05-15T09:01:54.112.fits,076.D-0381(A),SCIENCE_RBNSPEC_IDP,,,,86.2200833333319,-69.2194444444433
ADP.2019-05-15T09_01_54.114.fits,90167,2006-02-26T03:09:46.340,53792.13178635,GIRAFFE,ESO-VLT-U2,ADP.2019-05-15T09:01:54.114.fits,076.D-0381(A),SCIENCE_RBNSPEC_IDP,,,,85.7347499999985,-69.0563055555544
ADP.2019-05-15T09_01_54.116.fits,91871,2006-02-26T03:09:46.340,53792.13178635,GIRAFFE,ESO-VLT-U2,ADP.2019-05-15T09:01:54.116.fits,076.D-0381(A),SCIENCE_RBNSPEC_IDP,,,,85.5752916666652,-69.3117777777766
ADP.2019-05-15T09_01_54.118.fits,91539,2006-02-26T03:09:46.340,53792.13178635,GIRAFFE,ESO-VLT-U2,ADP.2019-05-15T09:01:54.118.fits,076.D-0381(A),SCIENCE_RBNSPEC_IDP,,,,85.8393749999985,-69.269722222221
ADP.2019-05-15T09_01_54.122.fits,92778,2006-02-26T03:09:46.340,53792.13178635,GIRAFFE,ESO-VLT-U2,ADP.2019-05-15T09:01:54.122.fits,076.D-0381(A),SCIENCE_RBNSPEC_IDP,,,,85.9146249999986,-69.0091944444433
ADP.2019-05-15T09_01_54.124.fits,93655,2006-02-26T03:09:46.340,53792.13178635,GIRAFFE,ESO-VLT-U2,ADP.2019-05-15T09:01:54.124.fits,076.D-0381(A),SCIENCE_RBNSPEC_IDP,,,,86.2451666666652,-69.184722222221
ADP.2019-05-15T09_01_54.126.fits,94367,2006-02-26T03:09:46.340,53792.13178635,GIRAFFE,ESO-VLT-U2,ADP.2019-05-15T09:01:54.126.fits,076.D-0381(A),SCIENCE_RBNSPEC_IDP,,,,86.0175416666652,-68.9804444444433
ADP.2019-05-15T09_01_54.128.fits,94459,2006-02-26T03:09:46.340,53792.13178635,GIRAFFE,ESO-VLT-U2,ADP.2019-05-15T09:01:54.128.fits,076.D-0381(A),SCIENCE_RBNSPEC_IDP,,,,86.1690833333319,-69.24911111111
ADP.2019-05-15T09_01_54.130.fits,91729,2006-02-26T03:09:46.340,53792.13178635,GIRAFFE,ESO-VLT-U2,ADP.2019-05-15T09:01:54.130.fits,076.D-0381(A),SCIENCE_RBNSPEC_IDP,,,,85.5090833333319,-69.2575833333322
ADP.2019-05-15T09_01_54.134.fits,90,2006-02-26T03:09:46.340,53792.13178635,GIRAFFE,ESO-VLT-U2,ADP.2019-05-15T09:01:54.134.fits,076.D-0381(A),SCIENCE_RBNSPEC_IDP,,,,86.0739166666652,-69.1878055555544
ADP.2019-05-15T09_01_54.136.fits,90381,2006-02-26T03:09:46.340,53792.13178635,GIRAFFE,ESO-VLT-U2,ADP.2019-05-15T09:01:54.136.fits,076.D-0381(A),SCIENCE_RBNSPEC_IDP,,,,85.8406666666652,-68.9935277777766
ADP.2019-05-15T09_01_54.138.fits,91402,2006-02-26T03:09:46.340,53792.13178635,GIRAFFE,ESO-VLT-U2,ADP.2019-05-15T09:01:54.138.fits,076.D-0381(A),SCIENCE_RBNSPEC_IDP,,,,85.6099583333319,-69.3306111111099
ADP.2019-05-15T09_01_54.140.fits,94958,2006-02-26T03:09:46.340,53792.13178635,GIRAFFE,ESO-VLT-U2,ADP.2019-05-15T09:01:54.140.fits,076.D-0381(A),SCIENCE_RBNSPEC_IDP,,,,86.1255833333319,-69.2060833333322
ADP.2019-05-15T09_01_54.142.fits,94530,2006-02-26T03:09:46.340,53792.13178635,GIRAFFE,ESO-VLT-U2,ADP.2019-05-15T09:01:54.142.fits,076.D-0381(A),SCIENCE_RBNSPEC_IDP,,,,86.0504583333319,-68.9898611111099
ADP.2019-05-15T09_01_54.144.fits,90271,2006-02-26T03:09:46.340,53792.13178635,GIRAFFE,ESO-VLT-U2,ADP.2019-05-15T09:01:54.144.fits,076.D-0381(A),SCIENCE_RBNSPEC_IDP,,,,85.5211666666652,-69.2119999999988
ADP.2019-05-15T09_01_54.146.fits,93579,2006-02-26T03:09:46.340,53792.13178635,GIRAFFE,ESO-VLT-U2,ADP.2019-05-15T09:01:54.146.fits,076.D-0381(A),SCIENCE_RBNSPEC_IDP,,,,86.0253333333319,-69.0800277777766
ADP.2019-05-15T09_01_54.148.fits,93521,2006-02-26T03:09:46.340,53792.13178635,GIRAFFE,ESO-VLT-U2,ADP.2019-05-15T09:01:54.148.fits,076.D-0381(A),SCIENCE_RBNSPEC_IDP,,,,86.2844166666652,-69.0993888888877
ADP.2019-05-15T09_01_54.150.fits,95302,2006-02-26T03:09:46.340,53792.13178635,GIRAFFE,ESO-VLT-U2,ADP.2019-05-15T09:01:54.150.fits,076.D-0381(A),SCIENCE_RBNSPEC_IDP,,,,86.2805833333318,-69.0797777777766
ADP.2019-05-15T09_01_54.152.fits,93110,2006-02-26T03:09:46.340,53792.13178635,GIRAFFE,ESO-VLT-U2,ADP.2019-05-15T09:01:54.152.fits,076.D-0381(A),SCIENCE_RBNSPEC_IDP,,,,86.1648749999985,-69.1986666666655
ADP.2019-05-15T09_01_54.154.fits,95032,2006-02-26T03:09:46.340,53792.13178635,GIRAFFE,ESO-VLT-U2,ADP.2019-05-15T09:01:54.154.fits,076.D-0381(A),SCIENCE_RBNSPEC_IDP,,,,86.1074583333319,-69.0821388888877
ADP.2019-05-15T09_01_54.156.fits,92341,2006-02-26T03:09:46.340,53792.13178635,GIRAFFE,ESO-VLT-U2,ADP.2019-05-15T09:01:54.156.fits,076.D-0381(A),SCIENCE_RBNSPEC_IDP,,,,85.5964166666652,-69.0483333333322
ADP.2019-05-15T09_01_54.158.fits,1233,2006-02-26T03:09:46.340,53792.13178635,GIRAFFE,ESO-VLT-U2,ADP.2019-05-15T09:01:54.158.fits,076.D-0381(A),SCIENCE_RBNSPEC_IDP,,,,86.0101249999986,-69.2151111111099
ADP.2019-05-15T09_01_54.164.fits,94667,2006-02-26T03:09:46.340,53792.13178635,GIRAFFE,ESO-VLT-U2,ADP.2019-05-15T09:01:54.164.fits,076.D-0381(A),SCIENCE_RBNSPEC_IDP,,,,86.3077916666652,-69.125722222221
ADP.2019-05-15T09_01_54.166.fits,93480,2006-02-26T03:09:46.340,53792.13178635,GIRAFFE,ESO-VLT-U2,ADP.2019-05-15T09:01:54.166.fits,076.D-0381(A),SCIENCE_RBNSPEC_IDP,,,,86.1212916666652,-69.2195555555544
ADP.2019-05-15T09_01_54.168.fits,90469,2006-02-26T03:09:46.340,53792.13178635,GIRAFFE,ESO-VLT-U2,ADP.2019-05-15T09:01:54.168.fits,076.D-0381(A),SCIENCE_RBNSPEC_IDP,,,,85.8579999999985,-69.1520833333322
ADP.2019-05-15T09_01_54.172.fits,443,2006-02-26T03:09:46.340,53792.13178635,GIRAFFE,ESO-VLT-U2,ADP.2019-05-15T09:01:54.172.fits,076.D-0381(A),SCIENCE_RBNSPEC_IDP,,,,85.9959166666652,-69.1768888888877
ADP.2019-05-15T09_01_54.174.fits,93263,2006-02-26T03:09:46.340,53792.13178635,GIRAFFE,ESO-VLT-U2,ADP.2019-05-15T09:01:54.174.fits,076.D-0381(A),SCIENCE_RBNSPEC_IDP,,,,86.0153749999985,-69.0016388888877
ADP.2019-05-15T09_01_54.176.fits,92556,2006-02-26T03:09:46.340,53792.13178635,GIRAFFE,ESO-VLT-U2,ADP.2019-05-15T09:01:54.176.fits,076.D-0381(A),SCIENCE_RBNSPEC_IDP,,,,85.8479166666652,-69.1956944444433
ADP.2019-05-15T09_01_54.178.fits,91072,2006-02-26T03:09:46.340,53792.13178635,GIRAFFE,ESO-VLT-U2,ADP.2019-05-15T09:01:54.178.fits,076.D-0381(A),SCIENCE_RBNSPEC_IDP,,,,85.7904583333319,-69.1296666666655
ADP.2019-05-15T09_01_54.180.fits,91268,2006-02-26T03:09:46.340,53792.13178635,GIRAFFE,ESO-VLT-U2,ADP.2019-05-15T09:01:54.180.fits,076.D-0381(A),SCIENCE_RBNSPEC_IDP,,,,85.4229166666652,-69.1977222222211
ADP.2019-05-15T09_01_54.182.fits,91450,2006-02-26T03:09:46.340,53792.13178635,GIRAFFE,ESO-VLT-U2,ADP.2019-05-15T09:01:54.182.fits,076.D-0381(A),SCIENCE_RBNSPEC_IDP,,,,85.6476666666652,-69.0765277777766
ADP.2019-05-15T09_01_54.184.fits,91798,2006-02-26T03:09:46.340,53792.13178635,GIRAFFE,ESO-VLT-U2,ADP.2019-05-15T09:01:54.184.fits,076.D-0381(A),SCIENCE_RBNSPEC_IDP,,,,85.8761666666652,-69.1355555555544
ADP.2019-05-15T09_01_54.186.fits,94631,2006-02-26T03:09:46.340,53792.13178635,GIRAFFE,ESO-VLT-U2,ADP.2019-05-15T09:01:54.186.fits,076.D-0381(A),SCIENCE_RBNSPEC_IDP,,,,86.2770416666652,-69.1948611111099
ADP.2019-05-15T09_01_54.188.fits,92730,2006-02-26T03:09:46.340,53792.13178635,GIRAFFE,ESO-VLT-U2,ADP.2019-05-15T09:01:54.188.fits,076.D-0381(A),SCIENCE_RBNSPEC_IDP,,,,85.5856249999986,-69.2269166666655
ADP.2019-05-15T09_01_54.192.fits,93374,2006-02-26T03:09:46.340,53792.13178635,GIRAFFE,ESO-VLT-U2,ADP.2019-05-15T09:01:54.192.fits,076.D-0381(A),SCIENCE_RBNSPEC_IDP,,,,86.2203333333319,-69.1301388888877
ADP.2019-05-15T09_01_54.194.fits,92717,2006-02-26T03:09:46.340,53792.13178635,GIRAFFE,ESO-VLT-U2,ADP.2019-05-15T09:01:54.194.fits,076.D-0381(A),SCIENCE_RBNSPEC_IDP,,,,85.6194583333319,-69.2876944444433
ADP.2019-05-15T09_01_54.196.fits,94989,2006-02-26T03:09:46.340,53792.13178635,GIRAFFE,ESO-VLT-U2,ADP.2019-05-15T09:01:54.196.fits,076.D-0381(A),SCIENCE_RBNSPEC_IDP,,,,86.2353333333319,-69.1309444444433
ADP.2019-05-15T09_01_54.198.fits,92906,2006-02-26T03:09:46.340,53792.13178635,GIRAFFE,ESO-VLT-U2,ADP.2019-05-15T09:01:54.198.fits,076.D-0381(A),SCIENCE_RBNSPEC_IDP,,,,86.2307499999985,-69.1682499999988
ADP.2019-05-15T09_01_54.200.fits,91173,2006-02-26T03:09:46.340,53792.13178635,GIRAFFE,ESO-VLT-U2,ADP.2019-05-15T09:01:54.200.fits,076.D-0381(A),SCIENCE_RBNSPEC_IDP,,,,85.5517916666652,-69.1977777777766
ADP.2019-05-15T09_01_54.202.fits,94983,2006-02-26T03:09:46.340,53792.13178635,GIRAFFE,ESO-VLT-U2,ADP.2019-05-15T09:01:54.202.fits,076.D-0381(A),SCIENCE_RBNSPEC_IDP,,,,86.2774166666652,-69.0862499999988
ADP.2019-05-15T09_01_54.204.fits,94708,2006-02-26T03:09:46.340,53792.13178635,GIRAFFE,ESO-VLT-U2,ADP.2019-05-15T09:01:54.204.fits,076.D-0381(A),SCIENCE_RBNSPEC_IDP,,,,86.0358749999986,-69.0908055555544
ADP.2019-05-15T09_01_54.208.fits,92518,2006-02-26T03:09:46.340,53792.13178635,GIRAFFE,ESO-VLT-U2,ADP.2019-05-15T09:01:54.208.fits,076.D-0381(A),SCIENCE_RBNSPEC_IDP,,,,85.4786666666652,-69.2121666666655
ADP.2019-05-15T09_01_54.210.fits,1300,2006-02-26T03:09:46.340,53792.13178635,GIRAFFE,ESO-VLT-U2,ADP.2019-05-15T09:01:54.210.fits,076.D-0381(A),SCIENCE_RBNSPEC_IDP,,,,85.9157499999986,-69.1692499999989
ADP.2019-05-15T09_01_54.212.fits,94537,2006-02-26T03:09:46.340,53792.13178635,GIRAFFE,ESO-VLT-U2,ADP.2019-05-15T09:01:54.212.fits,076.D-0381(A),SCIENCE_RBNSPEC_IDP,,,,86.0822083333319,-69.0899722222211
ADP.2019-05-15T09_01_54.216.fits,93390,2006-02-26T03:09:46.340,53792.13178635,GIRAFFE,ESO-VLT-U2,ADP.2019-05-15T09:01:54.216.fits,076.D-0381(A),SCIENCE_RBNSPEC_IDP,,,,86.1138333333319,-69.1589722222211
ADP.2019-05-15T09_01_54.218.fits,93301,2006-02-26T03:09:46.340,53792.13178635,GIRAFFE,ESO-VLT-U2,ADP.2019-05-15T09:01:54.218.fits,076.D-0381(A),SCIENCE_RBNSPEC_IDP,,,,86.0036249999986,-69.10261111111
ADP.2019-05-15T09_01_54.220.fits,93965,2006-02-26T03:09:46.340,53792.13178635,GIRAFFE,ESO-VLT-U2,ADP.2019-05-15T09:01:54.220.fits,076.D-0381(A),SCIENCE_RBNSPEC_IDP,,,,86.1564166666652,-69.0706944444433
ADP.2019-05-15T09_01_54.222.fits,92333,2006-02-26T03:09:46.340,53792.13178635,GIRAFFE,ESO-VLT-U2,ADP.2019-05-15T09:01:54.222.fits,076.D-0381(A),SCIENCE_RBNSPEC_IDP,,,,85.8536249999986,-69.1760555555544
ADP.2019-05-15T09_01_54.224.fits,93392,2006-02-26T03:09:46.340,53792.13178635,GIRAFFE,ESO-VLT-U2,ADP.2019-05-15T09:01:54.224.fits,076.D-0381(A),SCIENCE_RBNSPEC_IDP,,,,86.0628333333319,-69.1351388888877
ADP.2019-05-15T09_01_54.226.fits,94774,2006-02-26T03:09:46.340,53792.13178635,GIRAFFE,ESO-VLT-U2,ADP.2019-05-15T09:01:54.226.fits,076.D-0381(A),SCIENCE_RBNSPEC_IDP,,,,86.2392083333319,-69.1498055555544
ADP.2019-05-15T09_01_54.228.fits,92086,2006-02-26T03:09:46.340,53792.13178635,GIRAFFE,ESO-VLT-U2,ADP.2019-05-15T09:01:54.228.fits,076.D-0381(A),SCIENCE_RBNSPEC_IDP,,,,85.7987499999985,-69.0988333333322
ADP.2019-05-15T09_01_54.230.fits,90145,2006-02-26T03:09:46.340,53792.13178635,GIRAFFE,ESO-VLT-U2,ADP.2019-05-15T09:01:54.230.fits,076.D-0381(A),SCIENCE_RBNSPEC_IDP,,,,85.4919999999986,-69.2041666666655
ADP.2019-05-15T09_01_54.234.fits,92191,2006-02-26T03:09:46.340,53792.13178635,GIRAFFE,ESO-VLT-U2,ADP.2019-05-15T09:01:54.234.fits,076.D-0381(A),SCIENCE_RBNSPEC_IDP,,,,85.5482916666652,-69.219222222221
ADP.2019-05-15T09_01_54.236.fits,91996,2006-02-26T03:09:46.340,53792.13178635,GIRAFFE,ESO-VLT-U2,ADP.2019-05-15T09:01:54.236.fits,076.D-0381(A),SCIENCE_RBNSPEC_IDP,,,,85.7183749999986,-69.1591388888877
ADP.2019-05-15T09_01_54.238.fits,380,2006-02-26T03:09:46.340,53792.13178635,GIRAFFE,ESO-VLT-U2,ADP.2019-05-15T09:01:54.238.fits,076.D-0381(A),SCIENCE_RBNSPEC_IDP,,,,86.0063749999985,-69.20236111111
ADP.2019-05-15T09_01_54.240.fits,94451,2006-02-26T03:09:46.340,53792.13178635,GIRAFFE,ESO-VLT-U2,ADP.2019-05-15T09:01:54.240.fits,076.D-0381(A),SCIENCE_RBNSPEC_IDP,,,,86.2473749999986,-69.1253333333322
ADP.2019-05-15T09_01_54.244.fits,95011,2006-02-26T03:09:46.340,53792.13178635,GIRAFFE,ESO-VLT-U2,ADP.2019-05-15T09:01:54.244.fits,076.D-0381(A),SCIENCE_RBNSPEC_IDP,,,,86.2818333333319,-69.1829166666655
ADP.2019-05-15T09_01_54.246.fits,90990,2006-02-26T03:09:46.340,53792.13178635,GIRAFFE,ESO-VLT-U2,ADP.2019-05-15T09:01:54.246.fits,076.D-0381(A),SCIENCE_RBNSPEC_IDP,,,,85.7955833333319,-69.2746111111099
ADP.2019-05-15T09_01_54.248.fits,94405,2006-02-26T03:09:46.340,53792.13178635,GIRAFFE,ESO-VLT-U2,ADP.2019-05-15T09:01:54.248.fits,076.D-0381(A),SCIENCE_RBNSPEC_IDP,,,,85.9711249999986,-69.2591944444433
ADP.2019-05-15T09_01_54.250.fits,91542,2006-02-26T03:09:46.340,53792.13178635,GIRAFFE,ESO-VLT-U2,ADP.2019-05-15T09:01:54.250.fits,076.D-0381(A),SCIENCE_RBNSPEC_IDP,,,,85.6403749999986,-69.0461666666655
ADP.2019-05-15T09_01_54.252.fits,95326,2006-02-26T03:09:46.340,53792.13178635,GIRAFFE,ESO-VLT-U2,ADP.2019-05-15T09:01:54.252.fits,076.D-0381(A),SCIENCE_RBNSPEC_IDP,,,,86.1137916666652,-68.9983611111099
ADP.2019-05-15T09_01_54.254.fits,153,2006-02-26T03:09:46.340,53792.13178635,GIRAFFE,ESO-VLT-U2,ADP.2019-05-15T09:01:54.254.fits,076.D-0381(A),SCIENCE_RBNSPEC_IDP,,,,86.0594166666652,-69.1546944444433
ADP.2019-05-15T09_01_54.256.fits,91992,2006-02-26T03:09:46.340,53792.13178635,GIRAFFE,ESO-VLT-U2,ADP.2019-05-15T09:01:54.256.fits,076.D-0381(A),SCIENCE_RBNSPEC_IDP,,,,85.8877083333319,-69.0761944444433
ADP.2019-05-15T09_01_54.258.fits,90742,2006-02-26T03:09:46.340,53792.13178635,GIRAFFE,ESO-VLT-U2,ADP.2019-05-15T09:01:54.258.fits,076.D-0381(A),SCIENCE_RBNSPEC_IDP,,,,85.5587916666652,-69.3371666666655
ADP.2019-05-15T09_01_54.260.fits,93310,2006-02-26T03:09:46.340,53792.13178635,GIRAFFE,ESO-VLT-U2,ADP.2019-05-15T09:01:54.260.fits,076.D-0381(A),SCIENCE_RBNSPEC_IDP,,,,86.2003333333319,-69.15011111111
ADP.2019-05-15T09_01_54.262.fits,92876,2006-02-26T03:09:46.340,53792.13178635,GIRAFFE,ESO-VLT-U2,ADP.2019-05-15T09:01:54.262.fits,076.D-0381(A),SCIENCE_RBNSPEC_IDP,,,,85.5637083333319,-69.2922777777766
ADP.2019-05-15T10_27_19.034.fits,92695,2006-03-25T23:49:07.464,53819.99244751,GIRAFFE,ESO-VLT-U2,ADP.2019-05-15T10:27:19.034.fits,076.D-0381(A),SCIENCE_RBNSPEC_IDP,,,,85.4866249999986,-69.3043055555544
ADP.2019-05-15T10_27_19.039.fits,793,2006-03-25T23:49:07.464,53819.99244751,GIRAFFE,ESO-VLT-U2,ADP.2019-05-15T10:27:19.039.fits,076.D-0381(A),SCIENCE_RBNSPEC_IDP,,,,85.9522083333319,-69.1500277777766
ADP.2019-05-15T10_27_19.060.fits,93480,2006-03-26T00:38:25.307,53820.02668181,GIRAFFE,ESO-VLT-U2,ADP.2019-05-15T10:27:19.060.fits,076.D-0381(A),SCIENCE_RBNSPEC_IDP,,,,86.1212916666652,-69.2195555555544
ADP.2019-05-15T10_27_19.065.fits,92556,2006-03-26T00:38:25.307,53820.02668181,GIRAFFE,ESO-VLT-U2,ADP.2019-05-15T10:27:19.065.fits,076.D-0381(A),SCIENCE_RBNSPEC_IDP,,,,85.8479166666652,-69.1956944444433
ADP.2019-05-15T10_27_19.067.fits,167,2006-03-25T23:49:07.464,53819.99244751,GIRAFFE,ESO-VLT-U2,ADP.2019-05-15T10:27:19.067.fits,076.D-0381(A),SCIENCE_RBNSPEC_IDP,,,,86.0550833333319,-69.1982499999988
ADP.2019-05-15T10_27_19.069.fits,94367,2006-03-25T23:49:07.464,53819.99244751,GIRAFFE,ESO-VLT-U2,ADP.2019-05-15T10:27:19.069.fits,076.D-0381(A),SCIENCE_RBNSPEC_IDP,,,,86.0175416666652,-68.9804444444433
ADP.2019-05-15T10_27_19.078.fits,93263,2006-03-25T23:49:07.464,53819.99244751,GIRAFFE,ESO-VLT-U2,ADP.2019-05-15T10:27:19.078.fits,076.D-0381(A),SCIENCE_RBNSPEC_IDP,,,,86.0153749999985,-69.0016388888877
ADP.2019-05-15T10_27_19.087.fits,90972,2006-03-26T00:38:25.307,53820.02668181,GIRAFFE,ESO-VLT-U2,ADP.2019-05-15T10:27:19.087.fits,076.D-0381(A),SCIENCE_RBNSPEC_IDP,,,,85.4494166666652,-69.2016388888877
ADP.2019-05-15T10_27_19.089.fits,93159,2006-03-25T23:49:07.464,53819.99244751,GIRAFFE,ESO-VLT-U2,ADP.2019-05-15T10:27:19.089.fits,076.D-0381(A),SCIENCE_RBNSPEC_IDP,,,,85.9320416666652,-69.2367499999988
ADP.2019-05-15T10_27_19.093.fits,90145,2006-03-25T23:49:07.464,53819.99244751,GIRAFFE,ESO-VLT-U2,ADP.2019-05-15T10:27:19.093.fits,076.D-0381(A),SCIENCE_RBNSPEC_IDP,,,,85.4919999999986,-69.2041666666655
ADP.2019-05-15T10_27_19.106.fits,94459,2006-03-26T00:38:25.307,53820.02668181,GIRAFFE,ESO-VLT-U2,ADP.2019-05-15T10:27:19.106.fits,076.D-0381(A),SCIENCE_RBNSPEC_IDP,,,,86.1690833333319,-69.24911111111
ADP.2019-05-15T10_27_19.116.fits,93521,2006-03-25T23:49:07.464,53819.99244751,GIRAFFE,ESO-VLT-U2,ADP.2019-05-15T10:27:19.116.fits,076.D-0381(A),SCIENCE_RBNSPEC_IDP,,,,86.2844166666652,-69.0993888888877
ADP.2019-05-15T10_27_19.118.fits,92876,2006-03-26T00:38:25.307,53820.02668181,GIRAFFE,ESO-VLT-U2,ADP.2019-05-15T10:27:19.118.fits,076.D-0381(A),SCIENCE_RBNSPEC_IDP,,,,85.5637083333319,-69.2922777777766
ADP.2019-05-15T10_27_19.122.fits,91268,2006-03-25T23:49:07.464,53819.99244751,GIRAFFE,ESO-VLT-U2,ADP.2019-05-15T10:27:19.122.fits,076.D-0381(A),SCIENCE_RBNSPEC_IDP,,,,85.4229166666652,-69.1977222222211
ADP.2019-05-15T10_27_19.124.fits,94958,2006-03-26T00:38:25.307,53820.02668181,GIRAFFE,ESO-VLT-U2,ADP.2019-05-15T10:27:19.124.fits,076.D-0381(A),SCIENCE_RBNSPEC_IDP,,,,86.1255833333319,-69.2060833333322
ADP.2019-05-15T10_27_19.128.fits,93965,2006-03-26T00:38:25.307,53820.02668181,GIRAFFE,ESO-VLT-U2,ADP.2019-05-15T10:27:19.128.fits,076.D-0381(A),SCIENCE_RBNSPEC_IDP,,,,86.1564166666652,-69.0706944444433
ADP.2019-05-15T10_27_19.157.fits,94631,2006-03-25T23:49:07.464,53819.99244751,GIRAFFE,ESO-VLT-U2,ADP.2019-05-15T10:27:19.157.fits,076.D-0381(A),SCIENCE_RBNSPEC_IDP,,,,86.2770416666652,-69.1948611111099
ADP.2019-05-15T10_27_19.163.fits,95032,2006-03-25T23:49:07.464,53819.99244751,GIRAFFE,ESO-VLT-U2,ADP.2019-05-15T10:27:19.163.fits,076.D-0381(A),SCIENCE_RBNSPEC_IDP,,,,86.1074583333319,-69.0821388888877
ADP.2019-05-15T10_27_19.165.fits,90983,2006-03-26T00:38:25.307,53820.02668181,GIRAFFE,ESO-VLT-U2,ADP.2019-05-15T10:27:19.165.fits,076.D-0381(A),SCIENCE_RBNSPEC_IDP,,,,85.5678749999986,-69.2195277777766
ADP.2019-05-15T10_27_19.169.fits,91402,2006-03-25T23:49:07.464,53819.99244751,GIRAFFE,ESO-VLT-U2,ADP.2019-05-15T10:27:19.169.fits,076.D-0381(A),SCIENCE_RBNSPEC_IDP,,,,85.6099583333319,-69.3306111111099
ADP.2019-05-15T10_27_19.171.fits,93178,2006-03-25T23:49:07.464,53819.99244751,GIRAFFE,ESO-VLT-U2,ADP.2019-05-15T10:27:19.171.fits,076.D-0381(A),SCIENCE_RBNSPEC_IDP,,,,86.2265416666652,-69.1586666666655
ADP.2019-05-15T10_27_19.173.fits,92518,2006-03-26T00:38:25.307,53820.02668181,GIRAFFE,ESO-VLT-U2,ADP.2019-05-15T10:27:19.173.fits,076.D-0381(A),SCIENCE_RBNSPEC_IDP,,,,85.4786666666652,-69.2121666666655
ADP.2019-05-15T10_27_19.175.fits,91778,2006-03-25T23:49:07.464,53819.99244751,GIRAFFE,ESO-VLT-U2,ADP.2019-05-15T10:27:19.175.fits,076.D-0381(A),SCIENCE_RBNSPEC_IDP,,,,85.9182916666652,-69.2895277777766
ADP.2019-05-15T10_27_19.177.fits,90972,2006-03-25T23:49:07.464,53819.99244751,GIRAFFE,ESO-VLT-U2,ADP.2019-05-15T10:27:19.177.fits,076.D-0381(A),SCIENCE_RBNSPEC_IDP,,,,85.4494166666652,-69.2016388888877
ADP.2019-05-15T10_27_19.179.fits,91798,2006-03-26T00:38:25.307,53820.02668181,GIRAFFE,ESO-VLT-U2,ADP.2019-05-15T10:27:19.179.fits,076.D-0381(A),SCIENCE_RBNSPEC_IDP,,,,85.8761666666652,-69.1355555555544
ADP.2019-05-15T10_27_19.181.fits,90045,2006-03-25T23:49:07.464,53819.99244751,GIRAFFE,ESO-VLT-U2,ADP.2019-05-15T10:27:19.181.fits,076.D-0381(A),SCIENCE_RBNSPEC_IDP,,,,85.9336666666652,-69.0040833333322
ADP.2019-05-15T10_27_19.183.fits,93374,2006-03-26T00:38:25.307,53820.02668181,GIRAFFE,ESO-VLT-U2,ADP.2019-05-15T10:27:19.183.fits,076.D-0381(A),SCIENCE_RBNSPEC_IDP,,,,86.2203333333319,-69.1301388888877
ADP.2019-05-15T10_27_19.187.fits,90167,2006-03-25T23:49:07.464,53819.99244751,GIRAFFE,ESO-VLT-U2,ADP.2019-05-15T10:27:19.187.fits,076.D-0381(A),SCIENCE_RBNSPEC_IDP,,,,85.7347499999985,-69.0563055555544
ADP.2019-05-15T10_27_19.191.fits,93159,2006-03-26T00:38:25.307,53820.02668181,GIRAFFE,ESO-VLT-U2,ADP.2019-05-15T10:27:19.191.fits,076.D-0381(A),SCIENCE_RBNSPEC_IDP,,,,85.9320416666652,-69.2367499999988
ADP.2019-05-15T10_27_19.193.fits,94451,2006-03-26T00:38:25.307,53820.02668181,GIRAFFE,ESO-VLT-U2,ADP.2019-05-15T10:27:19.193.fits,076.D-0381(A),SCIENCE_RBNSPEC_IDP,,,,86.2473749999986,-69.1253333333322
ADP.2019-05-15T10_27_19.195.fits,93850,2006-03-26T00:38:25.307,53820.02668181,GIRAFFE,ESO-VLT-U2,ADP.2019-05-15T10:27:19.195.fits,076.D-0381(A),SCIENCE_RBNSPEC_IDP,,,,86.0908333333319,-69.0849444444433
ADP.2019-05-15T10_27_19.201.fits,90547,2006-03-26T00:38:25.307,53820.02668181,GIRAFFE,ESO-VLT-U2,ADP.2019-05-15T10:27:19.201.fits,076.D-0381(A),SCIENCE_RBNSPEC_IDP,,,,85.6857083333319,-69.0756944444433
ADP.2019-05-15T10_27_19.213.fits,90033,2006-03-25T23:49:07.464,53819.99244751,GIRAFFE,ESO-VLT-U2,ADP.2019-05-15T10:27:19.213.fits,076.D-0381(A),SCIENCE_RBNSPEC_IDP,,,,85.8883749999985,-69.254722222221
ADP.2019-05-15T10_27_19.215.fits,1300,2006-03-25T23:49:07.464,53819.99244751,GIRAFFE,ESO-VLT-U2,ADP.2019-05-15T10:27:19.215.fits,076.D-0381(A),SCIENCE_RBNSPEC_IDP,,,,85.9157499999986,-69.1692499999989
ADP.2019-05-15T10_27_19.225.fits,93521,2006-03-26T00:38:25.307,53820.02668181,GIRAFFE,ESO-VLT-U2,ADP.2019-05-15T10:27:19.225.fits,076.D-0381(A),SCIENCE_RBNSPEC_IDP,,,,86.2844166666652,-69.0993888888877
ADP.2019-05-15T10_27_19.239.fits,93301,2006-03-25T23:49:07.464,53819.99244751,GIRAFFE,ESO-VLT-U2,ADP.2019-05-15T10:27:19.239.fits,076.D-0381(A),SCIENCE_RBNSPEC_IDP,,,,86.0036249999986,-69.10261111111
ADP.2019-05-15T10_27_19.241.fits,94667,2006-03-25T23:49:07.464,53819.99244751,GIRAFFE,ESO-VLT-U2,ADP.2019-05-15T10:27:19.241.fits,076.D-0381(A),SCIENCE_RBNSPEC_IDP,,,,86.3077916666652,-69.125722222221
ADP.2019-05-15T10_27_19.243.fits,90990,2006-03-25T23:49:07.464,53819.99244751,GIRAFFE,ESO-VLT-U2,ADP.2019-05-15T10:27:19.243.fits,076.D-0381(A),SCIENCE_RBNSPEC_IDP,,,,85.7955833333319,-69.2746111111099
ADP.2019-05-15T10_27_19.249.fits,92191,2006-03-26T00:38:25.307,53820.02668181,GIRAFFE,ESO-VLT-U2,ADP.2019-05-15T10:27:19.249.fits,076.D-0381(A),SCIENCE_RBNSPEC_IDP,,,,85.5482916666652,-69.219222222221
ADP.2019-05-15T10_27_19.251.fits,93579,2006-03-26T00:38:25.307,53820.02668181,GIRAFFE,ESO-VLT-U2,ADP.2019-05-15T10:27:19.251.fits,076.D-0381(A),SCIENCE_RBNSPEC_IDP,,,,86.0253333333319,-69.0800277777766
ADP.2019-05-15T10_27_19.253.fits,91268,2006-03-26T00:38:25.307,53820.02668181,GIRAFFE,ESO-VLT-U2,ADP.2019-05-15T10:27:19.253.fits,076.D-0381(A),SCIENCE_RBNSPEC_IDP,,,,85.4229166666652,-69.1977222222211
ADP.2019-05-15T10_27_19.259.fits,94708,2006-03-25T23:49:07.464,53819.99244751,GIRAFFE,ESO-VLT-U2,ADP.2019-05-15T10:27:19.259.fits,076.D-0381(A),SCIENCE_RBNSPEC_IDP,,,,86.0358749999986,-69.0908055555544
ADP.2019-05-15T10_27_19.263.fits,94459,2006-03-25T23:49:07.464,53819.99244751,GIRAFFE,ESO-VLT-U2,ADP.2019-05-15T10:27:19.263.fits,076.D-0381(A),SCIENCE_RBNSPEC_IDP,,,,86.1690833333319,-69.24911111111
ADP.2019-05-15T10_27_19.267.fits,94367,2006-03-26T00:38:25.307,53820.02668181,GIRAFFE,ESO-VLT-U2,ADP.2019-05-15T10:27:19.267.fits,076.D-0381(A),SCIENCE_RBNSPEC_IDP,,,,86.0175416666652,-68.9804444444433
ADP.2019-05-15T10_27_19.275.fits,91996,2006-03-26T00:38:25.307,53820.02668181,GIRAFFE,ESO-VLT-U2,ADP.2019-05-15T10:27:19.275.fits,076.D-0381(A),SCIENCE_RBNSPEC_IDP,,,,85.7183749999986,-69.1591388888877
ADP.2019-05-15T10_27_19.277.fits,91450,2006-03-26T00:38:25.307,53820.02668181,GIRAFFE,ESO-VLT-U2,ADP.2019-05-15T10:27:19.277.fits,076.D-0381(A),SCIENCE_RBNSPEC_IDP,,,,85.6476666666652,-69.0765277777766
ADP.2019-05-15T10_27_19.283.fits,92876,2006-03-25T23:49:07.464,53819.99244751,GIRAFFE,ESO-VLT-U2,ADP.2019-05-15T10:27:19.283.fits,076.D-0381(A),SCIENCE_RBNSPEC_IDP,,,,85.5637083333319,-69.2922777777766
ADP.2019-05-15T10_27_19.291.fits,94983,2006-03-26T00:38:25.307,53820.02668181,GIRAFFE,ESO-VLT-U2,ADP.2019-05-15T10:27:19.291.fits,076.D-0381(A),SCIENCE_RBNSPEC_IDP,,,,86.2774166666652,-69.0862499999988
ADP.2019-05-15T10_27_19.295.fits,94914,2006-03-25T23:49:07.464,53819.99244751,GIRAFFE,ESO-VLT-U2,ADP.2019-05-15T10:27:19.295.fits,076.D-0381(A),SCIENCE_RBNSPEC_IDP,,,,86.1433749999986,-69.0876944444433
ADP.2019-05-15T10_27_19.313.fits,91342,2006-03-26T00:38:25.307,53820.02668181,GIRAFFE,ESO-VLT-U2,ADP.2019-05-15T10:27:19.313.fits,076.D-0381(A),SCIENCE_RBNSPEC_IDP,,,,85.8509583333319,-69.3708333333322
ADP.2019-05-15T10_27_19.331.fits,90271,2006-03-26T00:38:25.307,53820.02668181,GIRAFFE,ESO-VLT-U2,ADP.2019-05-15T10:27:19.331.fits,076.D-0381(A),SCIENCE_RBNSPEC_IDP,,,,85.5211666666652,-69.2119999999988
ADP.2019-05-15T10_27_19.335.fits,94774,2006-03-25T23:49:07.464,53819.99244751,GIRAFFE,ESO-VLT-U2,ADP.2019-05-15T10:27:19.335.fits,076.D-0381(A),SCIENCE_RBNSPEC_IDP,,,,86.2392083333319,-69.1498055555544
ADP.2019-05-15T10_27_19.345.fits,93301,2006-03-26T00:38:25.307,53820.02668181,GIRAFFE,ESO-VLT-U2,ADP.2019-05-15T10:27:19.345.fits,076.D-0381(A),SCIENCE_RBNSPEC_IDP,,,,86.0036249999986,-69.10261111111
ADP.2019-05-15T10_27_19.347.fits,94692,2006-03-26T00:38:25.307,53820.02668181,GIRAFFE,ESO-VLT-U2,ADP.2019-05-15T10:27:19.347.fits,076.D-0381(A),SCIENCE_RBNSPEC_IDP,,,,86.1189999999986,-69.0924999999988
ADP.2019-05-15T10_27_19.351.fits,90505,2006-03-25T23:49:07.464,53819.99244751,GIRAFFE,ESO-VLT-U2,ADP.2019-05-15T10:27:19.351.fits,076.D-0381(A),SCIENCE_RBNSPEC_IDP,,,,85.9069583333319,-69.1273888888877
ADP.2019-05-15T10_27_19.353.fits,90417,2006-03-26T00:38:25.307,53820.02668181,GIRAFFE,ESO-VLT-U2,ADP.2019-05-15T10:27:19.353.fits,076.D-0381(A),SCIENCE_RBNSPEC_IDP,,,,85.9036666666652,-69.1323333333322
ADP.2019-05-15T10_27_19.357.fits,94338,2006-03-25T23:49:07.464,53819.99244751,GIRAFFE,ESO-VLT-U2,ADP.2019-05-15T10:27:19.357.fits,076.D-0381(A),SCIENCE_RBNSPEC_IDP,,,,86.1834583333319,-69.1597499999988
ADP.2019-05-15T10_27_19.359.fits,93310,2006-03-26T00:38:25.307,53820.02668181,GIRAFFE,ESO-VLT-U2,ADP.2019-05-15T10:27:19.359.fits,076.D-0381(A),SCIENCE_RBNSPEC_IDP,,,,86.2003333333319,-69.15011111111
ADP.2019-05-15T10_27_19.361.fits,94576,2006-03-26T00:38:25.307,53820.02668181,GIRAFFE,ESO-VLT-U2,ADP.2019-05-15T10:27:19.361.fits,076.D-0381(A),SCIENCE_RBNSPEC_IDP,,,,86.1396666666652,-69.1880555555544
ADP.2019-05-15T10_27_19.365.fits,303,2006-03-25T23:49:07.464,53819.99244751,GIRAFFE,ESO-VLT-U2,ADP.2019-05-15T10:27:19.365.fits,076.D-0381(A),SCIENCE_RBNSPEC_IDP,,,,86.0236249999985,-69.1565555555544
ADP.2019-05-15T10_27_19.369.fits,93480,2006-03-25T23:49:07.464,53819.99244751,GIRAFFE,ESO-VLT-U2,ADP.2019-05-15T10:27:19.369.fits,076.D-0381(A),SCIENCE_RBNSPEC_IDP,,,,86.1212916666652,-69.2195555555544
ADP.2019-05-15T10_27_19.373.fits,90417,2006-03-25T23:49:07.464,53819.99244751,GIRAFFE,ESO-VLT-U2,ADP.2019-05-15T10:27:19.373.fits,076.D-0381(A),SCIENCE_RBNSPEC_IDP,,,,85.9036666666652,-69.1323333333322
ADP.2019-05-15T10_27_19.377.fits,92769,2006-03-26T00:38:25.307,53820.02668181,GIRAFFE,ESO-VLT-U2,ADP.2019-05-15T10:27:19.377.fits,076.D-0381(A),SCIENCE_RBNSPEC_IDP,,,,85.9321666666652,-69.1264999999988
ADP.2019-05-15T10_27_19.383.fits,94826,2006-03-25T23:49:07.464,53819.99244751,GIRAFFE,ESO-VLT-U2,ADP.2019-05-15T10:27:19.383.fits,076.D-0381(A),SCIENCE_RBNSPEC_IDP,,,,86.2283749999985,-69.2183611111099
ADP.2019-05-15T10_27_19.387.fits,92906,2006-03-26T00:38:25.307,53820.02668181,GIRAFFE,ESO-VLT-U2,ADP.2019-05-15T10:27:19.387.fits,076.D-0381(A),SCIENCE_RBNSPEC_IDP,,,,86.2307499999985,-69.1682499999988
ADP.2019-05-15T10_27_19.391.fits,90167,2006-03-26T00:38:25.307,53820.02668181,GIRAFFE,ESO-VLT-U2,ADP.2019-05-15T10:27:19.391.fits,076.D-0381(A),SCIENCE_RBNSPEC_IDP,,,,85.7347499999985,-69.0563055555544
ADP.2019-05-15T10_27_19.399.fits,93390,2006-03-25T23:49:07.464,53819.99244751,GIRAFFE,ESO-VLT-U2,ADP.2019-05-15T10:27:19.399.fits,076.D-0381(A),SCIENCE_RBNSPEC_IDP,,,,86.1138333333319,-69.1589722222211
ADP.2019-05-15T10_27_19.415.fits,93013,2006-03-26T00:38:25.307,53820.02668181,GIRAFFE,ESO-VLT-U2,ADP.2019-05-15T10:27:19.415.fits,076.D-0381(A),SCIENCE_RBNSPEC_IDP,,,,85.9425833333319,-69.2394166666655
ADP.2019-05-15T10_27_19.421.fits,91878,2006-03-26T00:38:25.307,53820.02668181,GIRAFFE,ESO-VLT-U2,ADP.2019-05-15T10:27:19.421.fits,076.D-0381(A),SCIENCE_RBNSPEC_IDP,,,,85.8607916666652,-69.1434999999988
ADP.2019-05-15T10_27_19.423.fits,75,2006-03-26T00:38:25.307,53820.02668181,GIRAFFE,ESO-VLT-U2,ADP.2019-05-15T10:27:19.423.fits,076.D-0381(A),SCIENCE_RBNSPEC_IDP,,,,86.0761249999985,-69.1700833333322
ADP.2019-05-15T10_27_19.429.fits,92566,2006-03-26T00:38:25.307,53820.02668181,GIRAFFE,ESO-VLT-U2,ADP.2019-05-15T10:27:19.429.fits,076.D-0381(A),SCIENCE_RBNSPEC_IDP,,,,85.5079166666652,-69.3063055555544
ADP.2019-05-15T10_27_19.441.fits,93110,2006-03-25T23:49:07.464,53819.99244751,GIRAFFE,ESO-VLT-U2,ADP.2019-05-15T10:27:19.441.fits,076.D-0381(A),SCIENCE_RBNSPEC_IDP,,,,86.1648749999985,-69.1986666666655
ADP.2019-05-15T10_27_19.445.fits,1103,2006-03-26T00:38:25.307,53820.02668181,GIRAFFE,ESO-VLT-U2,ADP.2019-05-15T10:27:19.445.fits,076.D-0381(A),SCIENCE_RBNSPEC_IDP,,,,85.8917916666652,-69.1911944444433
ADP.2019-05-15T10_27_19.447.fits,94667,2006-03-26T00:38:25.307,53820.02668181,GIRAFFE,ESO-VLT-U2,ADP.2019-05-15T10:27:19.447.fits,076.D-0381(A),SCIENCE_RBNSPEC_IDP,,,,86.3077916666652,-69.125722222221
ADP.2019-05-15T10_27_19.453.fits,94338,2006-03-26T00:38:25.307,53820.02668181,GIRAFFE,ESO-VLT-U2,ADP.2019-05-15T10:27:19.453.fits,076.D-0381(A),SCIENCE_RBNSPEC_IDP,,,,86.1834583333319,-69.1597499999988
ADP.2019-05-15T10_27_19.463.fits,92774,2006-03-26T00:38:25.307,53820.02668181,GIRAFFE,ESO-VLT-U2,ADP.2019-05-15T10:27:19.463.fits,076.D-0381(A),SCIENCE_RBNSPEC_IDP,,,,85.5311249999986,-69.2139444444433
ADP.2019-05-15T10_27_19.465.fits,92209,2006-03-25T23:49:07.464,53819.99244751,GIRAFFE,ESO-VLT-U2,ADP.2019-05-15T10:27:19.465.fits,076.D-0381(A),SCIENCE_RBNSPEC_IDP,,,,85.9575833333319,-69.0069166666655
ADP.2019-05-15T10_27_19.471.fits,90271,2006-03-25T23:49:07.464,53819.99244751,GIRAFFE,ESO-VLT-U2,ADP.2019-05-15T10:27:19.471.fits,076.D-0381(A),SCIENCE_RBNSPEC_IDP,,,,85.5211666666652,-69.2119999999988
ADP.2019-05-15T10_27_19.473.fits,91342,2006-03-25T23:49:07.464,53819.99244751,GIRAFFE,ESO-VLT-U2,ADP.2019-05-15T10:27:19.473.fits,076.D-0381(A),SCIENCE_RBNSPEC_IDP,,,,85.8509583333319,-69.3708333333322
ADP.2019-05-15T10_27_19.475.fits,93161,2006-03-25T23:49:07.464,53819.99244751,GIRAFFE,ESO-VLT-U2,ADP.2019-05-15T10:27:19.475.fits,076.D-0381(A),SCIENCE_RBNSPEC_IDP,,,,86.0913749999985,-69.1175555555544
ADP.2019-05-15T10_27_19.491.fits,153,2006-03-25T23:49:07.464,53819.99244751,GIRAFFE,ESO-VLT-U2,ADP.2019-05-15T10:27:19.491.fits,076.D-0381(A),SCIENCE_RBNSPEC_IDP,,,,86.0594166666652,-69.1546944444433
ADP.2019-05-15T10_27_19.497.fits,793,2006-03-26T00:38:25.307,53820.02668181,GIRAFFE,ESO-VLT-U2,ADP.2019-05-15T10:27:19.497.fits,076.D-0381(A),SCIENCE_RBNSPEC_IDP,,,,85.9522083333319,-69.1500277777766
ADP.2019-05-15T10_27_19.501.fits,167,2006-03-26T00:38:25.307,53820.02668181,GIRAFFE,ESO-VLT-U2,ADP.2019-05-15T10:27:19.501.fits,076.D-0381(A),SCIENCE_RBNSPEC_IDP,,,,86.0550833333319,-69.1982499999988
ADP.2019-05-15T10_27_19.507.fits,90517,2006-03-25T23:49:07.464,53819.99244751,GIRAFFE,ESO-VLT-U2,ADP.2019-05-15T10:27:19.507.fits,076.D-0381(A),SCIENCE_RBNSPEC_IDP,,,,85.7753749999985,-69.2699444444433
ADP.2019-05-15T10_27_19.509.fits,90381,2006-03-26T00:38:25.307,53820.02668181,GIRAFFE,ESO-VLT-U2,ADP.2019-05-15T10:27:19.509.fits,076.D-0381(A),SCIENCE_RBNSPEC_IDP,,,,85.8406666666652,-68.9935277777766
ADP.2019-05-15T10_27_19.513.fits,93110,2006-03-26T00:38:25.307,53820.02668181,GIRAFFE,ESO-VLT-U2,ADP.2019-05-15T10:27:19.513.fits,076.D-0381(A),SCIENCE_RBNSPEC_IDP,,,,86.1648749999985,-69.1986666666655
ADP.2019-05-15T10_27_19.515.fits,92774,2006-03-25T23:49:07.464,53819.99244751,GIRAFFE,ESO-VLT-U2,ADP.2019-05-15T10:27:19.515.fits,076.D-0381(A),SCIENCE_RBNSPEC_IDP,,,,85.5311249999986,-69.2139444444433
ADP.2019-05-15T10_27_19.517.fits,91450,2006-03-25T23:49:07.464,53819.99244751,GIRAFFE,ESO-VLT-U2,ADP.2019-05-15T10:27:19.517.fits,076.D-0381(A),SCIENCE_RBNSPEC_IDP,,,,85.6476666666652,-69.0765277777766
ADP.2019-05-15T10_27_19.519.fits,92778,2006-03-25T23:49:07.464,53819.99244751,GIRAFFE,ESO-VLT-U2,ADP.2019-05-15T10:27:19.519.fits,076.D-0381(A),SCIENCE_RBNSPEC_IDP,,,,85.9146249999986,-69.0091944444433
ADP.2019-05-15T10_27_19.523.fits,90145,2006-03-26T00:38:25.307,53820.02668181,GIRAFFE,ESO-VLT-U2,ADP.2019-05-15T10:27:19.523.fits,076.D-0381(A),SCIENCE_RBNSPEC_IDP,,,,85.4919999999986,-69.2041666666655
ADP.2019-05-15T10_27_19.531.fits,90517,2006-03-26T00:38:25.307,53820.02668181,GIRAFFE,ESO-VLT-U2,ADP.2019-05-15T10:27:19.531.fits,076.D-0381(A),SCIENCE_RBNSPEC_IDP,,,,85.7753749999985,-69.2699444444433
ADP.2019-05-15T10_27_19.535.fits,95326,2006-03-26T00:38:25.307,53820.02668181,GIRAFFE,ESO-VLT-U2,ADP.2019-05-15T10:27:19.535.fits,076.D-0381(A),SCIENCE_RBNSPEC_IDP,,,,86.1137916666652,-68.9983611111099
ADP.2019-05-15T10_27_19.539.fits,90,2006-03-25T23:49:07.464,53819.99244751,GIRAFFE,ESO-VLT-U2,ADP.2019-05-15T10:27:19.539.fits,076.D-0381(A),SCIENCE_RBNSPEC_IDP,,,,86.0739166666652,-69.1878055555544
ADP.2019-05-15T10_27_19.541.fits,95326,2006-03-25T23:49:07.464,53819.99244751,GIRAFFE,ESO-VLT-U2,ADP.2019-05-15T10:27:19.541.fits,076.D-0381(A),SCIENCE_RBNSPEC_IDP,,,,86.1137916666652,-68.9983611111099
ADP.2019-05-15T10_27_19.543.fits,94405,2006-03-26T00:38:25.307,53820.02668181,GIRAFFE,ESO-VLT-U2,ADP.2019-05-15T10:27:19.543.fits,076.D-0381(A),SCIENCE_RBNSPEC_IDP,,,,85.9711249999986,-69.2591944444433
ADP.2019-05-15T10_27_19.545.fits,91539,2006-03-25T23:49:07.464,53819.99244751,GIRAFFE,ESO-VLT-U2,ADP.2019-05-15T10:27:19.545.fits,076.D-0381(A),SCIENCE_RBNSPEC_IDP,,,,85.8393749999985,-69.269722222221
ADP.2019-05-15T10_27_19.555.fits,91992,2006-03-26T00:38:25.307,53820.02668181,GIRAFFE,ESO-VLT-U2,ADP.2019-05-15T10:27:19.555.fits,076.D-0381(A),SCIENCE_RBNSPEC_IDP,,,,85.8877083333319,-69.0761944444433
ADP.2019-05-15T10_27_19.559.fits,90547,2006-03-25T23:49:07.464,53819.99244751,GIRAFFE,ESO-VLT-U2,ADP.2019-05-15T10:27:19.559.fits,076.D-0381(A),SCIENCE_RBNSPEC_IDP,,,,85.6857083333319,-69.0756944444433
ADP.2019-05-15T10_27_19.569.fits,93161,2006-03-26T00:38:25.307,53820.02668181,GIRAFFE,ESO-VLT-U2,ADP.2019-05-15T10:27:19.569.fits,076.D-0381(A),SCIENCE_RBNSPEC_IDP,,,,86.0913749999985,-69.1175555555544
ADP.2019-05-15T10_27_19.571.fits,92717,2006-03-25T23:49:07.464,53819.99244751,GIRAFFE,ESO-VLT-U2,ADP.2019-05-15T10:27:19.571.fits,076.D-0381(A),SCIENCE_RBNSPEC_IDP,,,,85.6194583333319,-69.2876944444433
ADP.2019-05-15T10_27_19.583.fits,90464,2006-03-26T00:38:25.307,53820.02668181,GIRAFFE,ESO-VLT-U2,ADP.2019-05-15T10:27:19.583.fits,076.D-0381(A),SCIENCE_RBNSPEC_IDP,,,,85.5294583333319,-69.2184722222211
ADP.2019-05-15T10_27_19.597.fits,92341,2006-03-25T23:49:07.464,53819.99244751,GIRAFFE,ESO-VLT-U2,ADP.2019-05-15T10:27:19.597.fits,076.D-0381(A),SCIENCE_RBNSPEC_IDP,,,,85.5964166666652,-69.0483333333322
ADP.2019-05-15T10_27_19.601.fits,93013,2006-03-25T23:49:07.464,53819.99244751,GIRAFFE,ESO-VLT-U2,ADP.2019-05-15T10:27:19.601.fits,076.D-0381(A),SCIENCE_RBNSPEC_IDP,,,,85.9425833333319,-69.2394166666655
ADP.2019-05-15T10_27_19.605.fits,95032,2006-03-26T00:38:25.307,53820.02668181,GIRAFFE,ESO-VLT-U2,ADP.2019-05-15T10:27:19.605.fits,076.D-0381(A),SCIENCE_RBNSPEC_IDP,,,,86.1074583333319,-69.0821388888877
ADP.2019-05-15T10_27_19.609.fits,94989,2006-03-25T23:49:07.464,53819.99244751,GIRAFFE,ESO-VLT-U2,ADP.2019-05-15T10:27:19.609.fits,076.D-0381(A),SCIENCE_RBNSPEC_IDP,,,,86.2353333333319,-69.1309444444433
ADP.2019-05-15T10_27_19.613.fits,380,2006-03-25T23:49:07.464,53819.99244751,GIRAFFE,ESO-VLT-U2,ADP.2019-05-15T10:27:19.613.fits,076.D-0381(A),SCIENCE_RBNSPEC_IDP,,,,86.0063749999985,-69.20236111111
ADP.2019-05-15T10_27_19.617.fits,93850,2006-03-25T23:49:07.464,53819.99244751,GIRAFFE,ESO-VLT-U2,ADP.2019-05-15T10:27:19.617.fits,076.D-0381(A),SCIENCE_RBNSPEC_IDP,,,,86.0908333333319,-69.0849444444433
ADP.2019-05-15T10_27_19.621.fits,92086,2006-03-25T23:49:07.464,53819.99244751,GIRAFFE,ESO-VLT-U2,ADP.2019-05-15T10:27:19.621.fits,076.D-0381(A),SCIENCE_RBNSPEC_IDP,,,,85.7987499999985,-69.0988333333322
ADP.2019-05-15T10_27_19.629.fits,94537,2006-03-26T00:38:25.307,53820.02668181,GIRAFFE,ESO-VLT-U2,ADP.2019-05-15T10:27:19.629.fits,076.D-0381(A),SCIENCE_RBNSPEC_IDP,,,,86.0822083333319,-69.0899722222211
ADP.2019-05-15T10_27_19.639.fits,92695,2006-03-26T00:38:25.307,53820.02668181,GIRAFFE,ESO-VLT-U2,ADP.2019-05-15T10:27:19.639.fits,076.D-0381(A),SCIENCE_RBNSPEC_IDP,,,,85.4866249999986,-69.3043055555544
ADP.2019-05-15T10_27_19.643.fits,91173,2006-03-25T23:49:07.464,53819.99244751,GIRAFFE,ESO-VLT-U2,ADP.2019-05-15T10:27:19.643.fits,076.D-0381(A),SCIENCE_RBNSPEC_IDP,,,,85.5517916666652,-69.1977777777766
ADP.2019-05-15T10_27_19.645.fits,95161,2006-03-26T00:38:25.307,53820.02668181,GIRAFFE,ESO-VLT-U2,ADP.2019-05-15T10:27:19.645.fits,076.D-0381(A),SCIENCE_RBNSPEC_IDP,,,,86.2200833333319,-69.2194444444433
ADP.2019-05-15T10_27_19.651.fits,94914,2006-03-26T00:38:25.307,53820.02668181,GIRAFFE,ESO-VLT-U2,ADP.2019-05-15T10:27:19.651.fits,076.D-0381(A),SCIENCE_RBNSPEC_IDP,,,,86.1433749999986,-69.0876944444433
ADP.2019-05-15T10_27_19.653.fits,92333,2006-03-26T00:38:25.307,53820.02668181,GIRAFFE,ESO-VLT-U2,ADP.2019-05-15T10:27:19.653.fits,076.D-0381(A),SCIENCE_RBNSPEC_IDP,,,,85.8536249999986,-69.1760555555544
ADP.2019-05-15T10_27_19.659.fits,91992,2006-03-25T23:49:07.464,53819.99244751,GIRAFFE,ESO-VLT-U2,ADP.2019-05-15T10:27:19.659.fits,076.D-0381(A),SCIENCE_RBNSPEC_IDP,,,,85.8877083333319,-69.0761944444433
ADP.2019-05-15T10_27_19.661.fits,94774,2006-03-26T00:38:25.307,53820.02668181,GIRAFFE,ESO-VLT-U2,ADP.2019-05-15T10:27:19.661.fits,076.D-0381(A),SCIENCE_RBNSPEC_IDP,,,,86.2392083333319,-69.1498055555544
ADP.2019-05-15T10_27_19.665.fits,92717,2006-03-26T00:38:25.307,53820.02668181,GIRAFFE,ESO-VLT-U2,ADP.2019-05-15T10:27:19.665.fits,076.D-0381(A),SCIENCE_RBNSPEC_IDP,,,,85.6194583333319,-69.2876944444433
ADP.2019-05-15T10_27_19.675.fits,443,2006-03-26T00:38:25.307,53820.02668181,GIRAFFE,ESO-VLT-U2,ADP.2019-05-15T10:27:19.675.fits,076.D-0381(A),SCIENCE_RBNSPEC_IDP,,,,85.9959166666652,-69.1768888888877
ADP.2019-05-15T10_27_19.679.fits,90,2006-03-26T00:38:25.307,53820.02668181,GIRAFFE,ESO-VLT-U2,ADP.2019-05-15T10:27:19.679.fits,076.D-0381(A),SCIENCE_RBNSPEC_IDP,,,,86.0739166666652,-69.1878055555544
ADP.2019-05-15T10_27_19.681.fits,94530,2006-03-26T00:38:25.307,53820.02668181,GIRAFFE,ESO-VLT-U2,ADP.2019-05-15T10:27:19.681.fits,076.D-0381(A),SCIENCE_RBNSPEC_IDP,,,,86.0504583333319,-68.9898611111099
ADP.2019-05-15T10_27_19.693.fits,95011,2006-03-25T23:49:07.464,53819.99244751,GIRAFFE,ESO-VLT-U2,ADP.2019-05-15T10:27:19.693.fits,076.D-0381(A),SCIENCE_RBNSPEC_IDP,,,,86.2818333333319,-69.1829166666655
ADP.2019-05-15T10_27_19.695.fits,94451,2006-03-25T23:49:07.464,53819.99244751,GIRAFFE,ESO-VLT-U2,ADP.2019-05-15T10:27:19.695.fits,076.D-0381(A),SCIENCE_RBNSPEC_IDP,,,,86.2473749999986,-69.1253333333322
ADP.2019-05-15T10_27_19.701.fits,94692,2006-03-25T23:49:07.464,53819.99244751,GIRAFFE,ESO-VLT-U2,ADP.2019-05-15T10:27:19.701.fits,076.D-0381(A),SCIENCE_RBNSPEC_IDP,,,,86.1189999999986,-69.0924999999988
ADP.2019-05-15T10_27_19.703.fits,91072,2006-03-26T00:38:25.307,53820.02668181,GIRAFFE,ESO-VLT-U2,ADP.2019-05-15T10:27:19.703.fits,076.D-0381(A),SCIENCE_RBNSPEC_IDP,,,,85.7904583333319,-69.1296666666655
ADP.2019-05-15T10_27_19.731.fits,92597,2006-03-26T00:38:25.307,53820.02668181,GIRAFFE,ESO-VLT-U2,ADP.2019-05-15T10:27:19.731.fits,076.D-0381(A),SCIENCE_RBNSPEC_IDP,,,,85.8026249999985,-69.0079166666655
ADP.2019-05-15T10_27_19.741.fits,90464,2006-03-25T23:49:07.464,53819.99244751,GIRAFFE,ESO-VLT-U2,ADP.2019-05-15T10:27:19.741.fits,076.D-0381(A),SCIENCE_RBNSPEC_IDP,,,,85.5294583333319,-69.2184722222211
ADP.2019-05-15T10_27_19.743.fits,92906,2006-03-25T23:49:07.464,53819.99244751,GIRAFFE,ESO-VLT-U2,ADP.2019-05-15T10:27:19.743.fits,076.D-0381(A),SCIENCE_RBNSPEC_IDP,,,,86.2307499999985,-69.1682499999988
ADP.2019-05-15T10_27_19.747.fits,93374,2006-03-25T23:49:07.464,53819.99244751,GIRAFFE,ESO-VLT-U2,ADP.2019-05-15T10:27:19.747.fits,076.D-0381(A),SCIENCE_RBNSPEC_IDP,,,,86.2203333333319,-69.1301388888877
ADP.2019-05-15T10_27_19.751.fits,90033,2006-03-26T00:38:25.307,53820.02668181,GIRAFFE,ESO-VLT-U2,ADP.2019-05-15T10:27:19.751.fits,076.D-0381(A),SCIENCE_RBNSPEC_IDP,,,,85.8883749999985,-69.254722222221
ADP.2019-05-15T10_27_19.761.fits,94989,2006-03-26T00:38:25.307,53820.02668181,GIRAFFE,ESO-VLT-U2,ADP.2019-05-15T10:27:19.761.fits,076.D-0381(A),SCIENCE_RBNSPEC_IDP,,,,86.2353333333319,-69.1309444444433
ADP.2019-05-15T10_27_19.767.fits,90742,2006-03-26T00:38:25.307,53820.02668181,GIRAFFE,ESO-VLT-U2,ADP.2019-05-15T10:27:19.767.fits,076.D-0381(A),SCIENCE_RBNSPEC_IDP,,,,85.5587916666652,-69.3371666666655
ADP.2019-05-15T10_27_19.775.fits,94405,2006-03-25T23:49:07.464,53819.99244751,GIRAFFE,ESO-VLT-U2,ADP.2019-05-15T10:27:19.775.fits,076.D-0381(A),SCIENCE_RBNSPEC_IDP,,,,85.9711249999986,-69.2591944444433
ADP.2019-05-15T10_27_19.777.fits,91402,2006-03-26T00:38:25.307,53820.02668181,GIRAFFE,ESO-VLT-U2,ADP.2019-05-15T10:27:19.777.fits,076.D-0381(A),SCIENCE_RBNSPEC_IDP,,,,85.6099583333319,-69.3306111111099
ADP.2019-05-15T10_27_19.783.fits,92769,2006-03-25T23:49:07.464,53819.99244751,GIRAFFE,ESO-VLT-U2,ADP.2019-05-15T10:27:19.783.fits,076.D-0381(A),SCIENCE_RBNSPEC_IDP,,,,85.9321666666652,-69.1264999999988
ADP.2019-05-15T10_27_19.785.fits,92597,2006-03-25T23:49:07.464,53819.99244751,GIRAFFE,ESO-VLT-U2,ADP.2019-05-15T10:27:19.785.fits,076.D-0381(A),SCIENCE_RBNSPEC_IDP,,,,85.8026249999985,-69.0079166666655
ADP.2019-05-15T10_27_19.787.fits,75,2006-03-25T23:49:07.464,53819.99244751,GIRAFFE,ESO-VLT-U2,ADP.2019-05-15T10:27:19.787.fits,076.D-0381(A),SCIENCE_RBNSPEC_IDP,,,,86.0761249999985,-69.1700833333322
ADP.2019-05-15T10_27_19.791.fits,94530,2006-03-25T23:49:07.464,53819.99244751,GIRAFFE,ESO-VLT-U2,ADP.2019-05-15T10:27:19.791.fits,076.D-0381(A),SCIENCE_RBNSPEC_IDP,,,,86.0504583333319,-68.9898611111099
ADP.2019-05-15T10_27_19.795.fits,1300,2006-03-26T00:38:25.307,53820.02668181,GIRAFFE,ESO-VLT-U2,ADP.2019-05-15T10:27:19.795.fits,076.D-0381(A),SCIENCE_RBNSPEC_IDP,,,,85.9157499999986,-69.1692499999989
ADP.2019-05-15T10_27_19.807.fits,91173,2006-03-26T00:38:25.307,53820.02668181,GIRAFFE,ESO-VLT-U2,ADP.2019-05-15T10:27:19.807.fits,076.D-0381(A),SCIENCE_RBNSPEC_IDP,,,,85.5517916666652,-69.1977777777766
ADP.2019-05-15T10_27_19.811.fits,91778,2006-03-26T00:38:25.307,53820.02668181,GIRAFFE,ESO-VLT-U2,ADP.2019-05-15T10:27:19.811.fits,076.D-0381(A),SCIENCE_RBNSPEC_IDP,,,,85.9182916666652,-69.2895277777766
ADP.2019-05-15T10_27_19.813.fits,95302,2006-03-25T23:49:07.464,53819.99244751,GIRAFFE,ESO-VLT-U2,ADP.2019-05-15T10:27:19.813.fits,076.D-0381(A),SCIENCE_RBNSPEC_IDP,,,,86.2805833333318,-69.0797777777766
ADP.2019-05-15T10_27_19.815.fits,443,2006-03-25T23:49:07.464,53819.99244751,GIRAFFE,ESO-VLT-U2,ADP.2019-05-15T10:27:19.815.fits,076.D-0381(A),SCIENCE_RBNSPEC_IDP,,,,85.9959166666652,-69.1768888888877
ADP.2019-05-15T10_27_19.817.fits,92556,2006-03-25T23:49:07.464,53819.99244751,GIRAFFE,ESO-VLT-U2,ADP.2019-05-15T10:27:19.817.fits,076.D-0381(A),SCIENCE_RBNSPEC_IDP,,,,85.8479166666652,-69.1956944444433
ADP.2019-05-15T10_27_19.827.fits,93263,2006-03-26T00:38:25.307,53820.02668181,GIRAFFE,ESO-VLT-U2,ADP.2019-05-15T10:27:19.827.fits,076.D-0381(A),SCIENCE_RBNSPEC_IDP,,,,86.0153749999985,-69.0016388888877
ADP.2019-05-15T10_27_19.837.fits,94708,2006-03-26T00:38:25.307,53820.02668181,GIRAFFE,ESO-VLT-U2,ADP.2019-05-15T10:27:19.837.fits,076.D-0381(A),SCIENCE_RBNSPEC_IDP,,,,86.0358749999986,-69.0908055555544
ADP.2019-05-15T10_27_19.841.fits,94631,2006-03-26T00:38:25.307,53820.02668181,GIRAFFE,ESO-VLT-U2,ADP.2019-05-15T10:27:19.841.fits,076.D-0381(A),SCIENCE_RBNSPEC_IDP,,,,86.2770416666652,-69.1948611111099
ADP.2019-05-15T10_27_19.845.fits,91878,2006-03-25T23:49:07.464,53819.99244751,GIRAFFE,ESO-VLT-U2,ADP.2019-05-15T10:27:19.845.fits,076.D-0381(A),SCIENCE_RBNSPEC_IDP,,,,85.8607916666652,-69.1434999999988
ADP.2019-05-15T10_27_19.847.fits,91729,2006-03-25T23:49:07.464,53819.99244751,GIRAFFE,ESO-VLT-U2,ADP.2019-05-15T10:27:19.847.fits,076.D-0381(A),SCIENCE_RBNSPEC_IDP,,,,85.5090833333319,-69.2575833333322
ADP.2019-05-15T10_27_19.853.fits,93392,2006-03-26T00:38:25.307,53820.02668181,GIRAFFE,ESO-VLT-U2,ADP.2019-05-15T10:27:19.853.fits,076.D-0381(A),SCIENCE_RBNSPEC_IDP,,,,86.0628333333319,-69.1351388888877
ADP.2019-05-15T10_27_19.855.fits,90983,2006-03-25T23:49:07.464,53819.99244751,GIRAFFE,ESO-VLT-U2,ADP.2019-05-15T10:27:19.855.fits,076.D-0381(A),SCIENCE_RBNSPEC_IDP,,,,85.5678749999986,-69.2195277777766
ADP.2019-05-15T10_27_19.857.fits,1233,2006-03-25T23:49:07.464,53819.99244751,GIRAFFE,ESO-VLT-U2,ADP.2019-05-15T10:27:19.857.fits,076.D-0381(A),SCIENCE_RBNSPEC_IDP,,,,86.0101249999986,-69.2151111111099
ADP.2019-05-15T10_27_19.869.fits,303,2006-03-26T00:38:25.307,53820.02668181,GIRAFFE,ESO-VLT-U2,ADP.2019-05-15T10:27:19.869.fits,076.D-0381(A),SCIENCE_RBNSPEC_IDP,,,,86.0236249999985,-69.1565555555544
ADP.2019-05-15T10_27_19.881.fits,1233,2006-03-26T00:38:25.307,53820.02668181,GIRAFFE,ESO-VLT-U2,ADP.2019-05-15T10:27:19.881.fits,076.D-0381(A),SCIENCE_RBNSPEC_IDP,,,,86.0101249999986,-69.2151111111099
ADP.2019-05-15T10_27_19.889.fits,93392,2006-03-25T23:49:07.464,53819.99244751,GIRAFFE,ESO-VLT-U2,ADP.2019-05-15T10:27:19.889.fits,076.D-0381(A),SCIENCE_RBNSPEC_IDP,,,,86.0628333333319,-69.1351388888877
ADP.2019-05-15T10_27_19.899.fits,91542,2006-03-25T23:49:07.464,53819.99244751,GIRAFFE,ESO-VLT-U2,ADP.2019-05-15T10:27:19.899.fits,076.D-0381(A),SCIENCE_RBNSPEC_IDP,,,,85.6403749999986,-69.0461666666655
ADP.2019-05-15T10_27_19.901.fits,92209,2006-03-26T00:38:25.307,53820.02668181,GIRAFFE,ESO-VLT-U2,ADP.2019-05-15T10:27:19.901.fits,076.D-0381(A),SCIENCE_RBNSPEC_IDP,,,,85.9575833333319,-69.0069166666655
ADP.2019-05-15T10_27_19.903.fits,94576,2006-03-25T23:49:07.464,53819.99244751,GIRAFFE,ESO-VLT-U2,ADP.2019-05-15T10:27:19.903.fits,076.D-0381(A),SCIENCE_RBNSPEC_IDP,,,,86.1396666666652,-69.1880555555544
ADP.2019-05-15T10_27_19.921.fits,93655,2006-03-25T23:49:07.464,53819.99244751,GIRAFFE,ESO-VLT-U2,ADP.2019-05-15T10:27:19.921.fits,076.D-0381(A),SCIENCE_RBNSPEC_IDP,,,,86.2451666666652,-69.184722222221
ADP.2019-05-15T10_27_19.923.fits,91871,2006-03-25T23:49:07.464,53819.99244751,GIRAFFE,ESO-VLT-U2,ADP.2019-05-15T10:27:19.923.fits,076.D-0381(A),SCIENCE_RBNSPEC_IDP,,,,85.5752916666652,-69.3117777777766
ADP.2019-05-15T10_27_19.931.fits,93965,2006-03-25T23:49:07.464,53819.99244751,GIRAFFE,ESO-VLT-U2,ADP.2019-05-15T10:27:19.931.fits,076.D-0381(A),SCIENCE_RBNSPEC_IDP,,,,86.1564166666652,-69.0706944444433
ADP.2019-05-15T10_27_19.933.fits,92191,2006-03-25T23:49:07.464,53819.99244751,GIRAFFE,ESO-VLT-U2,ADP.2019-05-15T10:27:19.933.fits,076.D-0381(A),SCIENCE_RBNSPEC_IDP,,,,85.5482916666652,-69.219222222221
ADP.2019-05-15T10_27_19.935.fits,91729,2006-03-26T00:38:25.307,53820.02668181,GIRAFFE,ESO-VLT-U2,ADP.2019-05-15T10:27:19.935.fits,076.D-0381(A),SCIENCE_RBNSPEC_IDP,,,,85.5090833333319,-69.2575833333322
ADP.2019-05-15T10_27_19.937.fits,380,2006-03-26T00:38:25.307,53820.02668181,GIRAFFE,ESO-VLT-U2,ADP.2019-05-15T10:27:19.937.fits,076.D-0381(A),SCIENCE_RBNSPEC_IDP,,,,86.0063749999985,-69.20236111111
ADP.2019-05-15T10_27_19.941.fits,92778,2006-03-26T00:38:25.307,53820.02668181,GIRAFFE,ESO-VLT-U2,ADP.2019-05-15T10:27:19.941.fits,076.D-0381(A),SCIENCE_RBNSPEC_IDP,,,,85.9146249999986,-69.0091944444433
ADP.2019-05-15T10_27_19.947.fits,93579,2006-03-25T23:49:07.464,53819.99244751,GIRAFFE,ESO-VLT-U2,ADP.2019-05-15T10:27:19.947.fits,076.D-0381(A),SCIENCE_RBNSPEC_IDP,,,,86.0253333333319,-69.0800277777766
ADP.2019-05-15T10_27_19.949.fits,92730,2006-03-25T23:49:07.464,53819.99244751,GIRAFFE,ESO-VLT-U2,ADP.2019-05-15T10:27:19.949.fits,076.D-0381(A),SCIENCE_RBNSPEC_IDP,,,,85.5856249999986,-69.2269166666655
ADP.2019-05-15T10_27_19.955.fits,94826,2006-03-26T00:38:25.307,53820.02668181,GIRAFFE,ESO-VLT-U2,ADP.2019-05-15T10:27:19.955.fits,076.D-0381(A),SCIENCE_RBNSPEC_IDP,,,,86.2283749999985,-69.2183611111099
ADP.2019-05-15T10_27_19.965.fits,90045,2006-03-26T00:38:25.307,53820.02668181,GIRAFFE,ESO-VLT-U2,ADP.2019-05-15T10:27:19.965.fits,076.D-0381(A),SCIENCE_RBNSPEC_IDP,,,,85.9336666666652,-69.0040833333322
ADP.2019-05-15T10_27_19.967.fits,91798,2006-03-25T23:49:07.464,53819.99244751,GIRAFFE,ESO-VLT-U2,ADP.2019-05-15T10:27:19.967.fits,076.D-0381(A),SCIENCE_RBNSPEC_IDP,,,,85.8761666666652,-69.1355555555544
ADP.2019-05-15T10_27_19.973.fits,92566,2006-03-25T23:49:07.464,53819.99244751,GIRAFFE,ESO-VLT-U2,ADP.2019-05-15T10:27:19.973.fits,076.D-0381(A),SCIENCE_RBNSPEC_IDP,,,,85.5079166666652,-69.3063055555544
ADP.2019-05-15T10_27_19.975.fits,95161,2006-03-25T23:49:07.464,53819.99244751,GIRAFFE,ESO-VLT-U2,ADP.2019-05-15T10:27:19.975.fits,076.D-0381(A),SCIENCE_RBNSPEC_IDP,,,,86.2200833333319,-69.2194444444433
ADP.2019-05-15T10_27_19.979.fits,95011,2006-03-26T00:38:25.307,53820.02668181,GIRAFFE,ESO-VLT-U2,ADP.2019-05-15T10:27:19.979.fits,076.D-0381(A),SCIENCE_RBNSPEC_IDP,,,,86.2818333333319,-69.1829166666655
ADP.2019-05-15T10_27_19.995.fits,95302,2006-03-26T00:38:25.307,53820.02668181,GIRAFFE,ESO-VLT-U2,ADP.2019-05-15T10:27:19.995.fits,076.D-0381(A),SCIENCE_RBNSPEC_IDP,,,,86.2805833333318,-69.0797777777766
ADP.2019-05-15T10_27_20.001.fits,92333,2006-03-25T23:49:07.464,53819.99244751,GIRAFFE,ESO-VLT-U2,ADP.2019-05-15T10:27:20.001.fits,076.D-0381(A),SCIENCE_RBNSPEC_IDP,,,,85.8536249999986,-69.1760555555544
ADP.2019-05-15T10_27_20.003.fits,91871,2006-03-26T00:38:25.307,53820.02668181,GIRAFFE,ESO-VLT-U2,ADP.2019-05-15T10:27:20.003.fits,076.D-0381(A),SCIENCE_RBNSPEC_IDP,,,,85.5752916666652,-69.3117777777766
ADP.2019-05-15T10_27_20.009.fits,94983,2006-03-25T23:49:07.464,53819.99244751,GIRAFFE,ESO-VLT-U2,ADP.2019-05-15T10:27:20.009.fits,076.D-0381(A),SCIENCE_RBNSPEC_IDP,,,,86.2774166666652,-69.0862499999988
ADP.2019-05-15T10_27_20.013.fits,90381,2006-03-25T23:49:07.464,53819.99244751,GIRAFFE,ESO-VLT-U2,ADP.2019-05-15T10:27:20.013.fits,076.D-0381(A),SCIENCE_RBNSPEC_IDP,,,,85.8406666666652,-68.9935277777766
ADP.2019-05-15T10_27_20.023.fits,91072,2006-03-25T23:49:07.464,53819.99244751,GIRAFFE,ESO-VLT-U2,ADP.2019-05-15T10:27:20.023.fits,076.D-0381(A),SCIENCE_RBNSPEC_IDP,,,,85.7904583333319,-69.1296666666655
ADP.2019-05-15T10_27_20.025.fits,90990,2006-03-26T00:38:25.307,53820.02668181,GIRAFFE,ESO-VLT-U2,ADP.2019-05-15T10:27:20.025.fits,076.D-0381(A),SCIENCE_RBNSPEC_IDP,,,,85.7955833333319,-69.2746111111099
ADP.2019-05-15T10_27_20.027.fits,92341,2006-03-26T00:38:25.307,53820.02668181,GIRAFFE,ESO-VLT-U2,ADP.2019-05-15T10:27:20.027.fits,076.D-0381(A),SCIENCE_RBNSPEC_IDP,,,,85.5964166666652,-69.0483333333322
ADP.2019-05-15T10_27_20.031.fits,93390,2006-03-26T00:38:25.307,53820.02668181,GIRAFFE,ESO-VLT-U2,ADP.2019-05-15T10:27:20.031.fits,076.D-0381(A),SCIENCE_RBNSPEC_IDP,,,,86.1138333333319,-69.1589722222211
ADP.2019-05-15T10_27_20.038.fits,94958,2006-03-25T23:49:07.464,53819.99244751,GIRAFFE,ESO-VLT-U2,ADP.2019-05-15T10:27:20.038.fits,076.D-0381(A),SCIENCE_RBNSPEC_IDP,,,,86.1255833333319,-69.2060833333322
ADP.2019-05-15T10_27_20.042.fits,153,2006-03-26T00:38:25.307,53820.02668181,GIRAFFE,ESO-VLT-U2,ADP.2019-05-15T10:27:20.042.fits,076.D-0381(A),SCIENCE_RBNSPEC_IDP,,,,86.0594166666652,-69.1546944444433
ADP.2019-05-15T10_27_20.050.fits,93655,2006-03-26T00:38:25.307,53820.02668181,GIRAFFE,ESO-VLT-U2,ADP.2019-05-15T10:27:20.050.fits,076.D-0381(A),SCIENCE_RBNSPEC_IDP,,,,86.2451666666652,-69.184722222221
ADP.2019-05-15T10_27_20.054.fits,92730,2006-03-26T00:38:25.307,53820.02668181,GIRAFFE,ESO-VLT-U2,ADP.2019-05-15T10:27:20.054.fits,076.D-0381(A),SCIENCE_RBNSPEC_IDP,,,,85.5856249999986,-69.2269166666655
ADP.2019-05-15T10_27_20.056.fits,90742,2006-03-25T23:49:07.464,53819.99244751,GIRAFFE,ESO-VLT-U2,ADP.2019-05-15T10:27:20.056.fits,076.D-0381(A),SCIENCE_RBNSPEC_IDP,,,,85.5587916666652,-69.3371666666655
ADP.2019-05-15T10_27_20.058.fits,90505,2006-03-26T00:38:25.307,53820.02668181,GIRAFFE,ESO-VLT-U2,ADP.2019-05-15T10:27:20.058.fits,076.D-0381(A),SCIENCE_RBNSPEC_IDP,,,,85.9069583333319,-69.1273888888877
ADP.2019-05-15T10_27_20.060.fits,90469,2006-03-25T23:49:07.464,53819.99244751,GIRAFFE,ESO-VLT-U2,ADP.2019-05-15T10:27:20.060.fits,076.D-0381(A),SCIENCE_RBNSPEC_IDP,,,,85.8579999999985,-69.1520833333322
ADP.2019-05-15T10_27_20.066.fits,91542,2006-03-26T00:38:25.307,53820.02668181,GIRAFFE,ESO-VLT-U2,ADP.2019-05-15T10:27:20.066.fits,076.D-0381(A),SCIENCE_RBNSPEC_IDP,,,,85.6403749999986,-69.0461666666655
ADP.2019-05-15T10_27_20.080.fits,90469,2006-03-26T00:38:25.307,53820.02668181,GIRAFFE,ESO-VLT-U2,ADP.2019-05-15T10:27:20.080.fits,076.D-0381(A),SCIENCE_RBNSPEC_IDP,,,,85.8579999999985,-69.1520833333322
ADP.2019-05-15T10_27_20.090.fits,91539,2006-03-26T00:38:25.307,53820.02668181,GIRAFFE,ESO-VLT-U2,ADP.2019-05-15T10:27:20.090.fits,076.D-0381(A),SCIENCE_RBNSPEC_IDP,,,,85.8393749999985,-69.269722222221
ADP.2019-05-15T10_27_20.102.fits,1103,2006-03-25T23:49:07.464,53819.99244751,GIRAFFE,ESO-VLT-U2,ADP.2019-05-15T10:27:20.102.fits,076.D-0381(A),SCIENCE_RBNSPEC_IDP,,,,85.8917916666652,-69.1911944444433
ADP.2019-05-15T10_27_20.104.fits,94537,2006-03-25T23:49:07.464,53819.99244751,GIRAFFE,ESO-VLT-U2,ADP.2019-05-15T10:27:20.104.fits,076.D-0381(A),SCIENCE_RBNSPEC_IDP,,,,86.0822083333319,-69.0899722222211
ADP.2019-05-15T10_27_20.114.fits,93178,2006-03-26T00:38:25.307,53820.02668181,GIRAFFE,ESO-VLT-U2,ADP.2019-05-15T10:27:20.114.fits,076.D-0381(A),SCIENCE_RBNSPEC_IDP,,,,86.2265416666652,-69.1586666666655
ADP.2019-05-15T10_27_20.118.fits,93310,2006-03-25T23:49:07.464,53819.99244751,GIRAFFE,ESO-VLT-U2,ADP.2019-05-15T10:27:20.118.fits,076.D-0381(A),SCIENCE_RBNSPEC_IDP,,,,86.2003333333319,-69.15011111111
ADP.2019-05-15T10_27_20.120.fits,92086,2006-03-26T00:38:25.307,53820.02668181,GIRAFFE,ESO-VLT-U2,ADP.2019-05-15T10:27:20.120.fits,076.D-0381(A),SCIENCE_RBNSPEC_IDP,,,,85.7987499999985,-69.0988333333322
ADP.2019-05-15T10_27_20.130.fits,92518,2006-03-25T23:49:07.464,53819.99244751,GIRAFFE,ESO-VLT-U2,ADP.2019-05-15T10:27:20.130.fits,076.D-0381(A),SCIENCE_RBNSPEC_IDP,,,,85.4786666666652,-69.2121666666655
ADP.2019-05-15T10_27_20.134.fits,91996,2006-03-25T23:49:07.464,53819.99244751,GIRAFFE,ESO-VLT-U2,ADP.2019-05-15T10:27:20.134.fits,076.D-0381(A),SCIENCE_RBNSPEC_IDP,,,,85.7183749999986,-69.1591388888877
ADP.2019-05-15T10_50_10.177.fits,90972,2006-03-30T01:24:44.185,53824.05884475,GIRAFFE,ESO-VLT-U2,ADP.2019-05-15T10:50:10.177.fits,076.D-0381(A),SCIENCE_RBNSPEC_IDP,,,,85.4494166666652,-69.2016388888877
ADP.2019-05-15T10_50_10.182.fits,92695,2006-03-30T01:24:44.185,53824.05884475,GIRAFFE,ESO-VLT-U2,ADP.2019-05-15T10:50:10.182.fits,076.D-0381(A),SCIENCE_RBNSPEC_IDP,,,,85.4866249999986,-69.3043055555544
ADP.2019-05-15T10_50_10.184.fits,75,2006-03-30T01:24:44.185,53824.05884475,GIRAFFE,ESO-VLT-U2,ADP.2019-05-15T10:50:10.184.fits,076.D-0381(A),SCIENCE_RBNSPEC_IDP,,,,86.0761249999985,-69.1700833333322
ADP.2019-05-15T10_50_10.191.fits,94367,2006-03-30T01:24:44.185,53824.05884475,GIRAFFE,ESO-VLT-U2,ADP.2019-05-15T10:50:10.191.fits,076.D-0381(A),SCIENCE_RBNSPEC_IDP,,,,86.0175416666652,-68.9804444444433
ADP.2019-05-15T10_50_10.203.fits,92730,2006-03-30T01:24:44.185,53824.05884475,GIRAFFE,ESO-VLT-U2,ADP.2019-05-15T10:50:10.203.fits,076.D-0381(A),SCIENCE_RBNSPEC_IDP,,,,85.5856249999986,-69.2269166666655
ADP.2019-05-15T10_50_10.207.fits,93161,2006-03-30T01:24:44.185,53824.05884475,GIRAFFE,ESO-VLT-U2,ADP.2019-05-15T10:50:10.207.fits,076.D-0381(A),SCIENCE_RBNSPEC_IDP,,,,86.0913749999985,-69.1175555555544
ADP.2019-05-15T10_50_10.209.fits,91268,2006-03-30T01:24:44.185,53824.05884475,GIRAFFE,ESO-VLT-U2,ADP.2019-05-15T10:50:10.209.fits,076.D-0381(A),SCIENCE_RBNSPEC_IDP,,,,85.4229166666652,-69.1977222222211
ADP.2019-05-15T10_50_10.227.fits,94692,2006-03-30T01:24:44.185,53824.05884475,GIRAFFE,ESO-VLT-U2,ADP.2019-05-15T10:50:10.227.fits,076.D-0381(A),SCIENCE_RBNSPEC_IDP,,,,86.1189999999986,-69.0924999999988
ADP.2019-05-15T10_50_10.231.fits,93178,2006-03-30T01:24:44.185,53824.05884475,GIRAFFE,ESO-VLT-U2,ADP.2019-05-15T10:50:10.231.fits,076.D-0381(A),SCIENCE_RBNSPEC_IDP,,,,86.2265416666652,-69.1586666666655
ADP.2019-05-15T10_50_10.235.fits,92086,2006-03-30T01:24:44.185,53824.05884475,GIRAFFE,ESO-VLT-U2,ADP.2019-05-15T10:50:10.235.fits,076.D-0381(A),SCIENCE_RBNSPEC_IDP,,,,85.7987499999985,-69.0988333333322
ADP.2019-05-15T10_50_10.237.fits,91878,2006-03-30T01:24:44.185,53824.05884475,GIRAFFE,ESO-VLT-U2,ADP.2019-05-15T10:50:10.237.fits,076.D-0381(A),SCIENCE_RBNSPEC_IDP,,,,85.8607916666652,-69.1434999999988
ADP.2019-05-15T10_50_10.241.fits,94983,2006-03-30T01:24:44.185,53824.05884475,GIRAFFE,ESO-VLT-U2,ADP.2019-05-15T10:50:10.241.fits,076.D-0381(A),SCIENCE_RBNSPEC_IDP,,,,86.2774166666652,-69.0862499999988
ADP.2019-05-15T10_50_10.263.fits,94451,2006-03-30T01:24:44.185,53824.05884475,GIRAFFE,ESO-VLT-U2,ADP.2019-05-15T10:50:10.263.fits,076.D-0381(A),SCIENCE_RBNSPEC_IDP,,,,86.2473749999986,-69.1253333333322
ADP.2019-05-15T10_50_10.265.fits,92769,2006-03-30T01:24:44.185,53824.05884475,GIRAFFE,ESO-VLT-U2,ADP.2019-05-15T10:50:10.265.fits,076.D-0381(A),SCIENCE_RBNSPEC_IDP,,,,85.9321666666652,-69.1264999999988
ADP.2019-05-15T10_50_10.275.fits,90,2006-03-30T01:24:44.185,53824.05884475,GIRAFFE,ESO-VLT-U2,ADP.2019-05-15T10:50:10.275.fits,076.D-0381(A),SCIENCE_RBNSPEC_IDP,,,,86.0739166666652,-69.1878055555544
ADP.2019-05-15T10_50_10.281.fits,92906,2006-03-30T01:24:44.185,53824.05884475,GIRAFFE,ESO-VLT-U2,ADP.2019-05-15T10:50:10.281.fits,076.D-0381(A),SCIENCE_RBNSPEC_IDP,,,,86.2307499999985,-69.1682499999988
ADP.2019-05-15T10_50_10.283.fits,91729,2006-03-30T01:24:44.185,53824.05884475,GIRAFFE,ESO-VLT-U2,ADP.2019-05-15T10:50:10.283.fits,076.D-0381(A),SCIENCE_RBNSPEC_IDP,,,,85.5090833333319,-69.2575833333322
ADP.2019-05-15T10_50_10.285.fits,91871,2006-03-30T01:24:44.185,53824.05884475,GIRAFFE,ESO-VLT-U2,ADP.2019-05-15T10:50:10.285.fits,076.D-0381(A),SCIENCE_RBNSPEC_IDP,,,,85.5752916666652,-69.3117777777766
ADP.2019-05-15T10_50_10.287.fits,90033,2006-03-30T01:24:44.185,53824.05884475,GIRAFFE,ESO-VLT-U2,ADP.2019-05-15T10:50:10.287.fits,076.D-0381(A),SCIENCE_RBNSPEC_IDP,,,,85.8883749999985,-69.254722222221
ADP.2019-05-15T10_50_10.289.fits,91798,2006-03-30T01:24:44.185,53824.05884475,GIRAFFE,ESO-VLT-U2,ADP.2019-05-15T10:50:10.289.fits,076.D-0381(A),SCIENCE_RBNSPEC_IDP,,,,85.8761666666652,-69.1355555555544
ADP.2019-05-15T10_50_10.293.fits,93301,2006-03-30T01:24:44.185,53824.05884475,GIRAFFE,ESO-VLT-U2,ADP.2019-05-15T10:50:10.293.fits,076.D-0381(A),SCIENCE_RBNSPEC_IDP,,,,86.0036249999986,-69.10261111111
ADP.2019-05-15T10_50_10.309.fits,443,2006-03-30T01:24:44.185,53824.05884475,GIRAFFE,ESO-VLT-U2,ADP.2019-05-15T10:50:10.309.fits,076.D-0381(A),SCIENCE_RBNSPEC_IDP,,,,85.9959166666652,-69.1768888888877
ADP.2019-05-15T10_50_10.313.fits,91542,2006-03-30T01:24:44.185,53824.05884475,GIRAFFE,ESO-VLT-U2,ADP.2019-05-15T10:50:10.313.fits,076.D-0381(A),SCIENCE_RBNSPEC_IDP,,,,85.6403749999986,-69.0461666666655
ADP.2019-05-15T10_50_10.315.fits,92209,2006-03-30T01:24:44.185,53824.05884475,GIRAFFE,ESO-VLT-U2,ADP.2019-05-15T10:50:10.315.fits,076.D-0381(A),SCIENCE_RBNSPEC_IDP,,,,85.9575833333319,-69.0069166666655
ADP.2019-05-15T10_50_10.319.fits,92556,2006-03-30T01:24:44.185,53824.05884475,GIRAFFE,ESO-VLT-U2,ADP.2019-05-15T10:50:10.319.fits,076.D-0381(A),SCIENCE_RBNSPEC_IDP,,,,85.8479166666652,-69.1956944444433
ADP.2019-05-15T10_50_10.321.fits,91072,2006-03-30T01:24:44.185,53824.05884475,GIRAFFE,ESO-VLT-U2,ADP.2019-05-15T10:50:10.321.fits,076.D-0381(A),SCIENCE_RBNSPEC_IDP,,,,85.7904583333319,-69.1296666666655
ADP.2019-05-15T10_50_10.325.fits,91539,2006-03-30T01:24:44.185,53824.05884475,GIRAFFE,ESO-VLT-U2,ADP.2019-05-15T10:50:10.325.fits,076.D-0381(A),SCIENCE_RBNSPEC_IDP,,,,85.8393749999985,-69.269722222221
ADP.2019-05-15T10_50_10.329.fits,90464,2006-03-30T01:24:44.185,53824.05884475,GIRAFFE,ESO-VLT-U2,ADP.2019-05-15T10:50:10.329.fits,076.D-0381(A),SCIENCE_RBNSPEC_IDP,,,,85.5294583333319,-69.2184722222211
ADP.2019-05-15T10_50_10.331.fits,793,2006-03-30T01:24:44.185,53824.05884475,GIRAFFE,ESO-VLT-U2,ADP.2019-05-15T10:50:10.331.fits,076.D-0381(A),SCIENCE_RBNSPEC_IDP,,,,85.9522083333319,-69.1500277777766
ADP.2019-05-15T10_50_10.333.fits,90417,2006-03-30T01:24:44.185,53824.05884475,GIRAFFE,ESO-VLT-U2,ADP.2019-05-15T10:50:10.333.fits,076.D-0381(A),SCIENCE_RBNSPEC_IDP,,,,85.9036666666652,-69.1323333333322
ADP.2019-05-15T10_50_10.335.fits,91778,2006-03-30T01:24:44.185,53824.05884475,GIRAFFE,ESO-VLT-U2,ADP.2019-05-15T10:50:10.335.fits,076.D-0381(A),SCIENCE_RBNSPEC_IDP,,,,85.9182916666652,-69.2895277777766
ADP.2019-05-15T10_50_10.341.fits,1103,2006-03-30T01:24:44.185,53824.05884475,GIRAFFE,ESO-VLT-U2,ADP.2019-05-15T10:50:10.341.fits,076.D-0381(A),SCIENCE_RBNSPEC_IDP,,,,85.8917916666652,-69.1911944444433
ADP.2019-05-15T10_50_10.355.fits,90271,2006-03-30T01:24:44.185,53824.05884475,GIRAFFE,ESO-VLT-U2,ADP.2019-05-15T10:50:10.355.fits,076.D-0381(A),SCIENCE_RBNSPEC_IDP,,,,85.5211666666652,-69.2119999999988
ADP.2019-05-15T10_50_10.357.fits,94774,2006-03-30T01:24:44.185,53824.05884475,GIRAFFE,ESO-VLT-U2,ADP.2019-05-15T10:50:10.357.fits,076.D-0381(A),SCIENCE_RBNSPEC_IDP,,,,86.2392083333319,-69.1498055555544
ADP.2019-05-15T10_50_10.361.fits,91996,2006-03-30T01:24:44.185,53824.05884475,GIRAFFE,ESO-VLT-U2,ADP.2019-05-15T10:50:10.361.fits,076.D-0381(A),SCIENCE_RBNSPEC_IDP,,,,85.7183749999986,-69.1591388888877
ADP.2019-05-15T10_50_10.365.fits,91342,2006-03-30T01:24:44.185,53824.05884475,GIRAFFE,ESO-VLT-U2,ADP.2019-05-15T10:50:10.365.fits,076.D-0381(A),SCIENCE_RBNSPEC_IDP,,,,85.8509583333319,-69.3708333333322
ADP.2019-05-15T10_50_10.369.fits,92518,2006-03-30T01:24:44.185,53824.05884475,GIRAFFE,ESO-VLT-U2,ADP.2019-05-15T10:50:10.369.fits,076.D-0381(A),SCIENCE_RBNSPEC_IDP,,,,85.4786666666652,-69.2121666666655
ADP.2019-05-15T10_50_10.371.fits,95161,2006-03-30T01:24:44.185,53824.05884475,GIRAFFE,ESO-VLT-U2,ADP.2019-05-15T10:50:10.371.fits,076.D-0381(A),SCIENCE_RBNSPEC_IDP,,,,86.2200833333319,-69.2194444444433
ADP.2019-05-15T10_50_10.373.fits,303,2006-03-30T01:24:44.185,53824.05884475,GIRAFFE,ESO-VLT-U2,ADP.2019-05-15T10:50:10.373.fits,076.D-0381(A),SCIENCE_RBNSPEC_IDP,,,,86.0236249999985,-69.1565555555544
ADP.2019-05-15T10_50_10.375.fits,93390,2006-03-30T01:24:44.185,53824.05884475,GIRAFFE,ESO-VLT-U2,ADP.2019-05-15T10:50:10.375.fits,076.D-0381(A),SCIENCE_RBNSPEC_IDP,,,,86.1138333333319,-69.1589722222211
ADP.2019-05-15T10_50_10.383.fits,93655,2006-03-30T01:24:44.185,53824.05884475,GIRAFFE,ESO-VLT-U2,ADP.2019-05-15T10:50:10.383.fits,076.D-0381(A),SCIENCE_RBNSPEC_IDP,,,,86.2451666666652,-69.184722222221
ADP.2019-05-15T10_50_10.385.fits,153,2006-03-30T01:24:44.185,53824.05884475,GIRAFFE,ESO-VLT-U2,ADP.2019-05-15T10:50:10.385.fits,076.D-0381(A),SCIENCE_RBNSPEC_IDP,,,,86.0594166666652,-69.1546944444433
ADP.2019-05-15T10_50_10.389.fits,91402,2006-03-30T01:24:44.185,53824.05884475,GIRAFFE,ESO-VLT-U2,ADP.2019-05-15T10:50:10.389.fits,076.D-0381(A),SCIENCE_RBNSPEC_IDP,,,,85.6099583333319,-69.3306111111099
ADP.2019-05-15T10_50_10.391.fits,94576,2006-03-30T01:24:44.185,53824.05884475,GIRAFFE,ESO-VLT-U2,ADP.2019-05-15T10:50:10.391.fits,076.D-0381(A),SCIENCE_RBNSPEC_IDP,,,,86.1396666666652,-69.1880555555544
ADP.2019-05-15T10_50_10.393.fits,95011,2006-03-30T01:24:44.185,53824.05884475,GIRAFFE,ESO-VLT-U2,ADP.2019-05-15T10:50:10.393.fits,076.D-0381(A),SCIENCE_RBNSPEC_IDP,,,,86.2818333333319,-69.1829166666655
ADP.2019-05-15T10_50_10.399.fits,93579,2006-03-30T01:24:44.185,53824.05884475,GIRAFFE,ESO-VLT-U2,ADP.2019-05-15T10:50:10.399.fits,076.D-0381(A),SCIENCE_RBNSPEC_IDP,,,,86.0253333333319,-69.0800277777766
ADP.2019-05-15T10_50_10.405.fits,93480,2006-03-30T01:24:44.185,53824.05884475,GIRAFFE,ESO-VLT-U2,ADP.2019-05-15T10:50:10.405.fits,076.D-0381(A),SCIENCE_RBNSPEC_IDP,,,,86.1212916666652,-69.2195555555544
ADP.2019-05-15T10_50_10.407.fits,90167,2006-03-30T01:24:44.185,53824.05884475,GIRAFFE,ESO-VLT-U2,ADP.2019-05-15T10:50:10.407.fits,076.D-0381(A),SCIENCE_RBNSPEC_IDP,,,,85.7347499999985,-69.0563055555544
ADP.2019-05-15T10_50_10.425.fits,1233,2006-03-30T01:24:44.185,53824.05884475,GIRAFFE,ESO-VLT-U2,ADP.2019-05-15T10:50:10.425.fits,076.D-0381(A),SCIENCE_RBNSPEC_IDP,,,,86.0101249999986,-69.2151111111099
ADP.2019-05-15T10_50_10.429.fits,91173,2006-03-30T01:24:44.185,53824.05884475,GIRAFFE,ESO-VLT-U2,ADP.2019-05-15T10:50:10.429.fits,076.D-0381(A),SCIENCE_RBNSPEC_IDP,,,,85.5517916666652,-69.1977777777766
ADP.2019-05-15T10_50_10.435.fits,92876,2006-03-30T01:24:44.185,53824.05884475,GIRAFFE,ESO-VLT-U2,ADP.2019-05-15T10:50:10.435.fits,076.D-0381(A),SCIENCE_RBNSPEC_IDP,,,,85.5637083333319,-69.2922777777766
ADP.2019-05-15T10_50_10.437.fits,93110,2006-03-30T01:24:44.185,53824.05884475,GIRAFFE,ESO-VLT-U2,ADP.2019-05-15T10:50:10.437.fits,076.D-0381(A),SCIENCE_RBNSPEC_IDP,,,,86.1648749999985,-69.1986666666655
ADP.2019-05-15T10_50_10.439.fits,92333,2006-03-30T01:24:44.185,53824.05884475,GIRAFFE,ESO-VLT-U2,ADP.2019-05-15T10:50:10.439.fits,076.D-0381(A),SCIENCE_RBNSPEC_IDP,,,,85.8536249999986,-69.1760555555544
ADP.2019-05-15T10_50_10.443.fits,93965,2006-03-30T01:24:44.185,53824.05884475,GIRAFFE,ESO-VLT-U2,ADP.2019-05-15T10:50:10.443.fits,076.D-0381(A),SCIENCE_RBNSPEC_IDP,,,,86.1564166666652,-69.0706944444433
ADP.2019-05-15T10_50_10.445.fits,93374,2006-03-30T01:24:44.185,53824.05884475,GIRAFFE,ESO-VLT-U2,ADP.2019-05-15T10:50:10.445.fits,076.D-0381(A),SCIENCE_RBNSPEC_IDP,,,,86.2203333333319,-69.1301388888877
ADP.2019-05-15T10_50_10.447.fits,95032,2006-03-30T01:24:44.185,53824.05884475,GIRAFFE,ESO-VLT-U2,ADP.2019-05-15T10:50:10.447.fits,076.D-0381(A),SCIENCE_RBNSPEC_IDP,,,,86.1074583333319,-69.0821388888877
ADP.2019-05-15T10_50_10.449.fits,90742,2006-03-30T01:24:44.185,53824.05884475,GIRAFFE,ESO-VLT-U2,ADP.2019-05-15T10:50:10.449.fits,076.D-0381(A),SCIENCE_RBNSPEC_IDP,,,,85.5587916666652,-69.3371666666655
ADP.2019-05-15T10_50_10.453.fits,93263,2006-03-30T01:24:44.185,53824.05884475,GIRAFFE,ESO-VLT-U2,ADP.2019-05-15T10:50:10.453.fits,076.D-0381(A),SCIENCE_RBNSPEC_IDP,,,,86.0153749999985,-69.0016388888877
ADP.2019-05-15T10_50_10.455.fits,90045,2006-03-30T01:24:44.185,53824.05884475,GIRAFFE,ESO-VLT-U2,ADP.2019-05-15T10:50:10.455.fits,076.D-0381(A),SCIENCE_RBNSPEC_IDP,,,,85.9336666666652,-69.0040833333322
ADP.2019-05-15T10_50_10.459.fits,94989,2006-03-30T01:24:44.185,53824.05884475,GIRAFFE,ESO-VLT-U2,ADP.2019-05-15T10:50:10.459.fits,076.D-0381(A),SCIENCE_RBNSPEC_IDP,,,,86.2353333333319,-69.1309444444433
ADP.2019-05-15T10_50_10.461.fits,380,2006-03-30T01:24:44.185,53824.05884475,GIRAFFE,ESO-VLT-U2,ADP.2019-05-15T10:50:10.461.fits,076.D-0381(A),SCIENCE_RBNSPEC_IDP,,,,86.0063749999985,-69.20236111111
ADP.2019-05-15T10_50_10.463.fits,90381,2006-03-30T01:24:44.185,53824.05884475,GIRAFFE,ESO-VLT-U2,ADP.2019-05-15T10:50:10.463.fits,076.D-0381(A),SCIENCE_RBNSPEC_IDP,,,,85.8406666666652,-68.9935277777766
ADP.2019-05-15T10_50_10.471.fits,1300,2006-03-30T01:24:44.185,53824.05884475,GIRAFFE,ESO-VLT-U2,ADP.2019-05-15T10:50:10.471.fits,076.D-0381(A),SCIENCE_RBNSPEC_IDP,,,,85.9157499999986,-69.1692499999989
ADP.2019-05-15T10_50_10.473.fits,91450,2006-03-30T01:24:44.185,53824.05884475,GIRAFFE,ESO-VLT-U2,ADP.2019-05-15T10:50:10.473.fits,076.D-0381(A),SCIENCE_RBNSPEC_IDP,,,,85.6476666666652,-69.0765277777766
ADP.2019-05-15T10_50_10.477.fits,93521,2006-03-30T01:24:44.185,53824.05884475,GIRAFFE,ESO-VLT-U2,ADP.2019-05-15T10:50:10.477.fits,076.D-0381(A),SCIENCE_RBNSPEC_IDP,,,,86.2844166666652,-69.0993888888877
ADP.2019-05-15T10_50_10.479.fits,92774,2006-03-30T01:24:44.185,53824.05884475,GIRAFFE,ESO-VLT-U2,ADP.2019-05-15T10:50:10.479.fits,076.D-0381(A),SCIENCE_RBNSPEC_IDP,,,,85.5311249999986,-69.2139444444433
ADP.2019-05-15T10_50_10.481.fits,93159,2006-03-30T01:24:44.185,53824.05884475,GIRAFFE,ESO-VLT-U2,ADP.2019-05-15T10:50:10.481.fits,076.D-0381(A),SCIENCE_RBNSPEC_IDP,,,,85.9320416666652,-69.2367499999988
ADP.2019-05-15T10_50_10.487.fits,94537,2006-03-30T01:24:44.185,53824.05884475,GIRAFFE,ESO-VLT-U2,ADP.2019-05-15T10:50:10.487.fits,076.D-0381(A),SCIENCE_RBNSPEC_IDP,,,,86.0822083333319,-69.0899722222211
ADP.2019-05-15T10_50_10.489.fits,94338,2006-03-30T01:24:44.185,53824.05884475,GIRAFFE,ESO-VLT-U2,ADP.2019-05-15T10:50:10.489.fits,076.D-0381(A),SCIENCE_RBNSPEC_IDP,,,,86.1834583333319,-69.1597499999988
ADP.2019-05-15T10_50_10.505.fits,94667,2006-03-30T01:24:44.185,53824.05884475,GIRAFFE,ESO-VLT-U2,ADP.2019-05-15T10:50:10.505.fits,076.D-0381(A),SCIENCE_RBNSPEC_IDP,,,,86.3077916666652,-69.125722222221
ADP.2019-05-15T10_50_10.511.fits,92191,2006-03-30T01:24:44.185,53824.05884475,GIRAFFE,ESO-VLT-U2,ADP.2019-05-15T10:50:10.511.fits,076.D-0381(A),SCIENCE_RBNSPEC_IDP,,,,85.5482916666652,-69.219222222221
ADP.2019-05-15T10_50_10.513.fits,94826,2006-03-30T01:24:44.185,53824.05884475,GIRAFFE,ESO-VLT-U2,ADP.2019-05-15T10:50:10.513.fits,076.D-0381(A),SCIENCE_RBNSPEC_IDP,,,,86.2283749999985,-69.2183611111099
ADP.2019-05-15T10_50_10.517.fits,90145,2006-03-30T01:24:44.185,53824.05884475,GIRAFFE,ESO-VLT-U2,ADP.2019-05-15T10:50:10.517.fits,076.D-0381(A),SCIENCE_RBNSPEC_IDP,,,,85.4919999999986,-69.2041666666655
ADP.2019-05-15T10_50_10.521.fits,92778,2006-03-30T01:24:44.185,53824.05884475,GIRAFFE,ESO-VLT-U2,ADP.2019-05-15T10:50:10.521.fits,076.D-0381(A),SCIENCE_RBNSPEC_IDP,,,,85.9146249999986,-69.0091944444433
ADP.2019-05-15T10_50_10.527.fits,94914,2006-03-30T01:24:44.185,53824.05884475,GIRAFFE,ESO-VLT-U2,ADP.2019-05-15T10:50:10.527.fits,076.D-0381(A),SCIENCE_RBNSPEC_IDP,,,,86.1433749999986,-69.0876944444433
ADP.2019-05-15T10_50_10.529.fits,90983,2006-03-30T01:24:44.185,53824.05884475,GIRAFFE,ESO-VLT-U2,ADP.2019-05-15T10:50:10.529.fits,076.D-0381(A),SCIENCE_RBNSPEC_IDP,,,,85.5678749999986,-69.2195277777766
ADP.2019-05-15T10_50_10.535.fits,90505,2006-03-30T01:24:44.185,53824.05884475,GIRAFFE,ESO-VLT-U2,ADP.2019-05-15T10:50:10.535.fits,076.D-0381(A),SCIENCE_RBNSPEC_IDP,,,,85.9069583333319,-69.1273888888877
ADP.2019-05-15T10_50_10.537.fits,95302,2006-03-30T01:24:44.185,53824.05884475,GIRAFFE,ESO-VLT-U2,ADP.2019-05-15T10:50:10.537.fits,076.D-0381(A),SCIENCE_RBNSPEC_IDP,,,,86.2805833333318,-69.0797777777766
ADP.2019-05-15T10_50_10.541.fits,92566,2006-03-30T01:24:44.185,53824.05884475,GIRAFFE,ESO-VLT-U2,ADP.2019-05-15T10:50:10.541.fits,076.D-0381(A),SCIENCE_RBNSPEC_IDP,,,,85.5079166666652,-69.3063055555544
ADP.2019-05-15T10_50_10.545.fits,90469,2006-03-30T01:24:44.185,53824.05884475,GIRAFFE,ESO-VLT-U2,ADP.2019-05-15T10:50:10.545.fits,076.D-0381(A),SCIENCE_RBNSPEC_IDP,,,,85.8579999999985,-69.1520833333322
ADP.2019-05-15T10_50_10.547.fits,93850,2006-03-30T01:24:44.185,53824.05884475,GIRAFFE,ESO-VLT-U2,ADP.2019-05-15T10:50:10.547.fits,076.D-0381(A),SCIENCE_RBNSPEC_IDP,,,,86.0908333333319,-69.0849444444433
ADP.2019-05-15T10_50_10.557.fits,92341,2006-03-30T01:24:44.185,53824.05884475,GIRAFFE,ESO-VLT-U2,ADP.2019-05-15T10:50:10.557.fits,076.D-0381(A),SCIENCE_RBNSPEC_IDP,,,,85.5964166666652,-69.0483333333322
ADP.2019-05-15T10_50_10.561.fits,95326,2006-03-30T01:24:44.185,53824.05884475,GIRAFFE,ESO-VLT-U2,ADP.2019-05-15T10:50:10.561.fits,076.D-0381(A),SCIENCE_RBNSPEC_IDP,,,,86.1137916666652,-68.9983611111099
ADP.2019-05-15T10_50_10.563.fits,92717,2006-03-30T01:24:44.185,53824.05884475,GIRAFFE,ESO-VLT-U2,ADP.2019-05-15T10:50:10.563.fits,076.D-0381(A),SCIENCE_RBNSPEC_IDP,,,,85.6194583333319,-69.2876944444433
ADP.2019-05-15T10_50_10.565.fits,94530,2006-03-30T01:24:44.185,53824.05884475,GIRAFFE,ESO-VLT-U2,ADP.2019-05-15T10:50:10.565.fits,076.D-0381(A),SCIENCE_RBNSPEC_IDP,,,,86.0504583333319,-68.9898611111099
ADP.2019-05-15T10_50_10.573.fits,94405,2006-03-30T01:24:44.185,53824.05884475,GIRAFFE,ESO-VLT-U2,ADP.2019-05-15T10:50:10.573.fits,076.D-0381(A),SCIENCE_RBNSPEC_IDP,,,,85.9711249999986,-69.2591944444433
ADP.2019-05-15T10_50_10.577.fits,90517,2006-03-30T01:24:44.185,53824.05884475,GIRAFFE,ESO-VLT-U2,ADP.2019-05-15T10:50:10.577.fits,076.D-0381(A),SCIENCE_RBNSPEC_IDP,,,,85.7753749999985,-69.2699444444433
ADP.2019-05-15T10_50_10.591.fits,94708,2006-03-30T01:24:44.185,53824.05884475,GIRAFFE,ESO-VLT-U2,ADP.2019-05-15T10:50:10.591.fits,076.D-0381(A),SCIENCE_RBNSPEC_IDP,,,,86.0358749999986,-69.0908055555544
ADP.2019-05-15T10_50_10.595.fits,167,2006-03-30T01:24:44.185,53824.05884475,GIRAFFE,ESO-VLT-U2,ADP.2019-05-15T10:50:10.595.fits,076.D-0381(A),SCIENCE_RBNSPEC_IDP,,,,86.0550833333319,-69.1982499999988
ADP.2019-05-15T10_50_10.599.fits,90990,2006-03-30T01:24:44.185,53824.05884475,GIRAFFE,ESO-VLT-U2,ADP.2019-05-15T10:50:10.599.fits,076.D-0381(A),SCIENCE_RBNSPEC_IDP,,,,85.7955833333319,-69.2746111111099
ADP.2019-05-15T10_50_10.609.fits,94459,2006-03-30T01:24:44.185,53824.05884475,GIRAFFE,ESO-VLT-U2,ADP.2019-05-15T10:50:10.609.fits,076.D-0381(A),SCIENCE_RBNSPEC_IDP,,,,86.1690833333319,-69.24911111111
ADP.2019-05-15T10_50_10.611.fits,91992,2006-03-30T01:24:44.185,53824.05884475,GIRAFFE,ESO-VLT-U2,ADP.2019-05-15T10:50:10.611.fits,076.D-0381(A),SCIENCE_RBNSPEC_IDP,,,,85.8877083333319,-69.0761944444433
ADP.2019-05-15T10_50_10.613.fits,94631,2006-03-30T01:24:44.185,53824.05884475,GIRAFFE,ESO-VLT-U2,ADP.2019-05-15T10:50:10.613.fits,076.D-0381(A),SCIENCE_RBNSPEC_IDP,,,,86.2770416666652,-69.1948611111099
ADP.2019-05-15T10_50_10.621.fits,90547,2006-03-30T01:24:44.185,53824.05884475,GIRAFFE,ESO-VLT-U2,ADP.2019-05-15T10:50:10.621.fits,076.D-0381(A),SCIENCE_RBNSPEC_IDP,,,,85.6857083333319,-69.0756944444433
ADP.2019-05-15T10_50_10.633.fits,92597,2006-03-30T01:24:44.185,53824.05884475,GIRAFFE,ESO-VLT-U2,ADP.2019-05-15T10:50:10.633.fits,076.D-0381(A),SCIENCE_RBNSPEC_IDP,,,,85.8026249999985,-69.0079166666655
ADP.2019-05-15T10_50_10.635.fits,93392,2006-03-30T01:24:44.185,53824.05884475,GIRAFFE,ESO-VLT-U2,ADP.2019-05-15T10:50:10.635.fits,076.D-0381(A),SCIENCE_RBNSPEC_IDP,,,,86.0628333333319,-69.1351388888877
ADP.2019-05-15T10_50_10.637.fits,94958,2006-03-30T01:24:44.185,53824.05884475,GIRAFFE,ESO-VLT-U2,ADP.2019-05-15T10:50:10.637.fits,076.D-0381(A),SCIENCE_RBNSPEC_IDP,,,,86.1255833333319,-69.2060833333322
ADP.2019-05-15T10_50_10.643.fits,93013,2006-03-30T01:24:44.185,53824.05884475,GIRAFFE,ESO-VLT-U2,ADP.2019-05-15T10:50:10.643.fits,076.D-0381(A),SCIENCE_RBNSPEC_IDP,,,,85.9425833333319,-69.2394166666655
ADP.2019-05-15T10_50_10.649.fits,93310,2006-03-30T01:24:44.185,53824.05884475,GIRAFFE,ESO-VLT-U2,ADP.2019-05-15T10:50:10.649.fits,076.D-0381(A),SCIENCE_RBNSPEC_IDP,,,,86.2003333333319,-69.15011111111
ADP.2019-05-20T15_43_46.231.fits,u29,2003-12-03T04:19:56.443,52976.18051439,GIRAFFE,ESO-VLT-U2,ADP.2019-05-20T15:43:46.231.fits,072.C-0348(A),SCIENCE_RBNSPEC_IDP,,,,84.8774583333319,-69.1555277777766
ADP.2019-05-20T15_43_46.236.fits,pos095,2003-12-03T08:50:44.526,52976.36857091,GIRAFFE,ESO-VLT-U2,ADP.2019-05-20T15:43:46.236.fits,072.C-0348(A),SCIENCE_RBNSPEC_IDP,,,,84.4573333333319,-69.1796388888877
ADP.2019-05-20T15_43_46.241.fits,pos075,2003-12-03T08:50:44.526,52976.36857091,GIRAFFE,ESO-VLT-U2,ADP.2019-05-20T15:43:46.241.fits,072.C-0348(A),SCIENCE_RBNSPEC_IDP,,,,84.7082083333319,-69.1202499999988
ADP.2019-05-20T15_43_46.243.fits,pos036,2003-12-03T08:50:44.526,52976.36857091,GIRAFFE,ESO-VLT-U2,ADP.2019-05-20T15:43:46.243.fits,072.C-0348(A),SCIENCE_RBNSPEC_IDP,,,,84.6720833333319,-69.1262777777766
ADP.2019-05-20T15_43_46.245.fits,u17,2003-12-03T04:19:56.443,52976.18051439,GIRAFFE,ESO-VLT-U2,ADP.2019-05-20T15:43:46.245.fits,072.C-0348(A),SCIENCE_RBNSPEC_IDP,,,,84.8462916666652,-69.1666388888877
ADP.2019-05-20T15_43_46.247.fits,u33,2003-12-03T04:19:56.443,52976.18051439,GIRAFFE,ESO-VLT-U2,ADP.2019-05-20T15:43:46.247.fits,072.C-0348(A),SCIENCE_RBNSPEC_IDP,,,,84.8774583333319,-69.099972222221
ADP.2019-05-20T15_43_46.249.fits,pos029,2003-12-03T08:50:44.526,52976.36857091,GIRAFFE,ESO-VLT-U2,ADP.2019-05-20T15:43:46.249.fits,072.C-0348(A),SCIENCE_RBNSPEC_IDP,,,,84.4964583333319,-69.0903333333322
ADP.2019-05-20T15_43_46.251.fits,t15,2003-12-03T04:19:56.443,52976.18051439,GIRAFFE,ESO-VLT-U2,ADP.2019-05-20T15:43:46.251.fits,072.C-0348(A),SCIENCE_RBNSPEC_IDP,,,,84.5036666666652,-69.1555277777766
ADP.2019-05-20T15_43_46.253.fits,pos070,2003-12-03T08:50:44.526,52976.36857091,GIRAFFE,ESO-VLT-U2,ADP.2019-05-20T15:43:46.253.fits,072.C-0348(A),SCIENCE_RBNSPEC_IDP,,,,84.7813749999986,-69.04736111111
ADP.2019-05-20T15_43_46.255.fits,pos006,2003-12-03T08:50:44.526,52976.36857091,GIRAFFE,ESO-VLT-U2,ADP.2019-05-20T15:43:46.255.fits,072.C-0348(A),SCIENCE_RBNSPEC_IDP,,,,84.7250416666652,-69.0923888888877
ADP.2019-05-20T15_43_46.257.fits,pos060,2003-12-03T08:50:44.526,52976.36857091,GIRAFFE,ESO-VLT-U2,ADP.2019-05-20T15:43:46.257.fits,072.C-0348(A),SCIENCE_RBNSPEC_IDP,,,,84.8504583333319,-69.1023888888877
ADP.2019-05-20T15_43_46.259.fits,pos009,2003-12-03T08:50:44.526,52976.36857091,GIRAFFE,ESO-VLT-U2,ADP.2019-05-20T15:43:46.259.fits,072.C-0348(A),SCIENCE_RBNSPEC_IDP,,,,84.6669166666652,-69.1093333333321
ADP.2019-05-20T15_43_46.261.fits,u21,2003-12-03T04:19:56.443,52976.18051439,GIRAFFE,ESO-VLT-U2,ADP.2019-05-20T15:43:46.261.fits,072.C-0348(A),SCIENCE_RBNSPEC_IDP,,,,84.8462916666652,-69.1110833333322
ADP.2019-05-20T15_43_46.263.fits,pos043,2003-12-03T08:50:44.526,52976.36857091,GIRAFFE,ESO-VLT-U2,ADP.2019-05-20T15:43:46.263.fits,072.C-0348(A),SCIENCE_RBNSPEC_IDP,,,,84.7350833333319,-69.1667222222211
ADP.2019-05-20T15_43_46.265.fits,t05,2003-12-03T04:19:56.443,52976.18051439,GIRAFFE,ESO-VLT-U2,ADP.2019-05-20T15:43:46.265.fits,072.C-0348(A),SCIENCE_RBNSPEC_IDP,,,,84.4725416666653,-69.1221944444433
ADP.2019-05-20T15_43_46.267.fits,pos018,2003-12-03T08:50:44.526,52976.36857091,GIRAFFE,ESO-VLT-U2,ADP.2019-05-20T15:43:46.267.fits,072.C-0348(A),SCIENCE_RBNSPEC_IDP,,,,84.6319583333319,-69.0622777777766
ADP.2019-05-20T15_43_46.269.fits,pos019,2003-12-03T08:50:44.526,52976.36857091,GIRAFFE,ESO-VLT-U2,ADP.2019-05-20T15:43:46.269.fits,072.C-0348(A),SCIENCE_RBNSPEC_IDP,,,,84.5702916666653,-69.05661111111
ADP.2019-05-20T15_43_46.271.fits,pos091,2003-12-03T08:50:44.526,52976.36857091,GIRAFFE,ESO-VLT-U2,ADP.2019-05-20T15:43:46.271.fits,072.C-0348(A),SCIENCE_RBNSPEC_IDP,,,,84.6275833333319,-69.2321111111099
ADP.2019-05-20T15_43_46.273.fits,pos042,2003-12-03T08:50:44.526,52976.36857091,GIRAFFE,ESO-VLT-U2,ADP.2019-05-20T15:43:46.273.fits,072.C-0348(A),SCIENCE_RBNSPEC_IDP,,,,84.7179166666652,-69.1606111111099
ADP.2019-05-20T15_43_46.275.fits,pos034,2003-12-03T08:50:44.526,52976.36857091,GIRAFFE,ESO-VLT-U2,ADP.2019-05-20T15:43:46.275.fits,072.C-0348(A),SCIENCE_RBNSPEC_IDP,,,,84.5162499999986,-69.1184999999988
ADP.2019-05-20T15_43_46.277.fits,t47,2003-12-03T04:19:56.443,52976.18051439,GIRAFFE,ESO-VLT-U2,ADP.2019-05-20T15:43:46.277.fits,072.C-0348(A),SCIENCE_RBNSPEC_IDP,,,,84.6594166666653,-69.1666388888877
ADP.2019-05-20T15_43_46.279.fits,t31,2003-12-03T04:19:56.443,52976.18051439,GIRAFFE,ESO-VLT-U2,ADP.2019-05-20T15:43:46.279.fits,072.C-0348(A),SCIENCE_RBNSPEC_IDP,,,,84.5659583333319,-69.1221944444433
ADP.2019-05-20T15_43_46.281.fits,u40,2003-12-03T04:19:56.443,52976.18051439,GIRAFFE,ESO-VLT-U2,ADP.2019-05-20T15:43:46.281.fits,072.C-0348(A),SCIENCE_RBNSPEC_IDP,,,,84.9085833333319,-69.0221944444433
ADP.2019-05-20T15_43_46.283.fits,u10,2003-12-03T04:19:56.443,52976.18051439,GIRAFFE,ESO-VLT-U2,ADP.2019-05-20T15:43:46.283.fits,072.C-0348(A),SCIENCE_RBNSPEC_IDP,,,,84.7839999999986,-69.0666388888877
ADP.2019-05-20T15_43_46.285.fits,u07,2003-12-03T04:19:56.443,52976.18051439,GIRAFFE,ESO-VLT-U2,ADP.2019-05-20T15:43:46.285.fits,072.C-0348(A),SCIENCE_RBNSPEC_IDP,,,,84.7528333333319,-69.1333055555544
ADP.2019-05-20T15_43_46.287.fits,pos088,2003-12-03T08:50:44.526,52976.36857091,GIRAFFE,ESO-VLT-U2,ADP.2019-05-20T15:43:46.287.fits,072.C-0348(A),SCIENCE_RBNSPEC_IDP,,,,84.5418749999986,-69.1336388888877
ADP.2019-05-20T15_43_46.289.fits,t45,2003-12-03T04:19:56.443,52976.18051439,GIRAFFE,ESO-VLT-U2,ADP.2019-05-20T15:43:46.289.fits,072.C-0348(A),SCIENCE_RBNSPEC_IDP,,,,84.6282499999986,-69.0333055555544
ADP.2019-05-20T15_43_46.291.fits,u05,2003-12-03T04:19:56.443,52976.18051439,GIRAFFE,ESO-VLT-U2,ADP.2019-05-20T15:43:46.291.fits,072.C-0348(A),SCIENCE_RBNSPEC_IDP,,,,84.7528333333319,-69.1555277777766
ADP.2019-05-20T15_43_46.293.fits,pos031,2003-12-03T08:50:44.526,52976.36857091,GIRAFFE,ESO-VLT-U2,ADP.2019-05-20T15:43:46.293.fits,072.C-0348(A),SCIENCE_RBNSPEC_IDP,,,,84.5036249999986,-69.1027499999988
ADP.2019-05-20T15_43_46.295.fits,pos081,2003-12-03T08:50:44.526,52976.36857091,GIRAFFE,ESO-VLT-U2,ADP.2019-05-20T15:43:46.295.fits,072.C-0348(A),SCIENCE_RBNSPEC_IDP,,,,84.7367083333319,-69.0961666666655
ADP.2019-05-20T15_43_46.297.fits,pos022,2003-12-03T08:50:44.526,52976.36857091,GIRAFFE,ESO-VLT-U2,ADP.2019-05-20T15:43:46.297.fits,072.C-0348(A),SCIENCE_RBNSPEC_IDP,,,,84.6159166666652,-69.0523611111099
ADP.2019-05-20T15_43_46.299.fits,t07,2003-12-03T04:19:56.443,52976.18051439,GIRAFFE,ESO-VLT-U2,ADP.2019-05-20T15:43:46.299.fits,072.C-0348(A),SCIENCE_RBNSPEC_IDP,,,,84.4725416666653,-69.099972222221
ADP.2019-05-20T15_43_46.301.fits,t21,2003-12-03T04:19:56.443,52976.18051439,GIRAFFE,ESO-VLT-U2,ADP.2019-05-20T15:43:46.301.fits,072.C-0348(A),SCIENCE_RBNSPEC_IDP,,,,84.5036666666652,-69.0555277777766
ADP.2019-05-20T15_43_46.303.fits,u37,2003-12-03T04:19:56.443,52976.18051439,GIRAFFE,ESO-VLT-U2,ADP.2019-05-20T15:43:46.303.fits,072.C-0348(A),SCIENCE_RBNSPEC_IDP,,,,84.8774583333319,-69.0333055555544
ADP.2019-05-20T15_43_46.305.fits,t09,2003-12-03T04:19:56.443,52976.18051439,GIRAFFE,ESO-VLT-U2,ADP.2019-05-20T15:43:46.305.fits,072.C-0348(A),SCIENCE_RBNSPEC_IDP,,,,84.4725416666653,-69.0777499999988
ADP.2019-05-20T15_43_46.307.fits,pos116,2003-12-03T08:50:44.526,52976.36857091,GIRAFFE,ESO-VLT-U2,ADP.2019-05-20T15:43:46.307.fits,072.C-0348(A),SCIENCE_RBNSPEC_IDP,,,,84.6619999999986,-69.1371111111099
ADP.2019-05-20T15_43_46.309.fits,t13,2003-12-03T04:19:56.443,52976.18051439,GIRAFFE,ESO-VLT-U2,ADP.2019-05-20T15:43:46.309.fits,072.C-0348(A),SCIENCE_RBNSPEC_IDP,,,,84.4725416666653,-69.0221944444433
ADP.2019-05-20T15_43_46.311.fits,pos053,2003-12-03T08:50:44.526,52976.36857091,GIRAFFE,ESO-VLT-U2,ADP.2019-05-20T15:43:46.311.fits,072.C-0348(A),SCIENCE_RBNSPEC_IDP,,,,84.8456666666652,-69.1237777777766
ADP.2019-05-20T15_43_46.313.fits,t16,2003-12-03T04:19:56.443,52976.18051439,GIRAFFE,ESO-VLT-U2,ADP.2019-05-20T15:43:46.313.fits,072.C-0348(A),SCIENCE_RBNSPEC_IDP,,,,84.5036666666652,-69.1221944444433
ADP.2019-05-20T15_43_46.315.fits,u23,2003-12-03T04:19:56.443,52976.18051439,GIRAFFE,ESO-VLT-U2,ADP.2019-05-20T15:43:46.315.fits,072.C-0348(A),SCIENCE_RBNSPEC_IDP,,,,84.8462916666652,-69.0888611111099
ADP.2019-05-20T15_43_46.317.fits,pos039,2003-12-03T08:50:44.526,52976.36857091,GIRAFFE,ESO-VLT-U2,ADP.2019-05-20T15:43:46.317.fits,072.C-0348(A),SCIENCE_RBNSPEC_IDP,,,,84.6252083333319,-69.1698888888877
ADP.2019-05-20T15_43_46.319.fits,u30,2003-12-03T04:19:56.443,52976.18051439,GIRAFFE,ESO-VLT-U2,ADP.2019-05-20T15:43:46.319.fits,072.C-0348(A),SCIENCE_RBNSPEC_IDP,,,,84.8774583333319,-69.1444166666655
ADP.2019-05-20T15_43_46.321.fits,pos004,2003-12-03T08:50:44.526,52976.36857091,GIRAFFE,ESO-VLT-U2,ADP.2019-05-20T15:43:46.321.fits,072.C-0348(A),SCIENCE_RBNSPEC_IDP,,,,84.7291666666652,-69.0837777777766
ADP.2019-05-20T15_43_46.323.fits,pos067,2003-12-03T08:50:44.526,52976.36857091,GIRAFFE,ESO-VLT-U2,ADP.2019-05-20T15:43:46.323.fits,072.C-0348(A),SCIENCE_RBNSPEC_IDP,,,,84.7890416666653,-69.0757777777766
ADP.2019-05-20T15_43_46.325.fits,pos085,2003-12-03T08:50:44.526,52976.36857091,GIRAFFE,ESO-VLT-U2,ADP.2019-05-20T15:43:46.325.fits,072.C-0348(A),SCIENCE_RBNSPEC_IDP,,,,84.5423333333319,-69.0561388888877
ADP.2019-05-20T15_43_46.327.fits,t43,2003-12-03T04:19:56.443,52976.18051439,GIRAFFE,ESO-VLT-U2,ADP.2019-05-20T15:43:46.327.fits,072.C-0348(A),SCIENCE_RBNSPEC_IDP,,,,84.6282499999986,-69.0555277777766
ADP.2019-05-20T15_43_46.329.fits,t57,2003-12-03T04:19:56.443,52976.18051439,GIRAFFE,ESO-VLT-U2,ADP.2019-05-20T15:43:46.329.fits,072.C-0348(A),SCIENCE_RBNSPEC_IDP,,,,84.7217083333319,-69.1444166666655
ADP.2019-05-20T15_43_46.331.fits,t35,2003-12-03T04:19:56.443,52976.18051439,GIRAFFE,ESO-VLT-U2,ADP.2019-05-20T15:43:46.331.fits,072.C-0348(A),SCIENCE_RBNSPEC_IDP,,,,84.5971249999985,-69.0444166666655
ADP.2019-05-20T15_43_46.333.fits,pos038,2003-12-03T08:50:44.526,52976.36857091,GIRAFFE,ESO-VLT-U2,ADP.2019-05-20T15:43:46.333.fits,072.C-0348(A),SCIENCE_RBNSPEC_IDP,,,,84.7397083333319,-69.1387499999988
ADP.2019-05-20T15_43_46.335.fits,t40,2003-12-03T04:19:56.443,52976.18051439,GIRAFFE,ESO-VLT-U2,ADP.2019-05-20T15:43:46.335.fits,072.C-0348(A),SCIENCE_RBNSPEC_IDP,,,,84.6282499999986,-69.1221944444433
ADP.2019-05-20T15_43_46.337.fits,pos074,2003-12-03T08:50:44.526,52976.36857091,GIRAFFE,ESO-VLT-U2,ADP.2019-05-20T15:43:46.337.fits,072.C-0348(A),SCIENCE_RBNSPEC_IDP,,,,84.6603749999986,-69.1648888888877
ADP.2019-05-20T15_43_46.339.fits,t18,2003-12-03T04:19:56.443,52976.18051439,GIRAFFE,ESO-VLT-U2,ADP.2019-05-20T15:43:46.339.fits,072.C-0348(A),SCIENCE_RBNSPEC_IDP,,,,84.5036666666652,-69.099972222221
ADP.2019-05-20T15_43_46.341.fits,t60,2003-12-03T04:19:56.443,52976.18051439,GIRAFFE,ESO-VLT-U2,ADP.2019-05-20T15:43:46.341.fits,072.C-0348(A),SCIENCE_RBNSPEC_IDP,,,,84.7217083333319,-69.0777499999988
ADP.2019-05-20T15_43_46.343.fits,u38,2003-12-03T04:19:56.443,52976.18051439,GIRAFFE,ESO-VLT-U2,ADP.2019-05-20T15:43:46.343.fits,072.C-0348(A),SCIENCE_RBNSPEC_IDP,,,,84.8774583333319,-69.0221944444433
ADP.2019-05-20T15_43_46.345.fits,pos040,2003-12-03T08:50:44.526,52976.36857091,GIRAFFE,ESO-VLT-U2,ADP.2019-05-20T15:43:46.345.fits,072.C-0348(A),SCIENCE_RBNSPEC_IDP,,,,84.5814999999985,-69.1674444444433
ADP.2019-05-20T15_43_46.347.fits,pos035,2003-12-03T08:50:44.526,52976.36857091,GIRAFFE,ESO-VLT-U2,ADP.2019-05-20T15:43:46.347.fits,072.C-0348(A),SCIENCE_RBNSPEC_IDP,,,,84.6383333333319,-69.1146111111099
ADP.2019-05-20T15_43_46.349.fits,pos010,2003-12-03T08:50:44.526,52976.36857091,GIRAFFE,ESO-VLT-U2,ADP.2019-05-20T15:43:46.349.fits,072.C-0348(A),SCIENCE_RBNSPEC_IDP,,,,84.6305833333319,-69.0944999999988
ADP.2019-05-20T15_43_46.351.fits,pos108,2003-12-03T08:50:44.526,52976.36857091,GIRAFFE,ESO-VLT-U2,ADP.2019-05-20T15:43:46.351.fits,072.C-0348(A),SCIENCE_RBNSPEC_IDP,,,,84.3995833333319,-69.1121666666655
ADP.2019-05-20T15_43_46.353.fits,pos072,2003-12-03T08:50:44.526,52976.36857091,GIRAFFE,ESO-VLT-U2,ADP.2019-05-20T15:43:46.353.fits,072.C-0348(A),SCIENCE_RBNSPEC_IDP,,,,84.7549583333319,-69.0397777777766
ADP.2019-05-20T15_43_46.355.fits,pos014,2003-12-03T08:50:44.526,52976.36857091,GIRAFFE,ESO-VLT-U2,ADP.2019-05-20T15:43:46.355.fits,072.C-0348(A),SCIENCE_RBNSPEC_IDP,,,,84.6554999999986,-69.0771944444433
ADP.2019-05-20T15_43_46.357.fits,pos037,2003-12-03T08:50:44.526,52976.36857091,GIRAFFE,ESO-VLT-U2,ADP.2019-05-20T15:43:46.357.fits,072.C-0348(A),SCIENCE_RBNSPEC_IDP,,,,84.6101249999986,-69.1633888888877
ADP.2019-05-20T15_43_46.359.fits,u25,2003-12-03T04:19:56.443,52976.18051439,GIRAFFE,ESO-VLT-U2,ADP.2019-05-20T15:43:46.359.fits,072.C-0348(A),SCIENCE_RBNSPEC_IDP,,,,84.8462916666652,-69.0666388888877
ADP.2019-05-20T15_43_46.361.fits,pos061,2003-12-03T08:50:44.526,52976.36857091,GIRAFFE,ESO-VLT-U2,ADP.2019-05-20T15:43:46.361.fits,072.C-0348(A),SCIENCE_RBNSPEC_IDP,,,,84.7605833333319,-69.08911111111
ADP.2019-05-20T15_43_46.363.fits,pos097,2003-12-03T08:50:44.526,52976.36857091,GIRAFFE,ESO-VLT-U2,ADP.2019-05-20T15:43:46.363.fits,072.C-0348(A),SCIENCE_RBNSPEC_IDP,,,,84.6660833333319,-69.02036111111
ADP.2019-05-20T15_43_46.365.fits,u26,2003-12-03T04:19:56.443,52976.18051439,GIRAFFE,ESO-VLT-U2,ADP.2019-05-20T15:43:46.365.fits,072.C-0348(A),SCIENCE_RBNSPEC_IDP,,,,84.8462916666652,-69.0333055555544
ADP.2019-05-20T15_43_46.367.fits,t46,2003-12-03T04:19:56.443,52976.18051439,GIRAFFE,ESO-VLT-U2,ADP.2019-05-20T15:43:46.367.fits,072.C-0348(A),SCIENCE_RBNSPEC_IDP,,,,84.6282499999986,-69.0221944444433
ADP.2019-05-20T15_43_46.369.fits,t10,2003-12-03T04:19:56.443,52976.18051439,GIRAFFE,ESO-VLT-U2,ADP.2019-05-20T15:43:46.369.fits,072.C-0348(A),SCIENCE_RBNSPEC_IDP,,,,84.4725416666653,-69.0555277777766
ADP.2019-05-20T15_43_46.371.fits,t52,2003-12-03T04:19:56.443,52976.18051439,GIRAFFE,ESO-VLT-U2,ADP.2019-05-20T15:43:46.371.fits,072.C-0348(A),SCIENCE_RBNSPEC_IDP,,,,84.6905416666652,-69.1555277777766
ADP.2019-05-20T15_43_46.373.fits,u20,2003-12-03T04:19:56.443,52976.18051439,GIRAFFE,ESO-VLT-U2,ADP.2019-05-20T15:43:46.373.fits,072.C-0348(A),SCIENCE_RBNSPEC_IDP,,,,84.8462916666652,-69.1333055555544
ADP.2019-05-20T15_43_46.375.fits,pos078,2003-12-03T08:50:44.526,52976.36857091,GIRAFFE,ESO-VLT-U2,ADP.2019-05-20T15:43:46.375.fits,072.C-0348(A),SCIENCE_RBNSPEC_IDP,,,,84.5508749999986,-69.1489166666655
ADP.2019-05-20T15_43_46.377.fits,pos025,2003-12-03T08:50:44.526,52976.36857091,GIRAFFE,ESO-VLT-U2,ADP.2019-05-20T15:43:46.377.fits,072.C-0348(A),SCIENCE_RBNSPEC_IDP,,,,84.5766249999986,-69.0383611111099
ADP.2019-05-20T15_43_46.379.fits,t39,2003-12-03T04:19:56.443,52976.18051439,GIRAFFE,ESO-VLT-U2,ADP.2019-05-20T15:43:46.379.fits,072.C-0348(A),SCIENCE_RBNSPEC_IDP,,,,84.6282499999986,-69.1555277777766
ADP.2019-05-20T15_43_46.381.fits,u34,2003-12-03T04:19:56.443,52976.18051439,GIRAFFE,ESO-VLT-U2,ADP.2019-05-20T15:43:46.381.fits,072.C-0348(A),SCIENCE_RBNSPEC_IDP,,,,84.8774583333319,-69.0888611111099
ADP.2019-05-20T15_43_46.383.fits,t37,2003-12-03T04:19:56.443,52976.18051439,GIRAFFE,ESO-VLT-U2,ADP.2019-05-20T15:43:46.383.fits,072.C-0348(A),SCIENCE_RBNSPEC_IDP,,,,84.5971249999985,-69.0221944444433
ADP.2019-05-20T15_43_46.385.fits,pos015,2003-12-03T08:50:44.526,52976.36857091,GIRAFFE,ESO-VLT-U2,ADP.2019-05-20T15:43:46.385.fits,072.C-0348(A),SCIENCE_RBNSPEC_IDP,,,,84.6586249999986,-69.0722777777766
ADP.2019-05-20T15_43_46.387.fits,u22,2003-12-03T04:19:56.443,52976.18051439,GIRAFFE,ESO-VLT-U2,ADP.2019-05-20T15:43:46.387.fits,072.C-0348(A),SCIENCE_RBNSPEC_IDP,,,,84.8462916666652,-69.099972222221
ADP.2019-05-20T15_43_46.389.fits,pos017,2003-12-03T08:50:44.526,52976.36857091,GIRAFFE,ESO-VLT-U2,ADP.2019-05-20T15:43:46.389.fits,072.C-0348(A),SCIENCE_RBNSPEC_IDP,,,,84.6474999999986,-69.0635833333322
ADP.2019-05-20T15_43_46.391.fits,t36,2003-12-03T04:19:56.443,52976.18051439,GIRAFFE,ESO-VLT-U2,ADP.2019-05-20T15:43:46.391.fits,072.C-0348(A),SCIENCE_RBNSPEC_IDP,,,,84.5971249999985,-69.0333055555544
ADP.2019-05-20T15_43_46.393.fits,t12,2003-12-03T04:19:56.443,52976.18051439,GIRAFFE,ESO-VLT-U2,ADP.2019-05-20T15:43:46.393.fits,072.C-0348(A),SCIENCE_RBNSPEC_IDP,,,,84.4725416666653,-69.0333055555544
ADP.2019-05-20T15_43_46.395.fits,t22,2003-12-03T04:19:56.443,52976.18051439,GIRAFFE,ESO-VLT-U2,ADP.2019-05-20T15:43:46.395.fits,072.C-0348(A),SCIENCE_RBNSPEC_IDP,,,,84.5036666666652,-69.0444166666655
ADP.2019-05-20T15_43_46.397.fits,t59,2003-12-03T04:19:56.443,52976.18051439,GIRAFFE,ESO-VLT-U2,ADP.2019-05-20T15:43:46.397.fits,072.C-0348(A),SCIENCE_RBNSPEC_IDP,,,,84.7217083333319,-69.1110833333322
ADP.2019-05-20T15_43_46.399.fits,pos104,2003-12-03T08:50:44.526,52976.36857091,GIRAFFE,ESO-VLT-U2,ADP.2019-05-20T15:43:46.399.fits,072.C-0348(A),SCIENCE_RBNSPEC_IDP,,,,84.8959583333319,-69.0839166666655
ADP.2019-05-20T15_43_46.401.fits,pos063,2003-12-03T08:50:44.526,52976.36857091,GIRAFFE,ESO-VLT-U2,ADP.2019-05-20T15:43:46.401.fits,072.C-0348(A),SCIENCE_RBNSPEC_IDP,,,,84.7584999999986,-69.0950555555544
ADP.2019-05-20T15_43_46.403.fits,t53,2003-12-03T04:19:56.443,52976.18051439,GIRAFFE,ESO-VLT-U2,ADP.2019-05-20T15:43:46.403.fits,072.C-0348(A),SCIENCE_RBNSPEC_IDP,,,,84.6905416666652,-69.0333055555544
ADP.2019-05-20T15_43_46.405.fits,u28,2003-12-03T04:19:56.443,52976.18051439,GIRAFFE,ESO-VLT-U2,ADP.2019-05-20T15:43:46.405.fits,072.C-0348(A),SCIENCE_RBNSPEC_IDP,,,,84.8774583333319,-69.1666388888877
ADP.2019-05-20T15_43_46.407.fits,t38,2003-12-03T04:19:56.443,52976.18051439,GIRAFFE,ESO-VLT-U2,ADP.2019-05-20T15:43:46.407.fits,072.C-0348(A),SCIENCE_RBNSPEC_IDP,,,,84.6282499999986,-69.1666388888877
ADP.2019-05-20T15_43_46.409.fits,pos041,2003-12-03T08:50:44.526,52976.36857091,GIRAFFE,ESO-VLT-U2,ADP.2019-05-20T15:43:46.409.fits,072.C-0348(A),SCIENCE_RBNSPEC_IDP,,,,84.7007499999986,-69.1700555555544
ADP.2019-05-20T15_43_46.411.fits,pos109,2003-12-03T08:50:44.526,52976.36857091,GIRAFFE,ESO-VLT-U2,ADP.2019-05-20T15:43:46.411.fits,072.C-0348(A),SCIENCE_RBNSPEC_IDP,,,,84.3635416666652,-69.1124722222211
ADP.2019-05-20T15_43_46.413.fits,pos046,2003-12-03T08:50:44.526,52976.36857091,GIRAFFE,ESO-VLT-U2,ADP.2019-05-20T15:43:46.413.fits,072.C-0348(A),SCIENCE_RBNSPEC_IDP,,,,84.7854583333319,-69.1384722222211
ADP.2019-05-20T15_43_46.415.fits,u39,2003-12-03T04:19:56.443,52976.18051439,GIRAFFE,ESO-VLT-U2,ADP.2019-05-20T15:43:46.415.fits,072.C-0348(A),SCIENCE_RBNSPEC_IDP,,,,84.9085833333319,-69.0333055555544
ADP.2019-05-20T15_43_46.417.fits,pos064,2003-12-03T08:50:44.526,52976.36857091,GIRAFFE,ESO-VLT-U2,ADP.2019-05-20T15:43:46.417.fits,072.C-0348(A),SCIENCE_RBNSPEC_IDP,,,,84.7704583333319,-69.0979999999988
ADP.2019-05-20T15_43_46.419.fits,u32,2003-12-03T04:19:56.443,52976.18051439,GIRAFFE,ESO-VLT-U2,ADP.2019-05-20T15:43:46.419.fits,072.C-0348(A),SCIENCE_RBNSPEC_IDP,,,,84.8774583333319,-69.1110833333322
ADP.2019-05-20T15_43_46.421.fits,t03,2003-12-03T04:19:56.443,52976.18051439,GIRAFFE,ESO-VLT-U2,ADP.2019-05-20T15:43:46.421.fits,072.C-0348(A),SCIENCE_RBNSPEC_IDP,,,,84.4725416666653,-69.1666388888877
ADP.2019-05-20T15_43_46.423.fits,pos023,2003-12-03T08:50:44.526,52976.36857091,GIRAFFE,ESO-VLT-U2,ADP.2019-05-20T15:43:46.423.fits,072.C-0348(A),SCIENCE_RBNSPEC_IDP,,,,84.6211249999986,-69.0456111111099
ADP.2019-05-20T15_43_46.425.fits,pos027,2003-12-03T08:50:44.526,52976.36857091,GIRAFFE,ESO-VLT-U2,ADP.2019-05-20T15:43:46.425.fits,072.C-0348(A),SCIENCE_RBNSPEC_IDP,,,,84.5355416666652,-69.0666666666655
ADP.2019-05-20T15_43_46.427.fits,u01,2003-12-03T04:19:56.443,52976.18051439,GIRAFFE,ESO-VLT-U2,ADP.2019-05-20T15:43:46.427.fits,072.C-0348(A),SCIENCE_RBNSPEC_IDP,,,,84.7217083333319,-69.0666388888877
ADP.2019-05-20T15_43_46.429.fits,pos077,2003-12-03T08:50:44.526,52976.36857091,GIRAFFE,ESO-VLT-U2,ADP.2019-05-20T15:43:46.429.fits,072.C-0348(A),SCIENCE_RBNSPEC_IDP,,,,84.5721666666652,-69.1583611111099
ADP.2019-05-20T15_43_46.431.fits,t29,2003-12-03T04:19:56.443,52976.18051439,GIRAFFE,ESO-VLT-U2,ADP.2019-05-20T15:43:46.431.fits,072.C-0348(A),SCIENCE_RBNSPEC_IDP,,,,84.5659583333319,-69.1666388888877
ADP.2019-05-20T15_43_46.433.fits,pos058,2003-12-03T08:50:44.526,52976.36857091,GIRAFFE,ESO-VLT-U2,ADP.2019-05-20T15:43:46.433.fits,072.C-0348(A),SCIENCE_RBNSPEC_IDP,,,,84.8607916666652,-69.0996111111099
ADP.2019-05-20T15_43_46.435.fits,pos110,2003-12-03T08:50:44.526,52976.36857091,GIRAFFE,ESO-VLT-U2,ADP.2019-05-20T15:43:46.435.fits,072.C-0348(A),SCIENCE_RBNSPEC_IDP,,,,84.3410416666652,-69.1148333333322
ADP.2019-05-20T15_43_46.437.fits,pos020,2003-12-03T08:50:44.526,52976.36857091,GIRAFFE,ESO-VLT-U2,ADP.2019-05-20T15:43:46.437.fits,072.C-0348(A),SCIENCE_RBNSPEC_IDP,,,,84.5796666666652,-69.0534722222211
ADP.2019-05-20T15_43_46.439.fits,t54,2003-12-03T04:19:56.443,52976.18051439,GIRAFFE,ESO-VLT-U2,ADP.2019-05-20T15:43:46.439.fits,072.C-0348(A),SCIENCE_RBNSPEC_IDP,,,,84.6905416666652,-69.0221944444433
ADP.2019-05-20T15_43_46.441.fits,t28,2003-12-03T04:19:56.443,52976.18051439,GIRAFFE,ESO-VLT-U2,ADP.2019-05-20T15:43:46.441.fits,072.C-0348(A),SCIENCE_RBNSPEC_IDP,,,,84.5348333333319,-69.1110833333322
ADP.2019-05-20T15_43_46.443.fits,pos090,2003-12-03T08:50:44.526,52976.36857091,GIRAFFE,ESO-VLT-U2,ADP.2019-05-20T15:43:46.443.fits,072.C-0348(A),SCIENCE_RBNSPEC_IDP,,,,84.6707499999986,-69.2258055555544
ADP.2019-05-20T15_43_46.445.fits,pos003,2003-12-03T08:50:44.526,52976.36857091,GIRAFFE,ESO-VLT-U2,ADP.2019-05-20T15:43:46.445.fits,072.C-0348(A),SCIENCE_RBNSPEC_IDP,,,,84.7138749999986,-69.0833055555544
ADP.2019-05-20T15_43_46.447.fits,pos098,2003-12-03T08:50:44.526,52976.36857091,GIRAFFE,ESO-VLT-U2,ADP.2019-05-20T15:43:46.447.fits,072.C-0348(A),SCIENCE_RBNSPEC_IDP,,,,84.8219583333319,-69.0285555555544
ADP.2019-05-20T15_43_46.449.fits,t51,2003-12-03T04:19:56.443,52976.18051439,GIRAFFE,ESO-VLT-U2,ADP.2019-05-20T15:43:46.449.fits,072.C-0348(A),SCIENCE_RBNSPEC_IDP,,,,84.6905416666652,-69.1666388888877
ADP.2019-05-20T15_43_46.451.fits,pos048,2003-12-03T08:50:44.526,52976.36857091,GIRAFFE,ESO-VLT-U2,ADP.2019-05-20T15:43:46.451.fits,072.C-0348(A),SCIENCE_RBNSPEC_IDP,,,,84.8036666666652,-69.1358611111099
ADP.2019-05-20T15_43_46.453.fits,pos011,2003-12-03T08:50:44.526,52976.36857091,GIRAFFE,ESO-VLT-U2,ADP.2019-05-20T15:43:46.453.fits,072.C-0348(A),SCIENCE_RBNSPEC_IDP,,,,84.6347499999986,-69.0880277777766
ADP.2019-05-20T15_43_46.455.fits,pos008,2003-12-03T08:50:44.526,52976.36857091,GIRAFFE,ESO-VLT-U2,ADP.2019-05-20T15:43:46.455.fits,072.C-0348(A),SCIENCE_RBNSPEC_IDP,,,,84.6515833333319,-69.1058888888877
ADP.2019-05-20T15_43_46.457.fits,pos073,2003-12-03T08:50:44.526,52976.36857091,GIRAFFE,ESO-VLT-U2,ADP.2019-05-20T15:43:46.457.fits,072.C-0348(A),SCIENCE_RBNSPEC_IDP,,,,84.7741249999986,-69.0412499999988
ADP.2019-05-20T15_43_46.459.fits,pos002,2003-12-03T08:50:44.526,52976.36857091,GIRAFFE,ESO-VLT-U2,ADP.2019-05-20T15:43:46.459.fits,072.C-0348(A),SCIENCE_RBNSPEC_IDP,,,,84.6998749999986,-69.0843333333322
ADP.2019-05-20T15_43_46.461.fits,t27,2003-12-03T04:19:56.443,52976.18051439,GIRAFFE,ESO-VLT-U2,ADP.2019-05-20T15:43:46.461.fits,072.C-0348(A),SCIENCE_RBNSPEC_IDP,,,,84.5348333333319,-69.1221944444433
ADP.2019-05-20T15_43_46.463.fits,pos082,2003-12-03T08:50:44.526,52976.36857091,GIRAFFE,ESO-VLT-U2,ADP.2019-05-20T15:43:46.463.fits,072.C-0348(A),SCIENCE_RBNSPEC_IDP,,,,84.6552916666652,-69.0602499999988
ADP.2019-05-20T15_43_46.465.fits,pos052,2003-12-03T08:50:44.526,52976.36857091,GIRAFFE,ESO-VLT-U2,ADP.2019-05-20T15:43:46.465.fits,072.C-0348(A),SCIENCE_RBNSPEC_IDP,,,,84.8264999999986,-69.1338055555544
ADP.2019-05-20T15_43_46.467.fits,pos062,2003-12-03T08:50:44.526,52976.36857091,GIRAFFE,ESO-VLT-U2,ADP.2019-05-20T15:43:46.467.fits,072.C-0348(A),SCIENCE_RBNSPEC_IDP,,,,84.7745833333319,-69.0902222222211
ADP.2019-05-20T15_43_46.469.fits,pos026,2003-12-03T08:50:44.526,52976.36857091,GIRAFFE,ESO-VLT-U2,ADP.2019-05-20T15:43:46.469.fits,072.C-0348(A),SCIENCE_RBNSPEC_IDP,,,,84.5502083333319,-69.0372499999988
ADP.2019-05-20T15_43_46.471.fits,pos115,2003-12-03T08:50:44.526,52976.36857091,GIRAFFE,ESO-VLT-U2,ADP.2019-05-20T15:43:46.471.fits,072.C-0348(A),SCIENCE_RBNSPEC_IDP,,,,84.7223749999986,-69.0335833333322
ADP.2019-05-20T15_43_46.473.fits,pos045,2003-12-03T08:50:44.526,52976.36857091,GIRAFFE,ESO-VLT-U2,ADP.2019-05-20T15:43:46.473.fits,072.C-0348(A),SCIENCE_RBNSPEC_IDP,,,,84.7667083333319,-69.1310555555544
ADP.2019-05-20T15_43_46.475.fits,pos103,2003-12-03T08:50:44.526,52976.36857091,GIRAFFE,ESO-VLT-U2,ADP.2019-05-20T15:43:46.475.fits,072.C-0348(A),SCIENCE_RBNSPEC_IDP,,,,84.7196249999986,-69.20511111111
ADP.2019-05-20T15_43_46.477.fits,u19,2003-12-03T04:19:56.443,52976.18051439,GIRAFFE,ESO-VLT-U2,ADP.2019-05-20T15:43:46.477.fits,072.C-0348(A),SCIENCE_RBNSPEC_IDP,,,,84.8462916666652,-69.1444166666655
ADP.2019-05-20T15_43_46.479.fits,pos021,2003-12-03T08:50:44.526,52976.36857091,GIRAFFE,ESO-VLT-U2,ADP.2019-05-20T15:43:46.479.fits,072.C-0348(A),SCIENCE_RBNSPEC_IDP,,,,84.5907916666652,-69.0497777777766
ADP.2019-05-20T15_43_46.481.fits,pos114,2003-12-03T08:50:44.526,52976.36857091,GIRAFFE,ESO-VLT-U2,ADP.2019-05-20T15:43:46.481.fits,072.C-0348(A),SCIENCE_RBNSPEC_IDP,,,,84.7377083333319,-69.1015833333321
ADP.2019-05-20T15_43_46.483.fits,t25,2003-12-03T04:19:56.443,52976.18051439,GIRAFFE,ESO-VLT-U2,ADP.2019-05-20T15:43:46.483.fits,072.C-0348(A),SCIENCE_RBNSPEC_IDP,,,,84.5348333333319,-69.1666388888877
ADP.2019-05-20T15_43_46.485.fits,t04,2003-12-03T04:19:56.443,52976.18051439,GIRAFFE,ESO-VLT-U2,ADP.2019-05-20T15:43:46.485.fits,072.C-0348(A),SCIENCE_RBNSPEC_IDP,,,,84.4725416666653,-69.1555277777766
ADP.2019-05-20T15_43_46.487.fits,t44,2003-12-03T04:19:56.443,52976.18051439,GIRAFFE,ESO-VLT-U2,ADP.2019-05-20T15:43:46.487.fits,072.C-0348(A),SCIENCE_RBNSPEC_IDP,,,,84.6282499999986,-69.0444166666655
ADP.2019-05-20T15_43_46.489.fits,t49,2003-12-03T04:19:56.443,52976.18051439,GIRAFFE,ESO-VLT-U2,ADP.2019-05-20T15:43:46.489.fits,072.C-0348(A),SCIENCE_RBNSPEC_IDP,,,,84.6594166666653,-69.0333055555544
ADP.2019-05-20T15_43_46.491.fits,pos068,2003-12-03T08:50:44.526,52976.36857091,GIRAFFE,ESO-VLT-U2,ADP.2019-05-20T15:43:46.491.fits,072.C-0348(A),SCIENCE_RBNSPEC_IDP,,,,84.8513749999986,-69.0875833333322
ADP.2019-05-20T15_43_46.493.fits,pos012,2003-12-03T08:50:44.526,52976.36857091,GIRAFFE,ESO-VLT-U2,ADP.2019-05-20T15:43:46.493.fits,072.C-0348(A),SCIENCE_RBNSPEC_IDP,,,,84.6440833333319,-69.0824722222211
ADP.2019-05-20T15_43_46.495.fits,u27,2003-12-03T04:19:56.443,52976.18051439,GIRAFFE,ESO-VLT-U2,ADP.2019-05-20T15:43:46.495.fits,072.C-0348(A),SCIENCE_RBNSPEC_IDP,,,,84.8462916666652,-69.0221944444433
ADP.2019-05-20T15_43_46.497.fits,pos093,2003-12-03T08:50:44.526,52976.36857091,GIRAFFE,ESO-VLT-U2,ADP.2019-05-20T15:43:46.497.fits,072.C-0348(A),SCIENCE_RBNSPEC_IDP,,,,84.4601666666652,-69.1701666666655
ADP.2019-05-20T15_43_46.499.fits,t56,2003-12-03T04:19:56.443,52976.18051439,GIRAFFE,ESO-VLT-U2,ADP.2019-05-20T15:43:46.499.fits,072.C-0348(A),SCIENCE_RBNSPEC_IDP,,,,84.7217083333319,-69.1555277777766
ADP.2019-05-20T15_43_46.501.fits,pos066,2003-12-03T08:50:44.526,52976.36857091,GIRAFFE,ESO-VLT-U2,ADP.2019-05-20T15:43:46.501.fits,072.C-0348(A),SCIENCE_RBNSPEC_IDP,,,,84.7978749999986,-69.0783611111099
ADP.2019-05-20T15_43_46.503.fits,pos047,2003-12-03T08:50:44.526,52976.36857091,GIRAFFE,ESO-VLT-U2,ADP.2019-05-20T15:43:46.503.fits,072.C-0348(A),SCIENCE_RBNSPEC_IDP,,,,84.7942916666652,-69.1367777777766
ADP.2019-05-20T15_43_46.505.fits,t11,2003-12-03T04:19:56.443,52976.18051439,GIRAFFE,ESO-VLT-U2,ADP.2019-05-20T15:43:46.505.fits,072.C-0348(A),SCIENCE_RBNSPEC_IDP,,,,84.4725416666653,-69.0444166666655
ADP.2019-05-20T15_43_46.507.fits,u14,2003-12-03T04:19:56.443,52976.18051439,GIRAFFE,ESO-VLT-U2,ADP.2019-05-20T15:43:46.507.fits,072.C-0348(A),SCIENCE_RBNSPEC_IDP,,,,84.8151249999986,-69.0666388888877
ADP.2019-05-20T15_43_46.509.fits,u06,2003-12-03T04:19:56.443,52976.18051439,GIRAFFE,ESO-VLT-U2,ADP.2019-05-20T15:43:46.509.fits,072.C-0348(A),SCIENCE_RBNSPEC_IDP,,,,84.7528333333319,-69.1444166666655
ADP.2019-05-20T15_43_46.511.fits,t26,2003-12-03T04:19:56.443,52976.18051439,GIRAFFE,ESO-VLT-U2,ADP.2019-05-20T15:43:46.511.fits,072.C-0348(A),SCIENCE_RBNSPEC_IDP,,,,84.5348333333319,-69.1555277777766
ADP.2019-05-20T15_43_46.513.fits,u15,2003-12-03T04:19:56.443,52976.18051439,GIRAFFE,ESO-VLT-U2,ADP.2019-05-20T15:43:46.513.fits,072.C-0348(A),SCIENCE_RBNSPEC_IDP,,,,84.8151249999986,-69.0333055555544
ADP.2019-05-20T15_43_46.515.fits,t02,2003-12-03T04:19:56.443,52976.18051439,GIRAFFE,ESO-VLT-U2,ADP.2019-05-20T15:43:46.515.fits,072.C-0348(A),SCIENCE_RBNSPEC_IDP,,,,84.4413749999986,-69.1555277777766
ADP.2019-05-20T15_43_46.517.fits,pos105,2003-12-03T08:50:44.526,52976.36857091,GIRAFFE,ESO-VLT-U2,ADP.2019-05-20T15:43:46.517.fits,072.C-0348(A),SCIENCE_RBNSPEC_IDP,,,,84.4764999999986,-69.1260555555544
ADP.2019-05-20T15_43_46.519.fits,pos111,2003-12-03T08:50:44.526,52976.36857091,GIRAFFE,ESO-VLT-U2,ADP.2019-05-20T15:43:46.519.fits,072.C-0348(A),SCIENCE_RBNSPEC_IDP,,,,84.5764166666652,-69.2141944444433
ADP.2019-05-20T15_43_46.521.fits,u31,2003-12-03T04:19:56.443,52976.18051439,GIRAFFE,ESO-VLT-U2,ADP.2019-05-20T15:43:46.521.fits,072.C-0348(A),SCIENCE_RBNSPEC_IDP,,,,84.8774583333319,-69.1333055555544
ADP.2019-05-20T15_43_46.523.fits,u36,2003-12-03T04:19:56.443,52976.18051439,GIRAFFE,ESO-VLT-U2,ADP.2019-05-20T15:43:46.523.fits,072.C-0348(A),SCIENCE_RBNSPEC_IDP,,,,84.8774583333319,-69.0666388888877
ADP.2019-05-20T15_43_46.525.fits,t06,2003-12-03T04:19:56.443,52976.18051439,GIRAFFE,ESO-VLT-U2,ADP.2019-05-20T15:43:46.525.fits,072.C-0348(A),SCIENCE_RBNSPEC_IDP,,,,84.4725416666653,-69.1110833333322
ADP.2019-05-20T15_43_46.527.fits,t32,2003-12-03T04:19:56.443,52976.18051439,GIRAFFE,ESO-VLT-U2,ADP.2019-05-20T15:43:46.527.fits,072.C-0348(A),SCIENCE_RBNSPEC_IDP,,,,84.5659583333319,-69.1110833333322
ADP.2019-05-20T15_43_46.529.fits,t41,2003-12-03T04:19:56.443,52976.18051439,GIRAFFE,ESO-VLT-U2,ADP.2019-05-20T15:43:46.529.fits,072.C-0348(A),SCIENCE_RBNSPEC_IDP,,,,84.6282499999986,-69.1110833333322
ADP.2019-05-20T15_43_46.531.fits,pos113,2003-12-03T08:50:44.526,52976.36857091,GIRAFFE,ESO-VLT-U2,ADP.2019-05-20T15:43:46.531.fits,072.C-0348(A),SCIENCE_RBNSPEC_IDP,,,,84.5398749999986,-69.1059166666655
ADP.2019-05-20T15_43_46.533.fits,pos117,2003-12-03T08:50:44.526,52976.36857091,GIRAFFE,ESO-VLT-U2,ADP.2019-05-20T15:43:46.533.fits,072.C-0348(A),SCIENCE_RBNSPEC_IDP,,,,84.8564999999986,-69.1939444444433
ADP.2019-05-20T15_43_46.535.fits,t34,2003-12-03T04:19:56.443,52976.18051439,GIRAFFE,ESO-VLT-U2,ADP.2019-05-20T15:43:46.535.fits,072.C-0348(A),SCIENCE_RBNSPEC_IDP,,,,84.5971249999985,-69.0555277777766
ADP.2019-05-20T15_43_46.537.fits,pos089,2003-12-03T08:50:44.526,52976.36857091,GIRAFFE,ESO-VLT-U2,ADP.2019-05-20T15:43:46.537.fits,072.C-0348(A),SCIENCE_RBNSPEC_IDP,,,,84.6809166666652,-69.0710833333322
ADP.2019-05-20T15_43_46.539.fits,pos005,2003-12-03T08:50:44.526,52976.36857091,GIRAFFE,ESO-VLT-U2,ADP.2019-05-20T15:43:46.539.fits,072.C-0348(A),SCIENCE_RBNSPEC_IDP,,,,84.7465416666652,-69.0858055555544
ADP.2019-05-20T15_43_46.541.fits,pos112,2003-12-03T08:50:44.526,52976.36857091,GIRAFFE,ESO-VLT-U2,ADP.2019-05-20T15:43:46.541.fits,072.C-0348(A),SCIENCE_RBNSPEC_IDP,,,,84.5739999999986,-69.1873888888877
ADP.2019-05-20T15_43_46.543.fits,pos080,2003-12-03T08:50:44.526,52976.36857091,GIRAFFE,ESO-VLT-U2,ADP.2019-05-20T15:43:46.543.fits,072.C-0348(A),SCIENCE_RBNSPEC_IDP,,,,84.6279166666652,-69.1359999999988
ADP.2019-05-20T15_43_46.545.fits,u18,2003-12-03T04:19:56.443,52976.18051439,GIRAFFE,ESO-VLT-U2,ADP.2019-05-20T15:43:46.545.fits,072.C-0348(A),SCIENCE_RBNSPEC_IDP,,,,84.8462916666652,-69.1555277777766
ADP.2019-05-20T15_43_46.547.fits,u11,2003-12-03T04:19:56.443,52976.18051439,GIRAFFE,ESO-VLT-U2,ADP.2019-05-20T15:43:46.547.fits,072.C-0348(A),SCIENCE_RBNSPEC_IDP,,,,84.7839999999986,-69.0333055555544
ADP.2019-05-20T15_43_46.549.fits,pos094,2003-12-03T08:50:44.526,52976.36857091,GIRAFFE,ESO-VLT-U2,ADP.2019-05-20T15:43:46.549.fits,072.C-0348(A),SCIENCE_RBNSPEC_IDP,,,,84.4316249999985,-69.1702222222211
ADP.2019-05-20T15_43_46.551.fits,pos118,2003-12-03T08:50:44.526,52976.36857091,GIRAFFE,ESO-VLT-U2,ADP.2019-05-20T15:43:46.551.fits,072.C-0348(A),SCIENCE_RBNSPEC_IDP,,,,84.6807916666652,-69.2833333333322
ADP.2019-05-20T15_43_46.553.fits,t42,2003-12-03T04:19:56.443,52976.18051439,GIRAFFE,ESO-VLT-U2,ADP.2019-05-20T15:43:46.553.fits,072.C-0348(A),SCIENCE_RBNSPEC_IDP,,,,84.6282499999986,-69.0777499999988
ADP.2019-05-20T15_43_46.555.fits,u16,2003-12-03T04:19:56.443,52976.18051439,GIRAFFE,ESO-VLT-U2,ADP.2019-05-20T15:43:46.555.fits,072.C-0348(A),SCIENCE_RBNSPEC_IDP,,,,84.8151249999986,-69.0221944444433
ADP.2019-05-20T15_43_46.557.fits,t14,2003-12-03T04:19:56.443,52976.18051439,GIRAFFE,ESO-VLT-U2,ADP.2019-05-20T15:43:46.557.fits,072.C-0348(A),SCIENCE_RBNSPEC_IDP,,,,84.5036666666652,-69.1666388888877
ADP.2019-05-20T15_43_46.559.fits,pos054,2003-12-03T08:50:44.526,52976.36857091,GIRAFFE,ESO-VLT-U2,ADP.2019-05-20T15:43:46.559.fits,072.C-0348(A),SCIENCE_RBNSPEC_IDP,,,,84.8492499999986,-69.1187777777766
ADP.2019-05-20T15_43_46.561.fits,pos100,2003-12-03T08:50:44.526,52976.36857091,GIRAFFE,ESO-VLT-U2,ADP.2019-05-20T15:43:46.561.fits,072.C-0348(A),SCIENCE_RBNSPEC_IDP,,,,84.6821249999985,-69.0054999999988
ADP.2019-05-20T15_43_46.563.fits,t30,2003-12-03T04:19:56.443,52976.18051439,GIRAFFE,ESO-VLT-U2,ADP.2019-05-20T15:43:46.563.fits,072.C-0348(A),SCIENCE_RBNSPEC_IDP,,,,84.5659583333319,-69.1555277777766
ADP.2019-05-20T15_43_46.565.fits,pos013,2003-12-03T08:50:44.526,52976.36857091,GIRAFFE,ESO-VLT-U2,ADP.2019-05-20T15:43:46.565.fits,072.C-0348(A),SCIENCE_RBNSPEC_IDP,,,,84.6793749999986,-69.0755277777766
ADP.2019-05-20T15_43_46.567.fits,pos016,2003-12-03T08:50:44.526,52976.36857091,GIRAFFE,ESO-VLT-U2,ADP.2019-05-20T15:43:46.567.fits,072.C-0348(A),SCIENCE_RBNSPEC_IDP,,,,84.6599166666652,-69.0659999999988
ADP.2019-05-20T15_43_46.569.fits,pos071,2003-12-03T08:50:44.526,52976.36857091,GIRAFFE,ESO-VLT-U2,ADP.2019-05-20T15:43:46.569.fits,072.C-0348(A),SCIENCE_RBNSPEC_IDP,,,,84.7409583333319,-69.0384722222211
ADP.2019-05-20T15_43_46.571.fits,pos106,2003-12-03T08:50:44.526,52976.36857091,GIRAFFE,ESO-VLT-U2,ADP.2019-05-20T15:43:46.571.fits,072.C-0348(A),SCIENCE_RBNSPEC_IDP,,,,84.4454166666653,-69.1202499999988
ADP.2019-05-20T15_43_46.573.fits,t33,2003-12-03T04:19:56.443,52976.18051439,GIRAFFE,ESO-VLT-U2,ADP.2019-05-20T15:43:46.573.fits,072.C-0348(A),SCIENCE_RBNSPEC_IDP,,,,84.5971249999985,-69.0777499999988
ADP.2019-05-20T15_43_46.575.fits,u09,2003-12-03T04:19:56.443,52976.18051439,GIRAFFE,ESO-VLT-U2,ADP.2019-05-20T15:43:46.575.fits,072.C-0348(A),SCIENCE_RBNSPEC_IDP,,,,84.7839999999986,-69.0777499999988
ADP.2019-05-20T15_43_46.577.fits,u04,2003-12-03T04:19:56.443,52976.18051439,GIRAFFE,ESO-VLT-U2,ADP.2019-05-20T15:43:46.577.fits,072.C-0348(A),SCIENCE_RBNSPEC_IDP,,,,84.7528333333319,-69.1666388888877
ADP.2019-05-20T15_43_46.579.fits,pos076,2003-12-03T08:50:44.526,52976.36857091,GIRAFFE,ESO-VLT-U2,ADP.2019-05-20T15:43:46.579.fits,072.C-0348(A),SCIENCE_RBNSPEC_IDP,,,,84.4966249999986,-69.13386111111
ADP.2019-05-20T15_43_46.581.fits,u12,2003-12-03T04:19:56.443,52976.18051439,GIRAFFE,ESO-VLT-U2,ADP.2019-05-20T15:43:46.581.fits,072.C-0348(A),SCIENCE_RBNSPEC_IDP,,,,84.7839999999986,-69.0221944444433
ADP.2019-05-20T15_43_46.583.fits,u02,2003-12-03T04:19:56.443,52976.18051439,GIRAFFE,ESO-VLT-U2,ADP.2019-05-20T15:43:46.583.fits,072.C-0348(A),SCIENCE_RBNSPEC_IDP,,,,84.7217083333319,-69.0333055555544
ADP.2019-05-20T15_43_46.585.fits,t01,2003-12-03T04:19:56.443,52976.18051439,GIRAFFE,ESO-VLT-U2,ADP.2019-05-20T15:43:46.585.fits,072.C-0348(A),SCIENCE_RBNSPEC_IDP,,,,84.4413749999986,-69.1666388888877
ADP.2019-05-20T15_43_46.587.fits,pos083,2003-12-03T08:50:44.526,52976.36857091,GIRAFFE,ESO-VLT-U2,ADP.2019-05-20T15:43:46.587.fits,072.C-0348(A),SCIENCE_RBNSPEC_IDP,,,,84.6874166666652,-69.080722222221
ADP.2019-05-20T15_43_46.589.fits,pos079,2003-12-03T08:50:44.526,52976.36857091,GIRAFFE,ESO-VLT-U2,ADP.2019-05-20T15:43:46.589.fits,072.C-0348(A),SCIENCE_RBNSPEC_IDP,,,,84.6320833333319,-69.1225555555544
ADP.2019-05-20T15_43_46.591.fits,pos087,2003-12-03T08:50:44.526,52976.36857091,GIRAFFE,ESO-VLT-U2,ADP.2019-05-20T15:43:46.591.fits,072.C-0348(A),SCIENCE_RBNSPEC_IDP,,,,84.5486666666652,-69.1251111111099
ADP.2019-05-20T15_43_46.593.fits,t55,2003-12-03T04:19:56.443,52976.18051439,GIRAFFE,ESO-VLT-U2,ADP.2019-05-20T15:43:46.593.fits,072.C-0348(A),SCIENCE_RBNSPEC_IDP,,,,84.7217083333319,-69.1666388888877
ADP.2019-05-20T15_43_46.595.fits,t17,2003-12-03T04:19:56.443,52976.18051439,GIRAFFE,ESO-VLT-U2,ADP.2019-05-20T15:43:46.595.fits,072.C-0348(A),SCIENCE_RBNSPEC_IDP,,,,84.5036666666652,-69.1110833333322
ADP.2019-05-20T15_43_46.597.fits,pos033,2003-12-03T08:50:44.526,52976.36857091,GIRAFFE,ESO-VLT-U2,ADP.2019-05-20T15:43:46.597.fits,072.C-0348(A),SCIENCE_RBNSPEC_IDP,,,,84.6876666666652,-69.1152499999988
ADP.2019-05-20T15_43_46.599.fits,u08,2003-12-03T04:19:56.443,52976.18051439,GIRAFFE,ESO-VLT-U2,ADP.2019-05-20T15:43:46.599.fits,072.C-0348(A),SCIENCE_RBNSPEC_IDP,,,,84.7528333333319,-69.1110833333322
ADP.2019-05-20T15_43_46.601.fits,pos092,2003-12-03T08:50:44.526,52976.36857091,GIRAFFE,ESO-VLT-U2,ADP.2019-05-20T15:43:46.601.fits,072.C-0348(A),SCIENCE_RBNSPEC_IDP,,,,84.5849166666652,-69.2285555555544
ADP.2019-05-20T15_43_46.603.fits,u24,2003-12-03T04:19:56.443,52976.18051439,GIRAFFE,ESO-VLT-U2,ADP.2019-05-20T15:43:46.603.fits,072.C-0348(A),SCIENCE_RBNSPEC_IDP,,,,84.8462916666652,-69.0777499999988
ADP.2019-05-20T15_43_46.605.fits,pos065,2003-12-03T08:50:44.526,52976.36857091,GIRAFFE,ESO-VLT-U2,ADP.2019-05-20T15:43:46.605.fits,072.C-0348(A),SCIENCE_RBNSPEC_IDP,,,,84.7336249999986,-69.1094999999988
ADP.2019-05-20T15_43_46.607.fits,pos101,2003-12-03T08:50:44.526,52976.36857091,GIRAFFE,ESO-VLT-U2,ADP.2019-05-20T15:43:46.607.fits,072.C-0348(A),SCIENCE_RBNSPEC_IDP,,,,84.9421249999986,-69.1295277777766
ADP.2019-05-20T15_43_46.609.fits,pos099,2003-12-03T08:50:44.526,52976.36857091,GIRAFFE,ESO-VLT-U2,ADP.2019-05-20T15:43:46.609.fits,072.C-0348(A),SCIENCE_RBNSPEC_IDP,,,,84.6601249999986,-69.0108611111099
ADP.2019-05-20T15_43_46.611.fits,pos069,2003-12-03T08:50:44.526,52976.36857091,GIRAFFE,ESO-VLT-U2,ADP.2019-05-20T15:43:46.611.fits,072.C-0348(A),SCIENCE_RBNSPEC_IDP,,,,84.8523749999986,-69.0825833333322
ADP.2019-05-20T15_43_46.613.fits,u03,2003-12-03T04:19:56.443,52976.18051439,GIRAFFE,ESO-VLT-U2,ADP.2019-05-20T15:43:46.613.fits,072.C-0348(A),SCIENCE_RBNSPEC_IDP,,,,84.7217083333319,-69.0221944444433
ADP.2019-05-20T15_43_46.615.fits,pos057,2003-12-03T08:50:44.526,52976.36857091,GIRAFFE,ESO-VLT-U2,ADP.2019-05-20T15:43:46.615.fits,072.C-0348(A),SCIENCE_RBNSPEC_IDP,,,,84.8628333333319,-69.0949722222211
ADP.2019-05-20T15_43_46.617.fits,u13,2003-12-03T04:19:56.443,52976.18051439,GIRAFFE,ESO-VLT-U2,ADP.2019-05-20T15:43:46.617.fits,072.C-0348(A),SCIENCE_RBNSPEC_IDP,,,,84.8151249999986,-69.0777499999988
ADP.2019-05-20T15_43_46.619.fits,t58,2003-12-03T04:19:56.443,52976.18051439,GIRAFFE,ESO-VLT-U2,ADP.2019-05-20T15:43:46.619.fits,072.C-0348(A),SCIENCE_RBNSPEC_IDP,,,,84.7217083333319,-69.1333055555544
ADP.2019-05-20T15_43_46.621.fits,pos050,2003-12-03T08:50:44.526,52976.36857091,GIRAFFE,ESO-VLT-U2,ADP.2019-05-20T15:43:46.621.fits,072.C-0348(A),SCIENCE_RBNSPEC_IDP,,,,84.8030833333319,-69.1253055555544
ADP.2019-05-20T15_43_46.623.fits,t24,2003-12-03T04:19:56.443,52976.18051439,GIRAFFE,ESO-VLT-U2,ADP.2019-05-20T15:43:46.623.fits,072.C-0348(A),SCIENCE_RBNSPEC_IDP,,,,84.5036666666652,-69.0221944444433
ADP.2019-05-20T15_43_46.625.fits,pos107,2003-12-03T08:50:44.526,52976.36857091,GIRAFFE,ESO-VLT-U2,ADP.2019-05-20T15:43:46.625.fits,072.C-0348(A),SCIENCE_RBNSPEC_IDP,,,,84.4204583333319,-69.1164722222211
ADP.2019-05-20T15_43_46.627.fits,u35,2003-12-03T04:19:56.443,52976.18051439,GIRAFFE,ESO-VLT-U2,ADP.2019-05-20T15:43:46.627.fits,072.C-0348(A),SCIENCE_RBNSPEC_IDP,,,,84.8774583333319,-69.0777499999988
ADP.2019-05-20T15_43_46.629.fits,pos044,2003-12-03T08:50:44.526,52976.36857091,GIRAFFE,ESO-VLT-U2,ADP.2019-05-20T15:43:46.629.fits,072.C-0348(A),SCIENCE_RBNSPEC_IDP,,,,84.7532083333319,-69.1358888888877
ADP.2019-05-20T15_43_46.631.fits,pos102,2003-12-03T08:50:44.526,52976.36857091,GIRAFFE,ESO-VLT-U2,ADP.2019-05-20T15:43:46.631.fits,072.C-0348(A),SCIENCE_RBNSPEC_IDP,,,,84.9646666666652,-69.1109444444433
ADP.2019-05-20T15_43_46.633.fits,pos049,2003-12-03T08:50:44.526,52976.36857091,GIRAFFE,ESO-VLT-U2,ADP.2019-05-20T15:43:46.633.fits,072.C-0348(A),SCIENCE_RBNSPEC_IDP,,,,84.8020416666652,-69.1299444444433
ADP.2019-05-20T15_43_46.635.fits,pos055,2003-12-03T08:50:44.526,52976.36857091,GIRAFFE,ESO-VLT-U2,ADP.2019-05-20T15:43:46.635.fits,072.C-0348(A),SCIENCE_RBNSPEC_IDP,,,,84.8590833333319,-69.1115555555544
ADP.2019-05-20T15_43_46.637.fits,pos024,2003-12-03T08:50:44.526,52976.36857091,GIRAFFE,ESO-VLT-U2,ADP.2019-05-20T15:43:46.637.fits,072.C-0348(A),SCIENCE_RBNSPEC_IDP,,,,84.5998749999986,-69.041722222221
ADP.2019-05-20T15_43_46.639.fits,pos032,2003-12-03T08:50:44.526,52976.36857091,GIRAFFE,ESO-VLT-U2,ADP.2019-05-20T15:43:46.639.fits,072.C-0348(A),SCIENCE_RBNSPEC_IDP,,,,84.6767916666652,-69.1178611111099
ADP.2019-05-20T15_43_46.641.fits,t48,2003-12-03T04:19:56.443,52976.18051439,GIRAFFE,ESO-VLT-U2,ADP.2019-05-20T15:43:46.641.fits,072.C-0348(A),SCIENCE_RBNSPEC_IDP,,,,84.6594166666653,-69.1555277777766
ADP.2019-05-20T15_43_46.643.fits,t23,2003-12-03T04:19:56.443,52976.18051439,GIRAFFE,ESO-VLT-U2,ADP.2019-05-20T15:43:46.643.fits,072.C-0348(A),SCIENCE_RBNSPEC_IDP,,,,84.5036666666652,-69.0333055555544
ADP.2019-05-20T15_43_46.645.fits,t50,2003-12-03T04:19:56.443,52976.18051439,GIRAFFE,ESO-VLT-U2,ADP.2019-05-20T15:43:46.645.fits,072.C-0348(A),SCIENCE_RBNSPEC_IDP,,,,84.6594166666653,-69.0221944444433
ADP.2019-05-20T15_43_46.647.fits,pos028,2003-12-03T08:50:44.526,52976.36857091,GIRAFFE,ESO-VLT-U2,ADP.2019-05-20T15:43:46.647.fits,072.C-0348(A),SCIENCE_RBNSPEC_IDP,,,,84.5229999999985,-69.077972222221
ADP.2019-05-20T15_43_46.649.fits,pos030,2003-12-03T08:50:44.526,52976.36857091,GIRAFFE,ESO-VLT-U2,ADP.2019-05-20T15:43:46.649.fits,072.C-0348(A),SCIENCE_RBNSPEC_IDP,,,,84.4849999999986,-69.0966388888877
ADP.2019-05-20T15_43_46.651.fits,t08,2003-12-03T04:19:56.443,52976.18051439,GIRAFFE,ESO-VLT-U2,ADP.2019-05-20T15:43:46.651.fits,072.C-0348(A),SCIENCE_RBNSPEC_IDP,,,,84.4725416666653,-69.0888611111099
ADP.2019-05-20T15_43_46.653.fits,pos001,2003-12-03T08:50:44.526,52976.36857091,GIRAFFE,ESO-VLT-U2,ADP.2019-05-20T15:43:46.653.fits,072.C-0348(A),SCIENCE_RBNSPEC_IDP,,,,84.6876666666652,-69.0859999999988
ADP.2019-05-20T15_43_46.655.fits,pos096,2003-12-03T08:50:44.526,52976.36857091,GIRAFFE,ESO-VLT-U2,ADP.2019-05-20T15:43:46.655.fits,072.C-0348(A),SCIENCE_RBNSPEC_IDP,,,,84.4287499999986,-69.1796666666655
ADP.2019-09-04T13_34_25.581.fits,t37,2003-12-03T04:37:30.720,52976.19271667,GIRAFFE,ESO-VLT-U2,ADP.2019-09-04T13:34:25.581.fits,072.C-0348(A),SCIENCE_RBNSPEC_IDP,,,,84.5971249999985,-69.0221944444433
ADP.2019-09-04T13_34_25.598.fits,u18,2003-12-03T03:03:21.958,52976.12733748,GIRAFFE,ESO-VLT-U2,ADP.2019-09-04T13:34:25.598.fits,072.C-0348(A),SCIENCE_RBNSPEC_IDP,,,,84.7839999999986,-69.0444166666655
ADP.2019-09-04T13_34_25.614.fits,t39,2003-12-03T02:41:30.802,52976.11216207,GIRAFFE,ESO-VLT-U2,ADP.2019-09-04T13:34:25.614.fits,072.C-0348(A),SCIENCE_RBNSPEC_IDP,,,,84.5971249999985,-69.099972222221
ADP.2019-09-04T13_34_25.619.fits,t53,2003-12-03T02:19:40.767,52976.09699962,GIRAFFE,ESO-VLT-U2,ADP.2019-09-04T13:34:25.619.fits,072.C-0348(A),SCIENCE_RBNSPEC_IDP,,,,84.6905416666652,-69.1444166666655
ADP.2019-09-04T13_34_25.624.fits,t44,2003-12-03T02:41:30.802,52976.11216207,GIRAFFE,ESO-VLT-U2,ADP.2019-09-04T13:34:25.624.fits,072.C-0348(A),SCIENCE_RBNSPEC_IDP,,,,84.6282499999986,-69.0888611111099
ADP.2019-09-04T13_34_25.626.fits,t37,2003-12-03T02:41:30.802,52976.11216207,GIRAFFE,ESO-VLT-U2,ADP.2019-09-04T13:34:25.626.fits,072.C-0348(A),SCIENCE_RBNSPEC_IDP,,,,84.5971249999985,-69.1444166666655
ADP.2019-09-04T13_34_25.628.fits,u23,2003-12-03T03:03:21.958,52976.12733748,GIRAFFE,ESO-VLT-U2,ADP.2019-09-04T13:34:25.628.fits,072.C-0348(A),SCIENCE_RBNSPEC_IDP,,,,84.8151249999986,-69.1221944444433
ADP.2019-09-04T13_34_25.630.fits,t47,2003-12-03T02:30:32.164,52976.10453894,GIRAFFE,ESO-VLT-U2,ADP.2019-09-04T13:34:25.630.fits,072.C-0348(A),SCIENCE_RBNSPEC_IDP,,,,84.6594166666653,-69.1221944444433
ADP.2019-09-04T13_34_25.635.fits,t54,2003-12-03T02:41:30.802,52976.11216207,GIRAFFE,ESO-VLT-U2,ADP.2019-09-04T13:34:25.635.fits,072.C-0348(A),SCIENCE_RBNSPEC_IDP,,,,84.6905416666652,-69.1333055555544
ADP.2019-09-04T13_34_25.637.fits,u39,2003-12-03T04:37:30.720,52976.19271667,GIRAFFE,ESO-VLT-U2,ADP.2019-09-04T13:34:25.637.fits,072.C-0348(A),SCIENCE_RBNSPEC_IDP,,,,84.9085833333319,-69.0333055555544
ADP.2019-09-04T13_34_25.639.fits,t35,2003-12-03T03:14:13.205,52976.13487507,GIRAFFE,ESO-VLT-U2,ADP.2019-09-04T13:34:25.639.fits,072.C-0348(A),SCIENCE_RBNSPEC_IDP,,,,84.5659583333319,-69.0333055555544
ADP.2019-09-04T13_34_25.644.fits,t48,2003-12-03T02:52:22.540,52976.11970533,GIRAFFE,ESO-VLT-U2,ADP.2019-09-04T13:34:25.644.fits,072.C-0348(A),SCIENCE_RBNSPEC_IDP,,,,84.6594166666653,-69.1110833333322
ADP.2019-09-04T13_34_25.649.fits,u05,2003-12-03T03:14:13.205,52976.13487507,GIRAFFE,ESO-VLT-U2,ADP.2019-09-04T13:34:25.649.fits,072.C-0348(A),SCIENCE_RBNSPEC_IDP,,,,84.7528333333319,-69.099972222221
ADP.2019-09-04T13_34_25.651.fits,t34,2003-12-03T02:19:40.767,52976.09699962,GIRAFFE,ESO-VLT-U2,ADP.2019-09-04T13:34:25.651.fits,072.C-0348(A),SCIENCE_RBNSPEC_IDP,,,,84.5659583333319,-69.0444166666655
ADP.2019-09-04T13_34_25.653.fits,t01,2003-12-03T04:48:28.838,52976.20033378,GIRAFFE,ESO-VLT-U2,ADP.2019-09-04T13:34:25.653.fits,072.C-0348(A),SCIENCE_RBNSPEC_IDP,,,,84.4413749999986,-69.1666388888877
ADP.2019-09-04T13_34_25.658.fits,t07,2003-12-03T02:30:32.164,52976.10453894,GIRAFFE,ESO-VLT-U2,ADP.2019-09-04T13:34:25.658.fits,072.C-0348(A),SCIENCE_RBNSPEC_IDP,,,,84.4413749999986,-69.0777499999988
ADP.2019-09-04T13_34_25.660.fits,t18,2003-12-03T02:30:32.164,52976.10453894,GIRAFFE,ESO-VLT-U2,ADP.2019-09-04T13:34:25.660.fits,072.C-0348(A),SCIENCE_RBNSPEC_IDP,,,,84.5348333333319,-69.1333055555544
ADP.2019-09-04T13_34_25.662.fits,t60,2003-12-03T02:30:32.164,52976.10453894,GIRAFFE,ESO-VLT-U2,ADP.2019-09-04T13:34:25.662.fits,072.C-0348(A),SCIENCE_RBNSPEC_IDP,,,,84.6905416666652,-69.0444166666655
ADP.2019-09-04T13_34_25.664.fits,t08,2003-12-03T02:30:32.164,52976.10453894,GIRAFFE,ESO-VLT-U2,ADP.2019-09-04T13:34:25.664.fits,072.C-0348(A),SCIENCE_RBNSPEC_IDP,,,,84.4413749999986,-69.0666388888877
ADP.2019-09-04T13_34_25.666.fits,t49,2003-12-03T02:41:30.802,52976.11216207,GIRAFFE,ESO-VLT-U2,ADP.2019-09-04T13:34:25.666.fits,072.C-0348(A),SCIENCE_RBNSPEC_IDP,,,,84.6594166666653,-69.0777499999988
ADP.2019-09-04T13_34_25.668.fits,u27,2003-12-03T03:03:21.958,52976.12733748,GIRAFFE,ESO-VLT-U2,ADP.2019-09-04T13:34:25.668.fits,072.C-0348(A),SCIENCE_RBNSPEC_IDP,,,,84.8151249999986,-69.0555277777766
ADP.2019-09-04T13_34_25.670.fits,u14,2003-12-03T02:41:30.802,52976.11216207,GIRAFFE,ESO-VLT-U2,ADP.2019-09-04T13:34:25.670.fits,072.C-0348(A),SCIENCE_RBNSPEC_IDP,,,,84.7839999999986,-69.1110833333322
ADP.2019-09-04T13_34_25.672.fits,t31,2003-12-03T02:41:30.802,52976.11216207,GIRAFFE,ESO-VLT-U2,ADP.2019-09-04T13:34:25.672.fits,072.C-0348(A),SCIENCE_RBNSPEC_IDP,,,,84.5659583333319,-69.0777499999988
ADP.2019-09-04T13_34_25.674.fits,u01,2003-12-03T03:03:21.958,52976.12733748,GIRAFFE,ESO-VLT-U2,ADP.2019-09-04T13:34:25.674.fits,072.C-0348(A),SCIENCE_RBNSPEC_IDP,,,,84.7217083333319,-69.099972222221
ADP.2019-09-04T13_34_25.676.fits,t11,2003-12-03T04:48:28.838,52976.20033378,GIRAFFE,ESO-VLT-U2,ADP.2019-09-04T13:34:25.676.fits,072.C-0348(A),SCIENCE_RBNSPEC_IDP,,,,84.4725416666653,-69.0444166666655
ADP.2019-09-04T13_34_25.678.fits,t60,2003-12-03T03:03:21.958,52976.12733748,GIRAFFE,ESO-VLT-U2,ADP.2019-09-04T13:34:25.678.fits,072.C-0348(A),SCIENCE_RBNSPEC_IDP,,,,84.6905416666652,-69.0444166666655
ADP.2019-09-04T13_34_25.680.fits,t27,2003-12-03T04:48:28.838,52976.20033378,GIRAFFE,ESO-VLT-U2,ADP.2019-09-04T13:34:25.680.fits,072.C-0348(A),SCIENCE_RBNSPEC_IDP,,,,84.5348333333319,-69.1221944444433
ADP.2019-09-04T13_34_25.682.fits,t59,2003-12-03T04:26:30.672,52976.18507722,GIRAFFE,ESO-VLT-U2,ADP.2019-09-04T13:34:25.682.fits,072.C-0348(A),SCIENCE_RBNSPEC_IDP,,,,84.7217083333319,-69.1110833333322
ADP.2019-09-04T13_34_25.687.fits,u14,2003-12-03T04:48:28.838,52976.20033378,GIRAFFE,ESO-VLT-U2,ADP.2019-09-04T13:34:25.687.fits,072.C-0348(A),SCIENCE_RBNSPEC_IDP,,,,84.8151249999986,-69.0666388888877
ADP.2019-09-04T13_34_25.689.fits,t32,2003-12-03T02:30:32.164,52976.10453894,GIRAFFE,ESO-VLT-U2,ADP.2019-09-04T13:34:25.689.fits,072.C-0348(A),SCIENCE_RBNSPEC_IDP,,,,84.5659583333319,-69.0666388888877
ADP.2019-09-04T13_34_25.691.fits,t36,2003-12-03T03:03:21.958,52976.12733748,GIRAFFE,ESO-VLT-U2,ADP.2019-09-04T13:34:25.691.fits,072.C-0348(A),SCIENCE_RBNSPEC_IDP,,,,84.5659583333319,-69.0221944444433
ADP.2019-09-04T13_34_25.693.fits,t58,2003-12-03T02:19:40.767,52976.09699962,GIRAFFE,ESO-VLT-U2,ADP.2019-09-04T13:34:25.693.fits,072.C-0348(A),SCIENCE_RBNSPEC_IDP,,,,84.6905416666652,-69.0666388888877
ADP.2019-09-04T13_34_25.695.fits,u31,2003-12-03T04:26:30.672,52976.18507722,GIRAFFE,ESO-VLT-U2,ADP.2019-09-04T13:34:25.695.fits,072.C-0348(A),SCIENCE_RBNSPEC_IDP,,,,84.8774583333319,-69.1333055555544
ADP.2019-09-04T13_34_25.697.fits,u20,2003-12-03T04:48:28.838,52976.20033378,GIRAFFE,ESO-VLT-U2,ADP.2019-09-04T13:34:25.697.fits,072.C-0348(A),SCIENCE_RBNSPEC_IDP,,,,84.8462916666652,-69.1333055555544
ADP.2019-09-04T13_34_25.699.fits,u28,2003-12-03T04:26:30.672,52976.18507722,GIRAFFE,ESO-VLT-U2,ADP.2019-09-04T13:34:25.699.fits,072.C-0348(A),SCIENCE_RBNSPEC_IDP,,,,84.8774583333319,-69.1666388888877
ADP.2019-09-04T13_34_25.701.fits,t60,2003-12-03T02:41:30.802,52976.11216207,GIRAFFE,ESO-VLT-U2,ADP.2019-09-04T13:34:25.701.fits,072.C-0348(A),SCIENCE_RBNSPEC_IDP,,,,84.6905416666652,-69.0444166666655
ADP.2019-09-04T13_34_25.703.fits,u12,2003-12-03T04:37:30.720,52976.19271667,GIRAFFE,ESO-VLT-U2,ADP.2019-09-04T13:34:25.703.fits,072.C-0348(A),SCIENCE_RBNSPEC_IDP,,,,84.7839999999986,-69.0221944444433
ADP.2019-09-04T13_34_25.705.fits,t52,2003-12-03T02:30:32.164,52976.10453894,GIRAFFE,ESO-VLT-U2,ADP.2019-09-04T13:34:25.705.fits,072.C-0348(A),SCIENCE_RBNSPEC_IDP,,,,84.6594166666653,-69.0444166666655
ADP.2019-09-04T13_34_25.707.fits,u15,2003-12-03T02:52:22.540,52976.11970533,GIRAFFE,ESO-VLT-U2,ADP.2019-09-04T13:34:25.707.fits,072.C-0348(A),SCIENCE_RBNSPEC_IDP,,,,84.7839999999986,-69.099972222221
ADP.2019-09-04T13_34_25.709.fits,t17,2003-12-03T02:41:30.802,52976.11216207,GIRAFFE,ESO-VLT-U2,ADP.2019-09-04T13:34:25.709.fits,072.C-0348(A),SCIENCE_RBNSPEC_IDP,,,,84.5348333333319,-69.1444166666655
ADP.2019-09-04T13_34_25.711.fits,t56,2003-12-03T02:30:32.164,52976.10453894,GIRAFFE,ESO-VLT-U2,ADP.2019-09-04T13:34:25.711.fits,072.C-0348(A),SCIENCE_RBNSPEC_IDP,,,,84.6905416666652,-69.1110833333322
ADP.2019-09-04T13_34_25.713.fits,u09,2003-12-03T03:14:13.205,52976.13487507,GIRAFFE,ESO-VLT-U2,ADP.2019-09-04T13:34:25.713.fits,072.C-0348(A),SCIENCE_RBNSPEC_IDP,,,,84.7839999999986,-69.1666388888877
ADP.2019-09-04T13_34_25.715.fits,u12,2003-12-03T04:48:28.838,52976.20033378,GIRAFFE,ESO-VLT-U2,ADP.2019-09-04T13:34:25.715.fits,072.C-0348(A),SCIENCE_RBNSPEC_IDP,,,,84.7839999999986,-69.0221944444433
ADP.2019-09-04T13_34_25.717.fits,u29,2003-12-03T02:19:40.767,52976.09699962,GIRAFFE,ESO-VLT-U2,ADP.2019-09-04T13:34:25.717.fits,072.C-0348(A),SCIENCE_RBNSPEC_IDP,,,,84.8462916666652,-69.0555277777766
ADP.2019-09-04T13_34_25.719.fits,t52,2003-12-03T02:41:30.802,52976.11216207,GIRAFFE,ESO-VLT-U2,ADP.2019-09-04T13:34:25.719.fits,072.C-0348(A),SCIENCE_RBNSPEC_IDP,,,,84.6594166666653,-69.0444166666655
ADP.2019-09-04T13_34_25.721.fits,u03,2003-12-03T04:37:30.720,52976.19271667,GIRAFFE,ESO-VLT-U2,ADP.2019-09-04T13:34:25.721.fits,072.C-0348(A),SCIENCE_RBNSPEC_IDP,,,,84.7217083333319,-69.0221944444433
ADP.2019-09-04T13_34_25.723.fits,t29,2003-12-03T03:14:13.205,52976.13487507,GIRAFFE,ESO-VLT-U2,ADP.2019-09-04T13:34:25.723.fits,072.C-0348(A),SCIENCE_RBNSPEC_IDP,,,,84.5659583333319,-69.099972222221
ADP.2019-09-04T13_34_25.725.fits,t41,2003-12-03T02:41:30.802,52976.11216207,GIRAFFE,ESO-VLT-U2,ADP.2019-09-04T13:34:25.725.fits,072.C-0348(A),SCIENCE_RBNSPEC_IDP,,,,84.6282499999986,-69.1444166666655
ADP.2019-09-04T13_34_25.727.fits,t42,2003-12-03T03:03:21.958,52976.12733748,GIRAFFE,ESO-VLT-U2,ADP.2019-09-04T13:34:25.727.fits,072.C-0348(A),SCIENCE_RBNSPEC_IDP,,,,84.6282499999986,-69.1333055555544
ADP.2019-09-04T13_34_25.729.fits,t46,2003-12-03T04:26:30.672,52976.18507722,GIRAFFE,ESO-VLT-U2,ADP.2019-09-04T13:34:25.729.fits,072.C-0348(A),SCIENCE_RBNSPEC_IDP,,,,84.6282499999986,-69.0221944444433
ADP.2019-09-04T13_34_25.731.fits,t10,2003-12-03T02:41:30.802,52976.11216207,GIRAFFE,ESO-VLT-U2,ADP.2019-09-04T13:34:25.731.fits,072.C-0348(A),SCIENCE_RBNSPEC_IDP,,,,84.4413749999986,-69.0444166666655
ADP.2019-09-04T13_34_25.733.fits,t35,2003-12-03T02:41:30.802,52976.11216207,GIRAFFE,ESO-VLT-U2,ADP.2019-09-04T13:34:25.733.fits,072.C-0348(A),SCIENCE_RBNSPEC_IDP,,,,84.5659583333319,-69.0333055555544
ADP.2019-09-04T13_34_25.735.fits,t55,2003-12-03T02:41:30.802,52976.11216207,GIRAFFE,ESO-VLT-U2,ADP.2019-09-04T13:34:25.735.fits,072.C-0348(A),SCIENCE_RBNSPEC_IDP,,,,84.6905416666652,-69.1221944444433
ADP.2019-09-04T13_34_25.737.fits,t43,2003-12-03T04:26:30.672,52976.18507722,GIRAFFE,ESO-VLT-U2,ADP.2019-09-04T13:34:25.737.fits,072.C-0348(A),SCIENCE_RBNSPEC_IDP,,,,84.6282499999986,-69.0555277777766
ADP.2019-09-04T13_34_25.739.fits,t14,2003-12-03T04:48:28.838,52976.20033378,GIRAFFE,ESO-VLT-U2,ADP.2019-09-04T13:34:25.739.fits,072.C-0348(A),SCIENCE_RBNSPEC_IDP,,,,84.5036666666652,-69.1666388888877
ADP.2019-09-04T13_34_25.741.fits,t02,2003-12-03T02:19:40.767,52976.09699962,GIRAFFE,ESO-VLT-U2,ADP.2019-09-04T13:34:25.741.fits,072.C-0348(A),SCIENCE_RBNSPEC_IDP,,,,84.4413749999986,-69.1333055555544
ADP.2019-09-04T13_34_25.743.fits,t42,2003-12-03T03:14:13.205,52976.13487507,GIRAFFE,ESO-VLT-U2,ADP.2019-09-04T13:34:25.743.fits,072.C-0348(A),SCIENCE_RBNSPEC_IDP,,,,84.6282499999986,-69.1333055555544
ADP.2019-09-04T13_34_25.745.fits,u36,2003-12-03T02:19:40.767,52976.09699962,GIRAFFE,ESO-VLT-U2,ADP.2019-09-04T13:34:25.745.fits,072.C-0348(A),SCIENCE_RBNSPEC_IDP,,,,84.9085833333319,-69.1333055555544
ADP.2019-09-04T13_34_25.747.fits,u40,2003-12-03T02:41:30.802,52976.11216207,GIRAFFE,ESO-VLT-U2,ADP.2019-09-04T13:34:25.747.fits,072.C-0348(A),SCIENCE_RBNSPEC_IDP,,,,84.9085833333319,-69.0888611111099
ADP.2019-09-04T13_34_25.749.fits,t48,2003-12-03T04:48:28.838,52976.20033378,GIRAFFE,ESO-VLT-U2,ADP.2019-09-04T13:34:25.749.fits,072.C-0348(A),SCIENCE_RBNSPEC_IDP,,,,84.6594166666653,-69.1555277777766
ADP.2019-09-04T13_34_25.751.fits,u03,2003-12-03T02:30:32.164,52976.10453894,GIRAFFE,ESO-VLT-U2,ADP.2019-09-04T13:34:25.751.fits,072.C-0348(A),SCIENCE_RBNSPEC_IDP,,,,84.7217083333319,-69.0555277777766
ADP.2019-09-04T13_34_25.753.fits,u27,2003-12-03T02:41:30.802,52976.11216207,GIRAFFE,ESO-VLT-U2,ADP.2019-09-04T13:34:25.753.fits,072.C-0348(A),SCIENCE_RBNSPEC_IDP,,,,84.8151249999986,-69.0555277777766
ADP.2019-09-04T13_34_25.755.fits,t06,2003-12-03T03:03:21.958,52976.12733748,GIRAFFE,ESO-VLT-U2,ADP.2019-09-04T13:34:25.755.fits,072.C-0348(A),SCIENCE_RBNSPEC_IDP,,,,84.4413749999986,-69.0888611111099
ADP.2019-09-04T13_34_25.757.fits,t23,2003-12-03T04:48:28.838,52976.20033378,GIRAFFE,ESO-VLT-U2,ADP.2019-09-04T13:34:25.757.fits,072.C-0348(A),SCIENCE_RBNSPEC_IDP,,,,84.5036666666652,-69.0333055555544
ADP.2019-09-04T13_34_25.759.fits,t49,2003-12-03T04:26:30.672,52976.18507722,GIRAFFE,ESO-VLT-U2,ADP.2019-09-04T13:34:25.759.fits,072.C-0348(A),SCIENCE_RBNSPEC_IDP,,,,84.6594166666653,-69.0333055555544
ADP.2019-09-04T13_34_25.761.fits,t57,2003-12-03T02:19:40.767,52976.09699962,GIRAFFE,ESO-VLT-U2,ADP.2019-09-04T13:34:25.761.fits,072.C-0348(A),SCIENCE_RBNSPEC_IDP,,,,84.6905416666652,-69.0777499999988
ADP.2019-09-04T13_34_25.763.fits,t01,2003-12-03T02:52:22.540,52976.11970533,GIRAFFE,ESO-VLT-U2,ADP.2019-09-04T13:34:25.763.fits,072.C-0348(A),SCIENCE_RBNSPEC_IDP,,,,84.4413749999986,-69.1444166666655
ADP.2019-09-04T13_34_25.765.fits,u34,2003-12-03T04:37:30.720,52976.19271667,GIRAFFE,ESO-VLT-U2,ADP.2019-09-04T13:34:25.765.fits,072.C-0348(A),SCIENCE_RBNSPEC_IDP,,,,84.8774583333319,-69.0888611111099
ADP.2019-09-04T13_34_25.767.fits,u04,2003-12-03T04:37:30.720,52976.19271667,GIRAFFE,ESO-VLT-U2,ADP.2019-09-04T13:34:25.767.fits,072.C-0348(A),SCIENCE_RBNSPEC_IDP,,,,84.7528333333319,-69.1666388888877
ADP.2019-09-04T13_34_25.769.fits,u31,2003-12-03T03:03:21.958,52976.12733748,GIRAFFE,ESO-VLT-U2,ADP.2019-09-04T13:34:25.769.fits,072.C-0348(A),SCIENCE_RBNSPEC_IDP,,,,84.8774583333319,-69.0555277777766
ADP.2019-09-04T13_34_25.771.fits,u16,2003-12-03T02:19:40.767,52976.09699962,GIRAFFE,ESO-VLT-U2,ADP.2019-09-04T13:34:25.771.fits,072.C-0348(A),SCIENCE_RBNSPEC_IDP,,,,84.7839999999986,-69.0888611111099
ADP.2019-09-04T13_34_25.773.fits,u35,2003-12-03T02:41:30.802,52976.11216207,GIRAFFE,ESO-VLT-U2,ADP.2019-09-04T13:34:25.773.fits,072.C-0348(A),SCIENCE_RBNSPEC_IDP,,,,84.9085833333319,-69.1444166666655
ADP.2019-09-04T13_34_25.775.fits,u44,2003-12-03T03:03:21.958,52976.12733748,GIRAFFE,ESO-VLT-U2,ADP.2019-09-04T13:34:25.775.fits,072.C-0348(A),SCIENCE_RBNSPEC_IDP,,,,84.9085833333319,-69.0444166666655
ADP.2019-09-04T13_34_25.777.fits,u28,2003-12-03T02:19:40.767,52976.09699962,GIRAFFE,ESO-VLT-U2,ADP.2019-09-04T13:34:25.777.fits,072.C-0348(A),SCIENCE_RBNSPEC_IDP,,,,84.8151249999986,-69.0444166666655
ADP.2019-09-04T13_34_25.779.fits,t39,2003-12-03T03:03:21.958,52976.12733748,GIRAFFE,ESO-VLT-U2,ADP.2019-09-04T13:34:25.779.fits,072.C-0348(A),SCIENCE_RBNSPEC_IDP,,,,84.5971249999985,-69.099972222221
ADP.2019-09-04T13_34_25.781.fits,t50,2003-12-03T04:26:30.672,52976.18507722,GIRAFFE,ESO-VLT-U2,ADP.2019-09-04T13:34:25.781.fits,072.C-0348(A),SCIENCE_RBNSPEC_IDP,,,,84.6594166666653,-69.0221944444433
ADP.2019-09-04T13_34_25.783.fits,t33,2003-12-03T02:41:30.802,52976.11216207,GIRAFFE,ESO-VLT-U2,ADP.2019-09-04T13:34:25.783.fits,072.C-0348(A),SCIENCE_RBNSPEC_IDP,,,,84.5659583333319,-69.0555277777766
ADP.2019-09-04T13_34_25.785.fits,u34,2003-12-03T02:19:40.767,52976.09699962,GIRAFFE,ESO-VLT-U2,ADP.2019-09-04T13:34:25.785.fits,072.C-0348(A),SCIENCE_RBNSPEC_IDP,,,,84.9085833333319,-69.1555277777766
ADP.2019-09-04T13_34_25.787.fits,u20,2003-12-03T04:37:30.720,52976.19271667,GIRAFFE,ESO-VLT-U2,ADP.2019-09-04T13:34:25.787.fits,072.C-0348(A),SCIENCE_RBNSPEC_IDP,,,,84.8462916666652,-69.1333055555544
ADP.2019-09-04T13_34_25.789.fits,t23,2003-12-03T03:03:21.958,52976.12733748,GIRAFFE,ESO-VLT-U2,ADP.2019-09-04T13:34:25.789.fits,072.C-0348(A),SCIENCE_RBNSPEC_IDP,,,,84.5348333333319,-69.0555277777766
ADP.2019-09-04T13_34_25.791.fits,t35,2003-12-03T02:19:40.767,52976.09699962,GIRAFFE,ESO-VLT-U2,ADP.2019-09-04T13:34:25.791.fits,072.C-0348(A),SCIENCE_RBNSPEC_IDP,,,,84.5659583333319,-69.0333055555544
ADP.2019-09-04T13_34_25.793.fits,t03,2003-12-03T02:52:22.540,52976.11970533,GIRAFFE,ESO-VLT-U2,ADP.2019-09-04T13:34:25.793.fits,072.C-0348(A),SCIENCE_RBNSPEC_IDP,,,,84.4413749999986,-69.1221944444433
ADP.2019-09-04T13_34_25.795.fits,t11,2003-12-03T04:37:30.720,52976.19271667,GIRAFFE,ESO-VLT-U2,ADP.2019-09-04T13:34:25.795.fits,072.C-0348(A),SCIENCE_RBNSPEC_IDP,,,,84.4725416666653,-69.0444166666655
ADP.2019-09-04T13_34_25.797.fits,u25,2003-12-03T03:14:13.205,52976.13487507,GIRAFFE,ESO-VLT-U2,ADP.2019-09-04T13:34:25.797.fits,072.C-0348(A),SCIENCE_RBNSPEC_IDP,,,,84.8151249999986,-69.099972222221
ADP.2019-09-04T13_34_25.799.fits,u28,2003-12-03T03:14:13.205,52976.13487507,GIRAFFE,ESO-VLT-U2,ADP.2019-09-04T13:34:25.799.fits,072.C-0348(A),SCIENCE_RBNSPEC_IDP,,,,84.8151249999986,-69.0444166666655
ADP.2019-09-04T13_34_25.801.fits,u34,2003-12-03T02:52:22.540,52976.11970533,GIRAFFE,ESO-VLT-U2,ADP.2019-09-04T13:34:25.801.fits,072.C-0348(A),SCIENCE_RBNSPEC_IDP,,,,84.9085833333319,-69.1555277777766
ADP.2019-09-04T13_34_25.803.fits,u37,2003-12-03T03:14:13.205,52976.13487507,GIRAFFE,ESO-VLT-U2,ADP.2019-09-04T13:34:25.803.fits,072.C-0348(A),SCIENCE_RBNSPEC_IDP,,,,84.9085833333319,-69.1221944444433
ADP.2019-09-04T13_34_25.805.fits,t08,2003-12-03T04:26:30.672,52976.18507722,GIRAFFE,ESO-VLT-U2,ADP.2019-09-04T13:34:25.805.fits,072.C-0348(A),SCIENCE_RBNSPEC_IDP,,,,84.4725416666653,-69.0888611111099
ADP.2019-09-04T13_34_25.807.fits,t04,2003-12-03T02:30:32.164,52976.10453894,GIRAFFE,ESO-VLT-U2,ADP.2019-09-04T13:34:25.807.fits,072.C-0348(A),SCIENCE_RBNSPEC_IDP,,,,84.4413749999986,-69.1110833333322
ADP.2019-09-04T13_34_25.809.fits,t53,2003-12-03T04:26:30.672,52976.18507722,GIRAFFE,ESO-VLT-U2,ADP.2019-09-04T13:34:25.809.fits,072.C-0348(A),SCIENCE_RBNSPEC_IDP,,,,84.6905416666652,-69.0333055555544
ADP.2019-09-04T13_34_25.811.fits,t18,2003-12-03T04:26:30.672,52976.18507722,GIRAFFE,ESO-VLT-U2,ADP.2019-09-04T13:34:25.811.fits,072.C-0348(A),SCIENCE_RBNSPEC_IDP,,,,84.5036666666652,-69.099972222221
ADP.2019-09-04T13_34_25.813.fits,t43,2003-12-03T02:52:22.540,52976.11970533,GIRAFFE,ESO-VLT-U2,ADP.2019-09-04T13:34:25.813.fits,072.C-0348(A),SCIENCE_RBNSPEC_IDP,,,,84.6282499999986,-69.099972222221
ADP.2019-09-04T13_34_25.815.fits,t19,2003-12-03T03:14:13.205,52976.13487507,GIRAFFE,ESO-VLT-U2,ADP.2019-09-04T13:34:25.815.fits,072.C-0348(A),SCIENCE_RBNSPEC_IDP,,,,84.5348333333319,-69.099972222221
ADP.2019-09-04T13_34_25.817.fits,t48,2003-12-03T04:37:30.720,52976.19271667,GIRAFFE,ESO-VLT-U2,ADP.2019-09-04T13:34:25.817.fits,072.C-0348(A),SCIENCE_RBNSPEC_IDP,,,,84.6594166666653,-69.1555277777766
ADP.2019-09-04T13_34_25.819.fits,t55,2003-12-03T02:30:32.164,52976.10453894,GIRAFFE,ESO-VLT-U2,ADP.2019-09-04T13:34:25.819.fits,072.C-0348(A),SCIENCE_RBNSPEC_IDP,,,,84.6905416666652,-69.1221944444433
ADP.2019-09-04T13_34_25.821.fits,t32,2003-12-03T02:52:22.540,52976.11970533,GIRAFFE,ESO-VLT-U2,ADP.2019-09-04T13:34:25.821.fits,072.C-0348(A),SCIENCE_RBNSPEC_IDP,,,,84.5659583333319,-69.0666388888877
ADP.2019-09-04T13_34_25.823.fits,t24,2003-12-03T04:48:28.838,52976.20033378,GIRAFFE,ESO-VLT-U2,ADP.2019-09-04T13:34:25.823.fits,072.C-0348(A),SCIENCE_RBNSPEC_IDP,,,,84.5036666666652,-69.0221944444433
ADP.2019-09-04T13_34_25.825.fits,t41,2003-12-03T03:03:21.958,52976.12733748,GIRAFFE,ESO-VLT-U2,ADP.2019-09-04T13:34:25.825.fits,072.C-0348(A),SCIENCE_RBNSPEC_IDP,,,,84.6282499999986,-69.1444166666655
ADP.2019-09-04T13_34_25.827.fits,t27,2003-12-03T02:19:40.767,52976.09699962,GIRAFFE,ESO-VLT-U2,ADP.2019-09-04T13:34:25.827.fits,072.C-0348(A),SCIENCE_RBNSPEC_IDP,,,,84.5659583333319,-69.1444166666655
ADP.2019-09-04T13_34_25.829.fits,t60,2003-12-03T02:19:40.767,52976.09699962,GIRAFFE,ESO-VLT-U2,ADP.2019-09-04T13:34:25.829.fits,072.C-0348(A),SCIENCE_RBNSPEC_IDP,,,,84.6905416666652,-69.0444166666655
ADP.2019-09-04T13_34_25.831.fits,u25,2003-12-03T04:26:30.672,52976.18507722,GIRAFFE,ESO-VLT-U2,ADP.2019-09-04T13:34:25.831.fits,072.C-0348(A),SCIENCE_RBNSPEC_IDP,,,,84.8462916666652,-69.0666388888877
ADP.2019-09-04T13_34_25.833.fits,t09,2003-12-03T04:37:30.720,52976.19271667,GIRAFFE,ESO-VLT-U2,ADP.2019-09-04T13:34:25.833.fits,072.C-0348(A),SCIENCE_RBNSPEC_IDP,,,,84.4725416666653,-69.0777499999988
ADP.2019-09-04T13_34_25.835.fits,u09,2003-12-03T04:26:30.672,52976.18507722,GIRAFFE,ESO-VLT-U2,ADP.2019-09-04T13:34:25.835.fits,072.C-0348(A),SCIENCE_RBNSPEC_IDP,,,,84.7839999999986,-69.0777499999988
ADP.2019-09-04T13_34_25.837.fits,t09,2003-12-03T02:52:22.540,52976.11970533,GIRAFFE,ESO-VLT-U2,ADP.2019-09-04T13:34:25.837.fits,072.C-0348(A),SCIENCE_RBNSPEC_IDP,,,,84.4413749999986,-69.0555277777766
ADP.2019-09-04T13_34_25.839.fits,t29,2003-12-03T02:30:32.164,52976.10453894,GIRAFFE,ESO-VLT-U2,ADP.2019-09-04T13:34:25.839.fits,072.C-0348(A),SCIENCE_RBNSPEC_IDP,,,,84.5659583333319,-69.099972222221
ADP.2019-09-04T13_34_25.841.fits,t23,2003-12-03T04:26:30.672,52976.18507722,GIRAFFE,ESO-VLT-U2,ADP.2019-09-04T13:34:25.841.fits,072.C-0348(A),SCIENCE_RBNSPEC_IDP,,,,84.5036666666652,-69.0333055555544
ADP.2019-09-04T13_34_25.843.fits,u35,2003-12-03T04:37:30.720,52976.19271667,GIRAFFE,ESO-VLT-U2,ADP.2019-09-04T13:34:25.843.fits,072.C-0348(A),SCIENCE_RBNSPEC_IDP,,,,84.8774583333319,-69.0777499999988
ADP.2019-09-04T13_34_25.845.fits,t44,2003-12-03T02:30:32.164,52976.10453894,GIRAFFE,ESO-VLT-U2,ADP.2019-09-04T13:34:25.845.fits,072.C-0348(A),SCIENCE_RBNSPEC_IDP,,,,84.6282499999986,-69.0888611111099
ADP.2019-09-04T13_34_25.847.fits,t34,2003-12-03T03:03:21.958,52976.12733748,GIRAFFE,ESO-VLT-U2,ADP.2019-09-04T13:34:25.847.fits,072.C-0348(A),SCIENCE_RBNSPEC_IDP,,,,84.5659583333319,-69.0444166666655
ADP.2019-09-04T13_34_25.849.fits,u21,2003-12-03T02:52:22.540,52976.11970533,GIRAFFE,ESO-VLT-U2,ADP.2019-09-04T13:34:25.849.fits,072.C-0348(A),SCIENCE_RBNSPEC_IDP,,,,84.8151249999986,-69.1444166666655
ADP.2019-09-04T13_34_25.851.fits,t38,2003-12-03T02:30:32.164,52976.10453894,GIRAFFE,ESO-VLT-U2,ADP.2019-09-04T13:34:25.851.fits,072.C-0348(A),SCIENCE_RBNSPEC_IDP,,,,84.5971249999985,-69.1333055555544
ADP.2019-09-04T13_34_25.853.fits,t31,2003-12-03T02:19:40.767,52976.09699962,GIRAFFE,ESO-VLT-U2,ADP.2019-09-04T13:34:25.853.fits,072.C-0348(A),SCIENCE_RBNSPEC_IDP,,,,84.5659583333319,-69.0777499999988
ADP.2019-09-04T13_34_25.855.fits,t52,2003-12-03T03:03:21.958,52976.12733748,GIRAFFE,ESO-VLT-U2,ADP.2019-09-04T13:34:25.855.fits,072.C-0348(A),SCIENCE_RBNSPEC_IDP,,,,84.6594166666653,-69.0444166666655
ADP.2019-09-04T13_34_25.857.fits,u09,2003-12-03T02:52:22.540,52976.11970533,GIRAFFE,ESO-VLT-U2,ADP.2019-09-04T13:34:25.857.fits,072.C-0348(A),SCIENCE_RBNSPEC_IDP,,,,84.7839999999986,-69.1666388888877
ADP.2019-09-04T13_34_25.859.fits,u22,2003-12-03T02:41:30.802,52976.11216207,GIRAFFE,ESO-VLT-U2,ADP.2019-09-04T13:34:25.859.fits,072.C-0348(A),SCIENCE_RBNSPEC_IDP,,,,84.8151249999986,-69.1333055555544
ADP.2019-09-04T13_34_25.861.fits,t41,2003-12-03T02:52:22.540,52976.11970533,GIRAFFE,ESO-VLT-U2,ADP.2019-09-04T13:34:25.861.fits,072.C-0348(A),SCIENCE_RBNSPEC_IDP,,,,84.6282499999986,-69.1444166666655
ADP.2019-09-04T13_34_25.863.fits,u42,2003-12-03T02:19:40.767,52976.09699962,GIRAFFE,ESO-VLT-U2,ADP.2019-09-04T13:34:25.863.fits,072.C-0348(A),SCIENCE_RBNSPEC_IDP,,,,84.9085833333319,-69.0666388888877
ADP.2019-09-04T13_34_25.865.fits,u10,2003-12-03T02:19:40.767,52976.09699962,GIRAFFE,ESO-VLT-U2,ADP.2019-09-04T13:34:25.865.fits,072.C-0348(A),SCIENCE_RBNSPEC_IDP,,,,84.7839999999986,-69.1555277777766
ADP.2019-09-04T13_34_25.867.fits,t05,2003-12-03T02:41:30.802,52976.11216207,GIRAFFE,ESO-VLT-U2,ADP.2019-09-04T13:34:25.867.fits,072.C-0348(A),SCIENCE_RBNSPEC_IDP,,,,84.4413749999986,-69.099972222221
ADP.2019-09-04T13_34_25.869.fits,t37,2003-12-03T04:48:28.838,52976.20033378,GIRAFFE,ESO-VLT-U2,ADP.2019-09-04T13:34:25.869.fits,072.C-0348(A),SCIENCE_RBNSPEC_IDP,,,,84.5971249999985,-69.0221944444433
ADP.2019-09-04T13_34_25.871.fits,u43,2003-12-03T02:52:22.540,52976.11970533,GIRAFFE,ESO-VLT-U2,ADP.2019-09-04T13:34:25.871.fits,072.C-0348(A),SCIENCE_RBNSPEC_IDP,,,,84.9085833333319,-69.0555277777766
ADP.2019-09-04T13_34_25.873.fits,u29,2003-12-03T02:41:30.802,52976.11216207,GIRAFFE,ESO-VLT-U2,ADP.2019-09-04T13:34:25.873.fits,072.C-0348(A),SCIENCE_RBNSPEC_IDP,,,,84.8462916666652,-69.0555277777766
ADP.2019-09-04T13_34_25.875.fits,u22,2003-12-03T03:14:13.205,52976.13487507,GIRAFFE,ESO-VLT-U2,ADP.2019-09-04T13:34:25.875.fits,072.C-0348(A),SCIENCE_RBNSPEC_IDP,,,,84.8151249999986,-69.1333055555544
ADP.2019-09-04T13_34_25.877.fits,t28,2003-12-03T02:41:30.802,52976.11216207,GIRAFFE,ESO-VLT-U2,ADP.2019-09-04T13:34:25.877.fits,072.C-0348(A),SCIENCE_RBNSPEC_IDP,,,,84.5659583333319,-69.1333055555544
ADP.2019-09-04T13_34_25.879.fits,t05,2003-12-03T03:14:13.205,52976.13487507,GIRAFFE,ESO-VLT-U2,ADP.2019-09-04T13:34:25.879.fits,072.C-0348(A),SCIENCE_RBNSPEC_IDP,,,,84.4413749999986,-69.099972222221
ADP.2019-09-04T13_34_25.881.fits,u23,2003-12-03T03:14:13.205,52976.13487507,GIRAFFE,ESO-VLT-U2,ADP.2019-09-04T13:34:25.881.fits,072.C-0348(A),SCIENCE_RBNSPEC_IDP,,,,84.8151249999986,-69.1221944444433
ADP.2019-09-04T13_34_25.883.fits,u18,2003-12-03T02:19:40.767,52976.09699962,GIRAFFE,ESO-VLT-U2,ADP.2019-09-04T13:34:25.883.fits,072.C-0348(A),SCIENCE_RBNSPEC_IDP,,,,84.7839999999986,-69.0444166666655
ADP.2019-09-04T13_34_25.885.fits,u35,2003-12-03T02:19:40.767,52976.09699962,GIRAFFE,ESO-VLT-U2,ADP.2019-09-04T13:34:25.885.fits,072.C-0348(A),SCIENCE_RBNSPEC_IDP,,,,84.9085833333319,-69.1444166666655
ADP.2019-09-04T13_34_25.887.fits,t53,2003-12-03T02:52:22.540,52976.11970533,GIRAFFE,ESO-VLT-U2,ADP.2019-09-04T13:34:25.887.fits,072.C-0348(A),SCIENCE_RBNSPEC_IDP,,,,84.6905416666652,-69.1444166666655
ADP.2019-09-04T13_34_25.889.fits,u24,2003-12-03T02:52:22.540,52976.11970533,GIRAFFE,ESO-VLT-U2,ADP.2019-09-04T13:34:25.889.fits,072.C-0348(A),SCIENCE_RBNSPEC_IDP,,,,84.8151249999986,-69.1110833333322
ADP.2019-09-04T13_34_25.891.fits,t45,2003-12-03T04:48:28.838,52976.20033378,GIRAFFE,ESO-VLT-U2,ADP.2019-09-04T13:34:25.891.fits,072.C-0348(A),SCIENCE_RBNSPEC_IDP,,,,84.6282499999986,-69.0333055555544
ADP.2019-09-04T13_34_25.893.fits,t46,2003-12-03T02:30:32.164,52976.10453894,GIRAFFE,ESO-VLT-U2,ADP.2019-09-04T13:34:25.893.fits,072.C-0348(A),SCIENCE_RBNSPEC_IDP,,,,84.6594166666653,-69.1333055555544
ADP.2019-09-04T13_34_25.895.fits,u15,2003-12-03T02:19:40.767,52976.09699962,GIRAFFE,ESO-VLT-U2,ADP.2019-09-04T13:34:25.895.fits,072.C-0348(A),SCIENCE_RBNSPEC_IDP,,,,84.7839999999986,-69.099972222221
ADP.2019-09-04T13_34_25.897.fits,t09,2003-12-03T03:14:13.205,52976.13487507,GIRAFFE,ESO-VLT-U2,ADP.2019-09-04T13:34:25.897.fits,072.C-0348(A),SCIENCE_RBNSPEC_IDP,,,,84.4413749999986,-69.0555277777766
ADP.2019-09-04T13_34_25.899.fits,t52,2003-12-03T02:52:22.540,52976.11970533,GIRAFFE,ESO-VLT-U2,ADP.2019-09-04T13:34:25.899.fits,072.C-0348(A),SCIENCE_RBNSPEC_IDP,,,,84.6594166666653,-69.0444166666655
ADP.2019-09-04T13_34_25.901.fits,t26,2003-12-03T02:19:40.767,52976.09699962,GIRAFFE,ESO-VLT-U2,ADP.2019-09-04T13:34:25.901.fits,072.C-0348(A),SCIENCE_RBNSPEC_IDP,,,,84.5348333333319,-69.0221944444433
ADP.2019-09-04T13_34_25.903.fits,u13,2003-12-03T02:19:40.767,52976.09699962,GIRAFFE,ESO-VLT-U2,ADP.2019-09-04T13:34:25.903.fits,072.C-0348(A),SCIENCE_RBNSPEC_IDP,,,,84.7839999999986,-69.1221944444433
ADP.2019-09-04T13_34_25.905.fits,t54,2003-12-03T02:19:40.767,52976.09699962,GIRAFFE,ESO-VLT-U2,ADP.2019-09-04T13:34:25.905.fits,072.C-0348(A),SCIENCE_RBNSPEC_IDP,,,,84.6905416666652,-69.1333055555544
ADP.2019-09-04T13_34_25.907.fits,t29,2003-12-03T02:19:40.767,52976.09699962,GIRAFFE,ESO-VLT-U2,ADP.2019-09-04T13:34:25.907.fits,072.C-0348(A),SCIENCE_RBNSPEC_IDP,,,,84.5659583333319,-69.099972222221
ADP.2019-09-04T13_34_25.909.fits,t58,2003-12-03T02:52:22.540,52976.11970533,GIRAFFE,ESO-VLT-U2,ADP.2019-09-04T13:34:25.909.fits,072.C-0348(A),SCIENCE_RBNSPEC_IDP,,,,84.6905416666652,-69.0666388888877
ADP.2019-09-04T13_34_25.911.fits,t36,2003-12-03T04:37:30.720,52976.19271667,GIRAFFE,ESO-VLT-U2,ADP.2019-09-04T13:34:25.911.fits,072.C-0348(A),SCIENCE_RBNSPEC_IDP,,,,84.5971249999985,-69.0333055555544
ADP.2019-09-04T13_34_25.913.fits,u02,2003-12-03T02:19:40.767,52976.09699962,GIRAFFE,ESO-VLT-U2,ADP.2019-09-04T13:34:25.913.fits,072.C-0348(A),SCIENCE_RBNSPEC_IDP,,,,84.7217083333319,-69.0888611111099
ADP.2019-09-04T13_34_25.915.fits,u17,2003-12-03T03:14:13.205,52976.13487507,GIRAFFE,ESO-VLT-U2,ADP.2019-09-04T13:34:25.915.fits,072.C-0348(A),SCIENCE_RBNSPEC_IDP,,,,84.7839999999986,-69.0555277777766
ADP.2019-09-04T13_34_25.917.fits,u43,2003-12-03T02:41:30.802,52976.11216207,GIRAFFE,ESO-VLT-U2,ADP.2019-09-04T13:34:25.917.fits,072.C-0348(A),SCIENCE_RBNSPEC_IDP,,,,84.9085833333319,-69.0555277777766
ADP.2019-09-04T13_34_25.919.fits,u24,2003-12-03T03:03:21.958,52976.12733748,GIRAFFE,ESO-VLT-U2,ADP.2019-09-04T13:34:25.919.fits,072.C-0348(A),SCIENCE_RBNSPEC_IDP,,,,84.8151249999986,-69.1110833333322
ADP.2019-09-04T13_34_25.921.fits,u17,2003-12-03T02:30:32.164,52976.10453894,GIRAFFE,ESO-VLT-U2,ADP.2019-09-04T13:34:25.921.fits,072.C-0348(A),SCIENCE_RBNSPEC_IDP,,,,84.7839999999986,-69.0555277777766
ADP.2019-09-04T13_34_25.923.fits,t16,2003-12-03T04:37:30.720,52976.19271667,GIRAFFE,ESO-VLT-U2,ADP.2019-09-04T13:34:25.923.fits,072.C-0348(A),SCIENCE_RBNSPEC_IDP,,,,84.5036666666652,-69.1221944444433
ADP.2019-09-04T13_34_25.925.fits,u07,2003-12-03T03:03:21.958,52976.12733748,GIRAFFE,ESO-VLT-U2,ADP.2019-09-04T13:34:25.925.fits,072.C-0348(A),SCIENCE_RBNSPEC_IDP,,,,84.7528333333319,-69.0555277777766
ADP.2019-09-04T13_34_25.927.fits,u13,2003-12-03T03:14:13.205,52976.13487507,GIRAFFE,ESO-VLT-U2,ADP.2019-09-04T13:34:25.927.fits,072.C-0348(A),SCIENCE_RBNSPEC_IDP,,,,84.7839999999986,-69.1221944444433
ADP.2019-09-04T13_34_25.929.fits,u33,2003-12-03T04:26:30.672,52976.18507722,GIRAFFE,ESO-VLT-U2,ADP.2019-09-04T13:34:25.929.fits,072.C-0348(A),SCIENCE_RBNSPEC_IDP,,,,84.8774583333319,-69.099972222221
ADP.2019-09-04T13_34_25.931.fits,t22,2003-12-03T04:37:30.720,52976.19271667,GIRAFFE,ESO-VLT-U2,ADP.2019-09-04T13:34:25.931.fits,072.C-0348(A),SCIENCE_RBNSPEC_IDP,,,,84.5036666666652,-69.0444166666655
ADP.2019-09-04T13_34_25.933.fits,u40,2003-12-03T02:19:40.767,52976.09699962,GIRAFFE,ESO-VLT-U2,ADP.2019-09-04T13:34:25.933.fits,072.C-0348(A),SCIENCE_RBNSPEC_IDP,,,,84.9085833333319,-69.0888611111099
ADP.2019-09-04T13_34_25.935.fits,u14,2003-12-03T02:19:40.767,52976.09699962,GIRAFFE,ESO-VLT-U2,ADP.2019-09-04T13:34:25.935.fits,072.C-0348(A),SCIENCE_RBNSPEC_IDP,,,,84.7839999999986,-69.1110833333322
ADP.2019-09-04T13_34_25.937.fits,u39,2003-12-03T02:19:40.767,52976.09699962,GIRAFFE,ESO-VLT-U2,ADP.2019-09-04T13:34:25.937.fits,072.C-0348(A),SCIENCE_RBNSPEC_IDP,,,,84.9085833333319,-69.099972222221
ADP.2019-09-04T13_34_25.939.fits,t39,2003-12-03T02:30:32.164,52976.10453894,GIRAFFE,ESO-VLT-U2,ADP.2019-09-04T13:34:25.939.fits,072.C-0348(A),SCIENCE_RBNSPEC_IDP,,,,84.5971249999985,-69.099972222221
ADP.2019-09-04T13_34_25.941.fits,u37,2003-12-03T03:03:21.958,52976.12733748,GIRAFFE,ESO-VLT-U2,ADP.2019-09-04T13:34:25.941.fits,072.C-0348(A),SCIENCE_RBNSPEC_IDP,,,,84.9085833333319,-69.1221944444433
ADP.2019-09-04T13_34_25.943.fits,u23,2003-12-03T04:48:28.838,52976.20033378,GIRAFFE,ESO-VLT-U2,ADP.2019-09-04T13:34:25.943.fits,072.C-0348(A),SCIENCE_RBNSPEC_IDP,,,,84.8462916666652,-69.0888611111099
ADP.2019-09-04T13_34_25.945.fits,t29,2003-12-03T02:52:22.540,52976.11970533,GIRAFFE,ESO-VLT-U2,ADP.2019-09-04T13:34:25.945.fits,072.C-0348(A),SCIENCE_RBNSPEC_IDP,,,,84.5659583333319,-69.099972222221
ADP.2019-09-04T13_34_25.947.fits,t58,2003-12-03T03:03:21.958,52976.12733748,GIRAFFE,ESO-VLT-U2,ADP.2019-09-04T13:34:25.947.fits,072.C-0348(A),SCIENCE_RBNSPEC_IDP,,,,84.6905416666652,-69.0666388888877
ADP.2019-09-04T13_34_25.949.fits,t17,2003-12-03T04:26:30.672,52976.18507722,GIRAFFE,ESO-VLT-U2,ADP.2019-09-04T13:34:25.949.fits,072.C-0348(A),SCIENCE_RBNSPEC_IDP,,,,84.5036666666652,-69.1110833333322
ADP.2019-09-04T13_34_25.951.fits,u43,2003-12-03T02:19:40.767,52976.09699962,GIRAFFE,ESO-VLT-U2,ADP.2019-09-04T13:34:25.951.fits,072.C-0348(A),SCIENCE_RBNSPEC_IDP,,,,84.9085833333319,-69.0555277777766
ADP.2019-09-04T13_34_25.953.fits,t36,2003-12-03T02:41:30.802,52976.11216207,GIRAFFE,ESO-VLT-U2,ADP.2019-09-04T13:34:25.953.fits,072.C-0348(A),SCIENCE_RBNSPEC_IDP,,,,84.5659583333319,-69.0221944444433
ADP.2019-09-04T13_34_25.955.fits,t45,2003-12-03T04:26:30.672,52976.18507722,GIRAFFE,ESO-VLT-U2,ADP.2019-09-04T13:34:25.955.fits,072.C-0348(A),SCIENCE_RBNSPEC_IDP,,,,84.6282499999986,-69.0333055555544
ADP.2019-09-04T13_34_25.957.fits,t09,2003-12-03T03:03:21.958,52976.12733748,GIRAFFE,ESO-VLT-U2,ADP.2019-09-04T13:34:25.957.fits,072.C-0348(A),SCIENCE_RBNSPEC_IDP,,,,84.4413749999986,-69.0555277777766
ADP.2019-09-04T13_34_25.959.fits,t49,2003-12-03T02:30:32.164,52976.10453894,GIRAFFE,ESO-VLT-U2,ADP.2019-09-04T13:34:25.959.fits,072.C-0348(A),SCIENCE_RBNSPEC_IDP,,,,84.6594166666653,-69.0777499999988
ADP.2019-09-04T13_34_25.961.fits,u10,2003-12-03T04:37:30.720,52976.19271667,GIRAFFE,ESO-VLT-U2,ADP.2019-09-04T13:34:25.961.fits,072.C-0348(A),SCIENCE_RBNSPEC_IDP,,,,84.7839999999986,-69.0666388888877
ADP.2019-09-04T13_34_25.963.fits,u05,2003-12-03T02:19:40.767,52976.09699962,GIRAFFE,ESO-VLT-U2,ADP.2019-09-04T13:34:25.963.fits,072.C-0348(A),SCIENCE_RBNSPEC_IDP,,,,84.7528333333319,-69.099972222221
ADP.2019-09-04T13_34_25.965.fits,t49,2003-12-03T04:37:30.720,52976.19271667,GIRAFFE,ESO-VLT-U2,ADP.2019-09-04T13:34:25.965.fits,072.C-0348(A),SCIENCE_RBNSPEC_IDP,,,,84.6594166666653,-69.0333055555544
ADP.2019-09-04T13_34_25.967.fits,u14,2003-12-03T03:14:13.205,52976.13487507,GIRAFFE,ESO-VLT-U2,ADP.2019-09-04T13:34:25.967.fits,072.C-0348(A),SCIENCE_RBNSPEC_IDP,,,,84.7839999999986,-69.1110833333322
ADP.2019-09-04T13_34_25.969.fits,t33,2003-12-03T03:14:13.205,52976.13487507,GIRAFFE,ESO-VLT-U2,ADP.2019-09-04T13:34:25.969.fits,072.C-0348(A),SCIENCE_RBNSPEC_IDP,,,,84.5659583333319,-69.0555277777766
ADP.2019-09-04T13_34_25.971.fits,t37,2003-12-03T03:03:21.958,52976.12733748,GIRAFFE,ESO-VLT-U2,ADP.2019-09-04T13:34:25.971.fits,072.C-0348(A),SCIENCE_RBNSPEC_IDP,,,,84.5971249999985,-69.1444166666655
ADP.2019-09-04T13_34_25.973.fits,u39,2003-12-03T02:30:32.164,52976.10453894,GIRAFFE,ESO-VLT-U2,ADP.2019-09-04T13:34:25.973.fits,072.C-0348(A),SCIENCE_RBNSPEC_IDP,,,,84.9085833333319,-69.099972222221
ADP.2019-09-04T13_34_25.975.fits,u29,2003-12-03T04:26:30.672,52976.18507722,GIRAFFE,ESO-VLT-U2,ADP.2019-09-04T13:34:25.975.fits,072.C-0348(A),SCIENCE_RBNSPEC_IDP,,,,84.8774583333319,-69.1555277777766
ADP.2019-09-04T13_34_25.977.fits,t60,2003-12-03T02:52:22.540,52976.11970533,GIRAFFE,ESO-VLT-U2,ADP.2019-09-04T13:34:25.977.fits,072.C-0348(A),SCIENCE_RBNSPEC_IDP,,,,84.6905416666652,-69.0444166666655
ADP.2019-09-04T13_34_25.979.fits,t27,2003-12-03T03:14:13.205,52976.13487507,GIRAFFE,ESO-VLT-U2,ADP.2019-09-04T13:34:25.979.fits,072.C-0348(A),SCIENCE_RBNSPEC_IDP,,,,84.5659583333319,-69.1444166666655
ADP.2019-09-04T13_34_25.981.fits,u37,2003-12-03T02:41:30.802,52976.11216207,GIRAFFE,ESO-VLT-U2,ADP.2019-09-04T13:34:25.981.fits,072.C-0348(A),SCIENCE_RBNSPEC_IDP,,,,84.9085833333319,-69.1221944444433
ADP.2019-09-04T13_34_25.983.fits,u24,2003-12-03T02:30:32.164,52976.10453894,GIRAFFE,ESO-VLT-U2,ADP.2019-09-04T13:34:25.983.fits,072.C-0348(A),SCIENCE_RBNSPEC_IDP,,,,84.8151249999986,-69.1110833333322
ADP.2019-09-04T13_34_25.985.fits,t19,2003-12-03T02:52:22.540,52976.11970533,GIRAFFE,ESO-VLT-U2,ADP.2019-09-04T13:34:25.985.fits,072.C-0348(A),SCIENCE_RBNSPEC_IDP,,,,84.5348333333319,-69.099972222221
ADP.2019-09-04T13_34_25.987.fits,u13,2003-12-03T04:48:28.838,52976.20033378,GIRAFFE,ESO-VLT-U2,ADP.2019-09-04T13:34:25.987.fits,072.C-0348(A),SCIENCE_RBNSPEC_IDP,,,,84.8151249999986,-69.0777499999988
ADP.2019-09-04T13_34_25.989.fits,t55,2003-12-03T04:26:30.672,52976.18507722,GIRAFFE,ESO-VLT-U2,ADP.2019-09-04T13:34:25.989.fits,072.C-0348(A),SCIENCE_RBNSPEC_IDP,,,,84.7217083333319,-69.1666388888877
ADP.2019-09-04T13_34_25.991.fits,t02,2003-12-03T04:48:28.838,52976.20033378,GIRAFFE,ESO-VLT-U2,ADP.2019-09-04T13:34:25.991.fits,072.C-0348(A),SCIENCE_RBNSPEC_IDP,,,,84.4413749999986,-69.1555277777766
ADP.2019-09-04T13_34_25.993.fits,t04,2003-12-03T02:52:22.540,52976.11970533,GIRAFFE,ESO-VLT-U2,ADP.2019-09-04T13:34:25.993.fits,072.C-0348(A),SCIENCE_RBNSPEC_IDP,,,,84.4413749999986,-69.1110833333322
ADP.2019-09-04T13_34_25.995.fits,u04,2003-12-03T03:14:13.205,52976.13487507,GIRAFFE,ESO-VLT-U2,ADP.2019-09-04T13:34:25.995.fits,072.C-0348(A),SCIENCE_RBNSPEC_IDP,,,,84.7217083333319,-69.0444166666655
ADP.2019-09-04T13_34_25.997.fits,u03,2003-12-03T03:14:13.205,52976.13487507,GIRAFFE,ESO-VLT-U2,ADP.2019-09-04T13:34:25.997.fits,072.C-0348(A),SCIENCE_RBNSPEC_IDP,,,,84.7217083333319,-69.0555277777766
ADP.2019-09-04T13_34_25.999.fits,t35,2003-12-03T04:48:28.838,52976.20033378,GIRAFFE,ESO-VLT-U2,ADP.2019-09-04T13:34:25.999.fits,072.C-0348(A),SCIENCE_RBNSPEC_IDP,,,,84.5971249999985,-69.0444166666655
ADP.2019-09-04T13_34_26.001.fits,t04,2003-12-03T04:48:28.838,52976.20033378,GIRAFFE,ESO-VLT-U2,ADP.2019-09-04T13:34:26.001.fits,072.C-0348(A),SCIENCE_RBNSPEC_IDP,,,,84.4725416666653,-69.1555277777766
ADP.2019-09-04T13_34_26.003.fits,u21,2003-12-03T04:37:30.720,52976.19271667,GIRAFFE,ESO-VLT-U2,ADP.2019-09-04T13:34:26.003.fits,072.C-0348(A),SCIENCE_RBNSPEC_IDP,,,,84.8462916666652,-69.1110833333322
ADP.2019-09-04T13_34_26.005.fits,u39,2003-12-03T04:48:28.838,52976.20033378,GIRAFFE,ESO-VLT-U2,ADP.2019-09-04T13:34:26.005.fits,072.C-0348(A),SCIENCE_RBNSPEC_IDP,,,,84.9085833333319,-69.0333055555544
ADP.2019-09-04T13_34_26.007.fits,t50,2003-12-03T03:03:21.958,52976.12733748,GIRAFFE,ESO-VLT-U2,ADP.2019-09-04T13:34:26.007.fits,072.C-0348(A),SCIENCE_RBNSPEC_IDP,,,,84.6594166666653,-69.0666388888877
ADP.2019-09-04T13_34_26.009.fits,t17,2003-12-03T03:14:13.205,52976.13487507,GIRAFFE,ESO-VLT-U2,ADP.2019-09-04T13:34:26.009.fits,072.C-0348(A),SCIENCE_RBNSPEC_IDP,,,,84.5348333333319,-69.1444166666655
ADP.2019-09-04T13_34_26.011.fits,u37,2003-12-03T02:19:40.767,52976.09699962,GIRAFFE,ESO-VLT-U2,ADP.2019-09-04T13:34:26.011.fits,072.C-0348(A),SCIENCE_RBNSPEC_IDP,,,,84.9085833333319,-69.1221944444433
ADP.2019-09-04T13_34_26.013.fits,t57,2003-12-03T03:03:21.958,52976.12733748,GIRAFFE,ESO-VLT-U2,ADP.2019-09-04T13:34:26.013.fits,072.C-0348(A),SCIENCE_RBNSPEC_IDP,,,,84.6905416666652,-69.0777499999988
ADP.2019-09-04T13_34_26.015.fits,u03,2003-12-03T02:19:40.767,52976.09699962,GIRAFFE,ESO-VLT-U2,ADP.2019-09-04T13:34:26.015.fits,072.C-0348(A),SCIENCE_RBNSPEC_IDP,,,,84.7217083333319,-69.0555277777766
ADP.2019-09-04T13_34_26.017.fits,u38,2003-12-03T04:37:30.720,52976.19271667,GIRAFFE,ESO-VLT-U2,ADP.2019-09-04T13:34:26.017.fits,072.C-0348(A),SCIENCE_RBNSPEC_IDP,,,,84.8774583333319,-69.0221944444433
ADP.2019-09-04T13_34_26.019.fits,t41,2003-12-03T04:26:30.672,52976.18507722,GIRAFFE,ESO-VLT-U2,ADP.2019-09-04T13:34:26.019.fits,072.C-0348(A),SCIENCE_RBNSPEC_IDP,,,,84.6282499999986,-69.1110833333322
ADP.2019-09-04T13_34_26.021.fits,t20,2003-12-03T02:19:40.767,52976.09699962,GIRAFFE,ESO-VLT-U2,ADP.2019-09-04T13:34:26.021.fits,072.C-0348(A),SCIENCE_RBNSPEC_IDP,,,,84.5348333333319,-69.0888611111099
ADP.2019-09-04T13_34_26.023.fits,t20,2003-12-03T02:52:22.540,52976.11970533,GIRAFFE,ESO-VLT-U2,ADP.2019-09-04T13:34:26.023.fits,072.C-0348(A),SCIENCE_RBNSPEC_IDP,,,,84.5348333333319,-69.0888611111099
ADP.2019-09-04T13_34_26.025.fits,t16,2003-12-03T04:26:30.672,52976.18507722,GIRAFFE,ESO-VLT-U2,ADP.2019-09-04T13:34:26.025.fits,072.C-0348(A),SCIENCE_RBNSPEC_IDP,,,,84.5036666666652,-69.1221944444433
ADP.2019-09-04T13_34_26.027.fits,t40,2003-12-03T02:30:32.164,52976.10453894,GIRAFFE,ESO-VLT-U2,ADP.2019-09-04T13:34:26.027.fits,072.C-0348(A),SCIENCE_RBNSPEC_IDP,,,,84.5971249999985,-69.0888611111099
ADP.2019-09-04T13_34_26.029.fits,t01,2003-12-03T02:41:30.802,52976.11216207,GIRAFFE,ESO-VLT-U2,ADP.2019-09-04T13:34:26.029.fits,072.C-0348(A),SCIENCE_RBNSPEC_IDP,,,,84.4413749999986,-69.1444166666655
ADP.2019-09-04T13_34_26.031.fits,u21,2003-12-03T03:03:21.958,52976.12733748,GIRAFFE,ESO-VLT-U2,ADP.2019-09-04T13:34:26.031.fits,072.C-0348(A),SCIENCE_RBNSPEC_IDP,,,,84.8151249999986,-69.1444166666655
ADP.2019-09-04T13_34_26.033.fits,u14,2003-12-03T02:52:22.540,52976.11970533,GIRAFFE,ESO-VLT-U2,ADP.2019-09-04T13:34:26.033.fits,072.C-0348(A),SCIENCE_RBNSPEC_IDP,,,,84.7839999999986,-69.1110833333322
ADP.2019-09-04T13_34_26.035.fits,u30,2003-12-03T02:19:40.767,52976.09699962,GIRAFFE,ESO-VLT-U2,ADP.2019-09-04T13:34:26.035.fits,072.C-0348(A),SCIENCE_RBNSPEC_IDP,,,,84.8462916666652,-69.0444166666655
ADP.2019-09-04T13_34_26.037.fits,t21,2003-12-03T04:37:30.720,52976.19271667,GIRAFFE,ESO-VLT-U2,ADP.2019-09-04T13:34:26.037.fits,072.C-0348(A),SCIENCE_RBNSPEC_IDP,,,,84.5036666666652,-69.0555277777766
ADP.2019-09-04T13_34_26.039.fits,t36,2003-12-03T02:30:32.164,52976.10453894,GIRAFFE,ESO-VLT-U2,ADP.2019-09-04T13:34:26.039.fits,072.C-0348(A),SCIENCE_RBNSPEC_IDP,,,,84.5659583333319,-69.0221944444433
ADP.2019-09-04T13_34_26.041.fits,u07,2003-12-03T02:19:40.767,52976.09699962,GIRAFFE,ESO-VLT-U2,ADP.2019-09-04T13:34:26.041.fits,072.C-0348(A),SCIENCE_RBNSPEC_IDP,,,,84.7528333333319,-69.0555277777766
ADP.2019-09-04T13_34_26.043.fits,t03,2003-12-03T04:37:30.720,52976.19271667,GIRAFFE,ESO-VLT-U2,ADP.2019-09-04T13:34:26.043.fits,072.C-0348(A),SCIENCE_RBNSPEC_IDP,,,,84.4725416666653,-69.1666388888877
ADP.2019-09-04T13_34_26.045.fits,t34,2003-12-03T02:30:32.164,52976.10453894,GIRAFFE,ESO-VLT-U2,ADP.2019-09-04T13:34:26.045.fits,072.C-0348(A),SCIENCE_RBNSPEC_IDP,,,,84.5659583333319,-69.0444166666655
ADP.2019-09-04T13_34_26.047.fits,u33,2003-12-03T04:48:28.838,52976.20033378,GIRAFFE,ESO-VLT-U2,ADP.2019-09-04T13:34:26.047.fits,072.C-0348(A),SCIENCE_RBNSPEC_IDP,,,,84.8774583333319,-69.099972222221
ADP.2019-09-04T13_34_26.049.fits,t22,2003-12-03T02:52:22.540,52976.11970533,GIRAFFE,ESO-VLT-U2,ADP.2019-09-04T13:34:26.049.fits,072.C-0348(A),SCIENCE_RBNSPEC_IDP,,,,84.5348333333319,-69.0666388888877
ADP.2019-09-04T13_34_26.051.fits,t56,2003-12-03T04:48:28.838,52976.20033378,GIRAFFE,ESO-VLT-U2,ADP.2019-09-04T13:34:26.051.fits,072.C-0348(A),SCIENCE_RBNSPEC_IDP,,,,84.7217083333319,-69.1555277777766
ADP.2019-09-04T13_34_26.053.fits,u11,2003-12-03T03:03:21.958,52976.12733748,GIRAFFE,ESO-VLT-U2,ADP.2019-09-04T13:34:26.053.fits,072.C-0348(A),SCIENCE_RBNSPEC_IDP,,,,84.7839999999986,-69.1444166666655
ADP.2019-09-04T13_34_26.055.fits,t53,2003-12-03T03:03:21.958,52976.12733748,GIRAFFE,ESO-VLT-U2,ADP.2019-09-04T13:34:26.055.fits,072.C-0348(A),SCIENCE_RBNSPEC_IDP,,,,84.6905416666652,-69.1444166666655
ADP.2019-09-04T13_34_26.057.fits,t40,2003-12-03T03:03:21.958,52976.12733748,GIRAFFE,ESO-VLT-U2,ADP.2019-09-04T13:34:26.057.fits,072.C-0348(A),SCIENCE_RBNSPEC_IDP,,,,84.5971249999985,-69.0888611111099
ADP.2019-09-04T13_34_26.059.fits,u20,2003-12-03T03:14:13.205,52976.13487507,GIRAFFE,ESO-VLT-U2,ADP.2019-09-04T13:34:26.059.fits,072.C-0348(A),SCIENCE_RBNSPEC_IDP,,,,84.8151249999986,-69.1555277777766
ADP.2019-09-04T13_34_26.061.fits,u26,2003-12-03T02:52:22.540,52976.11970533,GIRAFFE,ESO-VLT-U2,ADP.2019-09-04T13:34:26.061.fits,072.C-0348(A),SCIENCE_RBNSPEC_IDP,,,,84.8151249999986,-69.0888611111099
ADP.2019-09-04T13_34_26.063.fits,u34,2003-12-03T02:30:32.164,52976.10453894,GIRAFFE,ESO-VLT-U2,ADP.2019-09-04T13:34:26.063.fits,072.C-0348(A),SCIENCE_RBNSPEC_IDP,,,,84.9085833333319,-69.1555277777766
ADP.2019-09-04T13_34_26.065.fits,t34,2003-12-03T04:48:28.838,52976.20033378,GIRAFFE,ESO-VLT-U2,ADP.2019-09-04T13:34:26.065.fits,072.C-0348(A),SCIENCE_RBNSPEC_IDP,,,,84.5971249999985,-69.0555277777766
ADP.2019-09-04T13_34_26.067.fits,t38,2003-12-03T03:03:21.958,52976.12733748,GIRAFFE,ESO-VLT-U2,ADP.2019-09-04T13:34:26.067.fits,072.C-0348(A),SCIENCE_RBNSPEC_IDP,,,,84.5971249999985,-69.1333055555544
ADP.2019-09-04T13_34_26.069.fits,t15,2003-12-03T04:26:30.672,52976.18507722,GIRAFFE,ESO-VLT-U2,ADP.2019-09-04T13:34:26.069.fits,072.C-0348(A),SCIENCE_RBNSPEC_IDP,,,,84.5036666666652,-69.1555277777766
ADP.2019-09-04T13_34_26.071.fits,u18,2003-12-03T04:37:30.720,52976.19271667,GIRAFFE,ESO-VLT-U2,ADP.2019-09-04T13:34:26.071.fits,072.C-0348(A),SCIENCE_RBNSPEC_IDP,,,,84.8462916666652,-69.1555277777766
ADP.2019-09-04T13_34_26.073.fits,t33,2003-12-03T02:52:22.540,52976.11970533,GIRAFFE,ESO-VLT-U2,ADP.2019-09-04T13:34:26.073.fits,072.C-0348(A),SCIENCE_RBNSPEC_IDP,,,,84.5659583333319,-69.0555277777766
ADP.2019-09-04T13_34_26.075.fits,t23,2003-12-03T03:14:13.205,52976.13487507,GIRAFFE,ESO-VLT-U2,ADP.2019-09-04T13:34:26.075.fits,072.C-0348(A),SCIENCE_RBNSPEC_IDP,,,,84.5348333333319,-69.0555277777766
ADP.2019-09-04T13_34_26.077.fits,t02,2003-12-03T03:14:13.205,52976.13487507,GIRAFFE,ESO-VLT-U2,ADP.2019-09-04T13:34:26.077.fits,072.C-0348(A),SCIENCE_RBNSPEC_IDP,,,,84.4413749999986,-69.1333055555544
ADP.2019-09-04T13_34_26.079.fits,t14,2003-12-03T03:03:21.958,52976.12733748,GIRAFFE,ESO-VLT-U2,ADP.2019-09-04T13:34:26.079.fits,072.C-0348(A),SCIENCE_RBNSPEC_IDP,,,,84.4725416666653,-69.1333055555544
ADP.2019-09-04T13_34_26.081.fits,t40,2003-12-03T02:41:30.802,52976.11216207,GIRAFFE,ESO-VLT-U2,ADP.2019-09-04T13:34:26.081.fits,072.C-0348(A),SCIENCE_RBNSPEC_IDP,,,,84.5971249999985,-69.0888611111099
ADP.2019-09-04T13_34_26.083.fits,t32,2003-12-03T03:14:13.205,52976.13487507,GIRAFFE,ESO-VLT-U2,ADP.2019-09-04T13:34:26.083.fits,072.C-0348(A),SCIENCE_RBNSPEC_IDP,,,,84.5659583333319,-69.0666388888877
ADP.2019-09-04T13_34_26.085.fits,t11,2003-12-03T02:19:40.767,52976.09699962,GIRAFFE,ESO-VLT-U2,ADP.2019-09-04T13:34:26.085.fits,072.C-0348(A),SCIENCE_RBNSPEC_IDP,,,,84.4413749999986,-69.0333055555544
ADP.2019-09-04T13_34_26.087.fits,t60,2003-12-03T04:26:30.672,52976.18507722,GIRAFFE,ESO-VLT-U2,ADP.2019-09-04T13:34:26.087.fits,072.C-0348(A),SCIENCE_RBNSPEC_IDP,,,,84.7217083333319,-69.0777499999988
ADP.2019-09-04T13_34_26.089.fits,u02,2003-12-03T03:03:21.958,52976.12733748,GIRAFFE,ESO-VLT-U2,ADP.2019-09-04T13:34:26.089.fits,072.C-0348(A),SCIENCE_RBNSPEC_IDP,,,,84.7217083333319,-69.0888611111099
ADP.2019-09-04T13_34_26.091.fits,u24,2003-12-03T04:48:28.838,52976.20033378,GIRAFFE,ESO-VLT-U2,ADP.2019-09-04T13:34:26.091.fits,072.C-0348(A),SCIENCE_RBNSPEC_IDP,,,,84.8462916666652,-69.0777499999988
ADP.2019-09-04T13_34_26.093.fits,t57,2003-12-03T02:30:32.164,52976.10453894,GIRAFFE,ESO-VLT-U2,ADP.2019-09-04T13:34:26.093.fits,072.C-0348(A),SCIENCE_RBNSPEC_IDP,,,,84.6905416666652,-69.0777499999988
ADP.2019-09-04T13_34_26.095.fits,t56,2003-12-03T02:41:30.802,52976.11216207,GIRAFFE,ESO-VLT-U2,ADP.2019-09-04T13:34:26.095.fits,072.C-0348(A),SCIENCE_RBNSPEC_IDP,,,,84.6905416666652,-69.1110833333322
ADP.2019-09-04T13_34_26.097.fits,t05,2003-12-03T04:26:30.672,52976.18507722,GIRAFFE,ESO-VLT-U2,ADP.2019-09-04T13:34:26.097.fits,072.C-0348(A),SCIENCE_RBNSPEC_IDP,,,,84.4725416666653,-69.1221944444433
ADP.2019-09-04T13_34_26.099.fits,u05,2003-12-03T02:41:30.802,52976.11216207,GIRAFFE,ESO-VLT-U2,ADP.2019-09-04T13:34:26.099.fits,072.C-0348(A),SCIENCE_RBNSPEC_IDP,,,,84.7528333333319,-69.099972222221
ADP.2019-09-04T13_34_26.101.fits,t44,2003-12-03T04:48:28.838,52976.20033378,GIRAFFE,ESO-VLT-U2,ADP.2019-09-04T13:34:26.101.fits,072.C-0348(A),SCIENCE_RBNSPEC_IDP,,,,84.6282499999986,-69.0444166666655
ADP.2019-09-04T13_34_26.103.fits,u38,2003-12-03T04:26:30.672,52976.18507722,GIRAFFE,ESO-VLT-U2,ADP.2019-09-04T13:34:26.103.fits,072.C-0348(A),SCIENCE_RBNSPEC_IDP,,,,84.8774583333319,-69.0221944444433
ADP.2019-09-04T13_34_26.105.fits,t40,2003-12-03T04:37:30.720,52976.19271667,GIRAFFE,ESO-VLT-U2,ADP.2019-09-04T13:34:26.105.fits,072.C-0348(A),SCIENCE_RBNSPEC_IDP,,,,84.6282499999986,-69.1221944444433
ADP.2019-09-04T13_34_26.107.fits,t54,2003-12-03T02:52:22.540,52976.11970533,GIRAFFE,ESO-VLT-U2,ADP.2019-09-04T13:34:26.107.fits,072.C-0348(A),SCIENCE_RBNSPEC_IDP,,,,84.6905416666652,-69.1333055555544
ADP.2019-09-04T13_34_26.109.fits,u14,2003-12-03T02:30:32.164,52976.10453894,GIRAFFE,ESO-VLT-U2,ADP.2019-09-04T13:34:26.109.fits,072.C-0348(A),SCIENCE_RBNSPEC_IDP,,,,84.7839999999986,-69.1110833333322
ADP.2019-09-04T13_34_26.111.fits,u21,2003-12-03T02:30:32.164,52976.10453894,GIRAFFE,ESO-VLT-U2,ADP.2019-09-04T13:34:26.111.fits,072.C-0348(A),SCIENCE_RBNSPEC_IDP,,,,84.8151249999986,-69.1444166666655
ADP.2019-09-04T13_34_26.113.fits,u36,2003-12-03T04:48:28.838,52976.20033378,GIRAFFE,ESO-VLT-U2,ADP.2019-09-04T13:34:26.113.fits,072.C-0348(A),SCIENCE_RBNSPEC_IDP,,,,84.8774583333319,-69.0666388888877
ADP.2019-09-04T13_34_26.115.fits,t44,2003-12-03T04:37:30.720,52976.19271667,GIRAFFE,ESO-VLT-U2,ADP.2019-09-04T13:34:26.115.fits,072.C-0348(A),SCIENCE_RBNSPEC_IDP,,,,84.6282499999986,-69.0444166666655
ADP.2019-09-04T13_34_26.117.fits,u05,2003-12-03T02:52:22.540,52976.11970533,GIRAFFE,ESO-VLT-U2,ADP.2019-09-04T13:34:26.117.fits,072.C-0348(A),SCIENCE_RBNSPEC_IDP,,,,84.7528333333319,-69.099972222221
ADP.2019-09-04T13_34_26.119.fits,u17,2003-12-03T02:19:40.767,52976.09699962,GIRAFFE,ESO-VLT-U2,ADP.2019-09-04T13:34:26.119.fits,072.C-0348(A),SCIENCE_RBNSPEC_IDP,,,,84.7839999999986,-69.0555277777766
ADP.2019-09-04T13_34_26.121.fits,t14,2003-12-03T02:52:22.540,52976.11970533,GIRAFFE,ESO-VLT-U2,ADP.2019-09-04T13:34:26.121.fits,072.C-0348(A),SCIENCE_RBNSPEC_IDP,,,,84.4725416666653,-69.1333055555544
ADP.2019-09-04T13_34_26.123.fits,t14,2003-12-03T02:41:30.802,52976.11216207,GIRAFFE,ESO-VLT-U2,ADP.2019-09-04T13:34:26.123.fits,072.C-0348(A),SCIENCE_RBNSPEC_IDP,,,,84.4725416666653,-69.1333055555544
ADP.2019-09-04T13_34_26.125.fits,t13,2003-12-03T04:26:30.672,52976.18507722,GIRAFFE,ESO-VLT-U2,ADP.2019-09-04T13:34:26.125.fits,072.C-0348(A),SCIENCE_RBNSPEC_IDP,,,,84.4725416666653,-69.0221944444433
ADP.2019-09-04T13_34_26.127.fits,t39,2003-12-03T02:19:40.767,52976.09699962,GIRAFFE,ESO-VLT-U2,ADP.2019-09-04T13:34:26.127.fits,072.C-0348(A),SCIENCE_RBNSPEC_IDP,,,,84.5971249999985,-69.099972222221
ADP.2019-09-04T13_34_26.129.fits,u36,2003-12-03T04:26:30.672,52976.18507722,GIRAFFE,ESO-VLT-U2,ADP.2019-09-04T13:34:26.129.fits,072.C-0348(A),SCIENCE_RBNSPEC_IDP,,,,84.8774583333319,-69.0666388888877
ADP.2019-09-04T13_34_26.131.fits,u02,2003-12-03T02:30:32.164,52976.10453894,GIRAFFE,ESO-VLT-U2,ADP.2019-09-04T13:34:26.131.fits,072.C-0348(A),SCIENCE_RBNSPEC_IDP,,,,84.7217083333319,-69.0888611111099
ADP.2019-09-04T13_34_26.133.fits,u23,2003-12-03T04:26:30.672,52976.18507722,GIRAFFE,ESO-VLT-U2,ADP.2019-09-04T13:34:26.133.fits,072.C-0348(A),SCIENCE_RBNSPEC_IDP,,,,84.8462916666652,-69.0888611111099
ADP.2019-09-04T13_34_26.135.fits,u37,2003-12-03T04:48:28.838,52976.20033378,GIRAFFE,ESO-VLT-U2,ADP.2019-09-04T13:34:26.135.fits,072.C-0348(A),SCIENCE_RBNSPEC_IDP,,,,84.8774583333319,-69.0333055555544
ADP.2019-09-04T13_34_26.137.fits,t20,2003-12-03T02:41:30.802,52976.11216207,GIRAFFE,ESO-VLT-U2,ADP.2019-09-04T13:34:26.137.fits,072.C-0348(A),SCIENCE_RBNSPEC_IDP,,,,84.5348333333319,-69.0888611111099
ADP.2019-09-04T13_34_26.139.fits,t14,2003-12-03T02:19:40.767,52976.09699962,GIRAFFE,ESO-VLT-U2,ADP.2019-09-04T13:34:26.139.fits,072.C-0348(A),SCIENCE_RBNSPEC_IDP,,,,84.4725416666653,-69.1333055555544
ADP.2019-09-04T13_34_26.141.fits,u14,2003-12-03T04:37:30.720,52976.19271667,GIRAFFE,ESO-VLT-U2,ADP.2019-09-04T13:34:26.141.fits,072.C-0348(A),SCIENCE_RBNSPEC_IDP,,,,84.8151249999986,-69.0666388888877
ADP.2019-09-04T13_34_26.143.fits,t51,2003-12-03T03:14:13.205,52976.13487507,GIRAFFE,ESO-VLT-U2,ADP.2019-09-04T13:34:26.143.fits,072.C-0348(A),SCIENCE_RBNSPEC_IDP,,,,84.6594166666653,-69.0555277777766
ADP.2019-09-04T13_34_26.145.fits,t12,2003-12-03T03:03:21.958,52976.12733748,GIRAFFE,ESO-VLT-U2,ADP.2019-09-04T13:34:26.145.fits,072.C-0348(A),SCIENCE_RBNSPEC_IDP,,,,84.4413749999986,-69.0221944444433
ADP.2019-09-04T13_34_26.147.fits,t38,2003-12-03T02:52:22.540,52976.11970533,GIRAFFE,ESO-VLT-U2,ADP.2019-09-04T13:34:26.147.fits,072.C-0348(A),SCIENCE_RBNSPEC_IDP,,,,84.5971249999985,-69.1333055555544
ADP.2019-09-04T13_34_26.149.fits,t25,2003-12-03T03:14:13.205,52976.13487507,GIRAFFE,ESO-VLT-U2,ADP.2019-09-04T13:34:26.149.fits,072.C-0348(A),SCIENCE_RBNSPEC_IDP,,,,84.5348333333319,-69.0333055555544
ADP.2019-09-04T13_34_26.151.fits,t60,2003-12-03T04:37:30.720,52976.19271667,GIRAFFE,ESO-VLT-U2,ADP.2019-09-04T13:34:26.151.fits,072.C-0348(A),SCIENCE_RBNSPEC_IDP,,,,84.7217083333319,-69.0777499999988
ADP.2019-09-04T13_34_26.153.fits,t06,2003-12-03T04:37:30.720,52976.19271667,GIRAFFE,ESO-VLT-U2,ADP.2019-09-04T13:34:26.153.fits,072.C-0348(A),SCIENCE_RBNSPEC_IDP,,,,84.4725416666653,-69.1110833333322
ADP.2019-09-04T13_34_26.155.fits,u39,2003-12-03T02:41:30.802,52976.11216207,GIRAFFE,ESO-VLT-U2,ADP.2019-09-04T13:34:26.155.fits,072.C-0348(A),SCIENCE_RBNSPEC_IDP,,,,84.9085833333319,-69.099972222221
ADP.2019-09-04T13_34_26.157.fits,t43,2003-12-03T03:03:21.958,52976.12733748,GIRAFFE,ESO-VLT-U2,ADP.2019-09-04T13:34:26.157.fits,072.C-0348(A),SCIENCE_RBNSPEC_IDP,,,,84.6282499999986,-69.099972222221
ADP.2019-09-04T13_34_26.159.fits,u42,2003-12-03T02:52:22.540,52976.11970533,GIRAFFE,ESO-VLT-U2,ADP.2019-09-04T13:34:26.159.fits,072.C-0348(A),SCIENCE_RBNSPEC_IDP,,,,84.9085833333319,-69.0666388888877
ADP.2019-09-04T13_34_26.161.fits,t17,2003-12-03T02:52:22.540,52976.11970533,GIRAFFE,ESO-VLT-U2,ADP.2019-09-04T13:34:26.161.fits,072.C-0348(A),SCIENCE_RBNSPEC_IDP,,,,84.5348333333319,-69.1444166666655
ADP.2019-09-04T13_34_26.163.fits,u07,2003-12-03T03:14:13.205,52976.13487507,GIRAFFE,ESO-VLT-U2,ADP.2019-09-04T13:34:26.163.fits,072.C-0348(A),SCIENCE_RBNSPEC_IDP,,,,84.7528333333319,-69.0555277777766
ADP.2019-09-04T13_34_26.165.fits,u41,2003-12-03T03:14:13.205,52976.13487507,GIRAFFE,ESO-VLT-U2,ADP.2019-09-04T13:34:26.165.fits,072.C-0348(A),SCIENCE_RBNSPEC_IDP,,,,84.9085833333319,-69.0777499999988
ADP.2019-09-04T13_34_26.167.fits,u20,2003-12-03T02:30:32.164,52976.10453894,GIRAFFE,ESO-VLT-U2,ADP.2019-09-04T13:34:26.167.fits,072.C-0348(A),SCIENCE_RBNSPEC_IDP,,,,84.8151249999986,-69.1555277777766
ADP.2019-09-04T13_34_26.169.fits,u28,2003-12-03T04:48:28.838,52976.20033378,GIRAFFE,ESO-VLT-U2,ADP.2019-09-04T13:34:26.169.fits,072.C-0348(A),SCIENCE_RBNSPEC_IDP,,,,84.8774583333319,-69.1666388888877
ADP.2019-09-04T13_34_26.171.fits,u08,2003-12-03T04:26:30.672,52976.18507722,GIRAFFE,ESO-VLT-U2,ADP.2019-09-04T13:34:26.171.fits,072.C-0348(A),SCIENCE_RBNSPEC_IDP,,,,84.7528333333319,-69.1110833333322
ADP.2019-09-04T13_34_26.173.fits,u33,2003-12-03T02:52:22.540,52976.11970533,GIRAFFE,ESO-VLT-U2,ADP.2019-09-04T13:34:26.173.fits,072.C-0348(A),SCIENCE_RBNSPEC_IDP,,,,84.9085833333319,-69.1666388888877
ADP.2019-09-04T13_34_26.175.fits,t38,2003-12-03T04:48:28.838,52976.20033378,GIRAFFE,ESO-VLT-U2,ADP.2019-09-04T13:34:26.175.fits,072.C-0348(A),SCIENCE_RBNSPEC_IDP,,,,84.6282499999986,-69.1666388888877
ADP.2019-09-04T13_34_26.177.fits,u30,2003-12-03T02:30:32.164,52976.10453894,GIRAFFE,ESO-VLT-U2,ADP.2019-09-04T13:34:26.177.fits,072.C-0348(A),SCIENCE_RBNSPEC_IDP,,,,84.8462916666652,-69.0444166666655
ADP.2019-09-04T13_34_26.179.fits,t03,2003-12-03T02:19:40.767,52976.09699962,GIRAFFE,ESO-VLT-U2,ADP.2019-09-04T13:34:26.179.fits,072.C-0348(A),SCIENCE_RBNSPEC_IDP,,,,84.4413749999986,-69.1221944444433
ADP.2019-09-04T13_34_26.181.fits,t16,2003-12-03T03:03:21.958,52976.12733748,GIRAFFE,ESO-VLT-U2,ADP.2019-09-04T13:34:26.181.fits,072.C-0348(A),SCIENCE_RBNSPEC_IDP,,,,84.5036666666652,-69.1333055555544
ADP.2019-09-04T13_34_26.183.fits,t41,2003-12-03T04:37:30.720,52976.19271667,GIRAFFE,ESO-VLT-U2,ADP.2019-09-04T13:34:26.183.fits,072.C-0348(A),SCIENCE_RBNSPEC_IDP,,,,84.6282499999986,-69.1110833333322
ADP.2019-09-04T13_34_26.185.fits,t50,2003-12-03T04:48:28.838,52976.20033378,GIRAFFE,ESO-VLT-U2,ADP.2019-09-04T13:34:26.185.fits,072.C-0348(A),SCIENCE_RBNSPEC_IDP,,,,84.6594166666653,-69.0221944444433
ADP.2019-09-04T13_34_26.187.fits,t11,2003-12-03T03:14:13.205,52976.13487507,GIRAFFE,ESO-VLT-U2,ADP.2019-09-04T13:34:26.187.fits,072.C-0348(A),SCIENCE_RBNSPEC_IDP,,,,84.4413749999986,-69.0333055555544
ADP.2019-09-04T13_34_26.189.fits,u07,2003-12-03T02:30:32.164,52976.10453894,GIRAFFE,ESO-VLT-U2,ADP.2019-09-04T13:34:26.189.fits,072.C-0348(A),SCIENCE_RBNSPEC_IDP,,,,84.7528333333319,-69.0555277777766
ADP.2019-09-04T13_34_26.191.fits,t24,2003-12-03T03:14:13.205,52976.13487507,GIRAFFE,ESO-VLT-U2,ADP.2019-09-04T13:34:26.191.fits,072.C-0348(A),SCIENCE_RBNSPEC_IDP,,,,84.5348333333319,-69.0444166666655
ADP.2019-09-04T13_34_26.193.fits,t33,2003-12-03T02:19:40.767,52976.09699962,GIRAFFE,ESO-VLT-U2,ADP.2019-09-04T13:34:26.193.fits,072.C-0348(A),SCIENCE_RBNSPEC_IDP,,,,84.5659583333319,-69.0555277777766
ADP.2019-09-04T13_34_26.195.fits,t17,2003-12-03T04:48:28.838,52976.20033378,GIRAFFE,ESO-VLT-U2,ADP.2019-09-04T13:34:26.195.fits,072.C-0348(A),SCIENCE_RBNSPEC_IDP,,,,84.5036666666652,-69.1110833333322
ADP.2019-09-04T13_34_26.197.fits,t22,2003-12-03T02:41:30.802,52976.11216207,GIRAFFE,ESO-VLT-U2,ADP.2019-09-04T13:34:26.197.fits,072.C-0348(A),SCIENCE_RBNSPEC_IDP,,,,84.5348333333319,-69.0666388888877
ADP.2019-09-04T13_34_26.199.fits,t52,2003-12-03T02:19:40.767,52976.09699962,GIRAFFE,ESO-VLT-U2,ADP.2019-09-04T13:34:26.199.fits,072.C-0348(A),SCIENCE_RBNSPEC_IDP,,,,84.6594166666653,-69.0444166666655
ADP.2019-09-04T13_34_26.201.fits,u27,2003-12-03T04:48:28.838,52976.20033378,GIRAFFE,ESO-VLT-U2,ADP.2019-09-04T13:34:26.201.fits,072.C-0348(A),SCIENCE_RBNSPEC_IDP,,,,84.8462916666652,-69.0221944444433
ADP.2019-09-04T13_34_26.203.fits,t45,2003-12-03T03:14:13.205,52976.13487507,GIRAFFE,ESO-VLT-U2,ADP.2019-09-04T13:34:26.203.fits,072.C-0348(A),SCIENCE_RBNSPEC_IDP,,,,84.6594166666653,-69.1444166666655
ADP.2019-09-04T13_34_26.205.fits,t47,2003-12-03T04:37:30.720,52976.19271667,GIRAFFE,ESO-VLT-U2,ADP.2019-09-04T13:34:26.205.fits,072.C-0348(A),SCIENCE_RBNSPEC_IDP,,,,84.6594166666653,-69.1666388888877
ADP.2019-09-04T13_34_26.207.fits,u39,2003-12-03T03:03:21.958,52976.12733748,GIRAFFE,ESO-VLT-U2,ADP.2019-09-04T13:34:26.207.fits,072.C-0348(A),SCIENCE_RBNSPEC_IDP,,,,84.9085833333319,-69.099972222221
ADP.2019-09-04T13_34_26.209.fits,u20,2003-12-03T04:26:30.672,52976.18507722,GIRAFFE,ESO-VLT-U2,ADP.2019-09-04T13:34:26.209.fits,072.C-0348(A),SCIENCE_RBNSPEC_IDP,,,,84.8462916666652,-69.1333055555544
ADP.2019-09-04T13_34_26.211.fits,t54,2003-12-03T04:26:30.672,52976.18507722,GIRAFFE,ESO-VLT-U2,ADP.2019-09-04T13:34:26.211.fits,072.C-0348(A),SCIENCE_RBNSPEC_IDP,,,,84.6905416666652,-69.0221944444433
ADP.2019-09-04T13_34_26.213.fits,t30,2003-12-03T04:48:28.838,52976.20033378,GIRAFFE,ESO-VLT-U2,ADP.2019-09-04T13:34:26.213.fits,072.C-0348(A),SCIENCE_RBNSPEC_IDP,,,,84.5659583333319,-69.1555277777766
ADP.2019-09-04T13_34_26.215.fits,t30,2003-12-03T04:26:30.672,52976.18507722,GIRAFFE,ESO-VLT-U2,ADP.2019-09-04T13:34:26.215.fits,072.C-0348(A),SCIENCE_RBNSPEC_IDP,,,,84.5659583333319,-69.1555277777766
ADP.2019-09-04T13_34_26.217.fits,t46,2003-12-03T02:52:22.540,52976.11970533,GIRAFFE,ESO-VLT-U2,ADP.2019-09-04T13:34:26.217.fits,072.C-0348(A),SCIENCE_RBNSPEC_IDP,,,,84.6594166666653,-69.1333055555544
ADP.2019-09-04T13_34_26.219.fits,t26,2003-12-03T03:14:13.205,52976.13487507,GIRAFFE,ESO-VLT-U2,ADP.2019-09-04T13:34:26.219.fits,072.C-0348(A),SCIENCE_RBNSPEC_IDP,,,,84.5348333333319,-69.0221944444433
ADP.2019-09-04T13_34_26.221.fits,u23,2003-12-03T02:30:32.164,52976.10453894,GIRAFFE,ESO-VLT-U2,ADP.2019-09-04T13:34:26.221.fits,072.C-0348(A),SCIENCE_RBNSPEC_IDP,,,,84.8151249999986,-69.1221944444433
ADP.2019-09-04T13_34_26.223.fits,t27,2003-12-03T04:26:30.672,52976.18507722,GIRAFFE,ESO-VLT-U2,ADP.2019-09-04T13:34:26.223.fits,072.C-0348(A),SCIENCE_RBNSPEC_IDP,,,,84.5348333333319,-69.1221944444433
ADP.2019-09-04T13_34_26.225.fits,t02,2003-12-03T02:30:32.164,52976.10453894,GIRAFFE,ESO-VLT-U2,ADP.2019-09-04T13:34:26.225.fits,072.C-0348(A),SCIENCE_RBNSPEC_IDP,,,,84.4413749999986,-69.1333055555544
ADP.2019-09-04T13_34_26.227.fits,t18,2003-12-03T03:14:13.205,52976.13487507,GIRAFFE,ESO-VLT-U2,ADP.2019-09-04T13:34:26.227.fits,072.C-0348(A),SCIENCE_RBNSPEC_IDP,,,,84.5348333333319,-69.1333055555544
ADP.2019-09-04T13_34_26.229.fits,t07,2003-12-03T04:37:30.720,52976.19271667,GIRAFFE,ESO-VLT-U2,ADP.2019-09-04T13:34:26.229.fits,072.C-0348(A),SCIENCE_RBNSPEC_IDP,,,,84.4725416666653,-69.099972222221
ADP.2019-09-04T13_34_26.231.fits,u20,2003-12-03T02:52:22.540,52976.11970533,GIRAFFE,ESO-VLT-U2,ADP.2019-09-04T13:34:26.231.fits,072.C-0348(A),SCIENCE_RBNSPEC_IDP,,,,84.8151249999986,-69.1555277777766
ADP.2019-09-04T13_34_26.233.fits,t04,2003-12-03T02:41:30.802,52976.11216207,GIRAFFE,ESO-VLT-U2,ADP.2019-09-04T13:34:26.233.fits,072.C-0348(A),SCIENCE_RBNSPEC_IDP,,,,84.4413749999986,-69.1110833333322
ADP.2019-09-04T13_34_26.235.fits,t28,2003-12-03T03:14:13.205,52976.13487507,GIRAFFE,ESO-VLT-U2,ADP.2019-09-04T13:34:26.235.fits,072.C-0348(A),SCIENCE_RBNSPEC_IDP,,,,84.5659583333319,-69.1333055555544
ADP.2019-09-04T13_34_26.237.fits,t27,2003-12-03T02:52:22.540,52976.11970533,GIRAFFE,ESO-VLT-U2,ADP.2019-09-04T13:34:26.237.fits,072.C-0348(A),SCIENCE_RBNSPEC_IDP,,,,84.5659583333319,-69.1444166666655
ADP.2019-09-04T13_34_26.239.fits,t56,2003-12-03T03:14:13.205,52976.13487507,GIRAFFE,ESO-VLT-U2,ADP.2019-09-04T13:34:26.239.fits,072.C-0348(A),SCIENCE_RBNSPEC_IDP,,,,84.6905416666652,-69.1110833333322
ADP.2019-09-04T13_34_26.241.fits,t31,2003-12-03T02:30:32.164,52976.10453894,GIRAFFE,ESO-VLT-U2,ADP.2019-09-04T13:34:26.241.fits,072.C-0348(A),SCIENCE_RBNSPEC_IDP,,,,84.5659583333319,-69.0777499999988
ADP.2019-09-04T13_34_26.243.fits,t28,2003-12-03T02:19:40.767,52976.09699962,GIRAFFE,ESO-VLT-U2,ADP.2019-09-04T13:34:26.243.fits,072.C-0348(A),SCIENCE_RBNSPEC_IDP,,,,84.5659583333319,-69.1333055555544
ADP.2019-09-04T13_34_26.245.fits,u15,2003-12-03T03:03:21.958,52976.12733748,GIRAFFE,ESO-VLT-U2,ADP.2019-09-04T13:34:26.245.fits,072.C-0348(A),SCIENCE_RBNSPEC_IDP,,,,84.7839999999986,-69.099972222221
ADP.2019-09-04T13_34_26.247.fits,u12,2003-12-03T03:03:21.958,52976.12733748,GIRAFFE,ESO-VLT-U2,ADP.2019-09-04T13:34:26.247.fits,072.C-0348(A),SCIENCE_RBNSPEC_IDP,,,,84.7839999999986,-69.1333055555544
ADP.2019-09-04T13_34_26.249.fits,t25,2003-12-03T04:26:30.672,52976.18507722,GIRAFFE,ESO-VLT-U2,ADP.2019-09-04T13:34:26.249.fits,072.C-0348(A),SCIENCE_RBNSPEC_IDP,,,,84.5348333333319,-69.1666388888877
ADP.2019-09-04T13_34_26.251.fits,u22,2003-12-03T04:26:30.672,52976.18507722,GIRAFFE,ESO-VLT-U2,ADP.2019-09-04T13:34:26.251.fits,072.C-0348(A),SCIENCE_RBNSPEC_IDP,,,,84.8462916666652,-69.099972222221
ADP.2019-09-04T13_34_26.253.fits,t28,2003-12-03T04:37:30.720,52976.19271667,GIRAFFE,ESO-VLT-U2,ADP.2019-09-04T13:34:26.253.fits,072.C-0348(A),SCIENCE_RBNSPEC_IDP,,,,84.5348333333319,-69.1110833333322
ADP.2019-09-04T13_34_26.255.fits,t50,2003-12-03T02:41:30.802,52976.11216207,GIRAFFE,ESO-VLT-U2,ADP.2019-09-04T13:34:26.255.fits,072.C-0348(A),SCIENCE_RBNSPEC_IDP,,,,84.6594166666653,-69.0666388888877
ADP.2019-09-04T13_34_26.257.fits,u03,2003-12-03T02:41:30.802,52976.11216207,GIRAFFE,ESO-VLT-U2,ADP.2019-09-04T13:34:26.257.fits,072.C-0348(A),SCIENCE_RBNSPEC_IDP,,,,84.7217083333319,-69.0555277777766
ADP.2019-09-04T13_34_26.259.fits,u27,2003-12-03T03:14:13.205,52976.13487507,GIRAFFE,ESO-VLT-U2,ADP.2019-09-04T13:34:26.259.fits,072.C-0348(A),SCIENCE_RBNSPEC_IDP,,,,84.8151249999986,-69.0555277777766
ADP.2019-09-04T13_34_26.261.fits,t16,2003-12-03T04:48:28.838,52976.20033378,GIRAFFE,ESO-VLT-U2,ADP.2019-09-04T13:34:26.261.fits,072.C-0348(A),SCIENCE_RBNSPEC_IDP,,,,84.5036666666652,-69.1221944444433
ADP.2019-09-04T13_34_26.263.fits,u05,2003-12-03T04:37:30.720,52976.19271667,GIRAFFE,ESO-VLT-U2,ADP.2019-09-04T13:34:26.263.fits,072.C-0348(A),SCIENCE_RBNSPEC_IDP,,,,84.7528333333319,-69.1555277777766
ADP.2019-09-04T13_34_26.265.fits,u06,2003-12-03T04:48:28.838,52976.20033378,GIRAFFE,ESO-VLT-U2,ADP.2019-09-04T13:34:26.265.fits,072.C-0348(A),SCIENCE_RBNSPEC_IDP,,,,84.7528333333319,-69.1444166666655
ADP.2019-09-04T13_34_26.267.fits,t18,2003-12-03T03:03:21.958,52976.12733748,GIRAFFE,ESO-VLT-U2,ADP.2019-09-04T13:34:26.267.fits,072.C-0348(A),SCIENCE_RBNSPEC_IDP,,,,84.5348333333319,-69.1333055555544
ADP.2019-09-04T13_34_26.269.fits,t50,2003-12-03T03:14:13.205,52976.13487507,GIRAFFE,ESO-VLT-U2,ADP.2019-09-04T13:34:26.269.fits,072.C-0348(A),SCIENCE_RBNSPEC_IDP,,,,84.6594166666653,-69.0666388888877
ADP.2019-09-04T13_34_26.271.fits,u08,2003-12-03T04:48:28.838,52976.20033378,GIRAFFE,ESO-VLT-U2,ADP.2019-09-04T13:34:26.271.fits,072.C-0348(A),SCIENCE_RBNSPEC_IDP,,,,84.7528333333319,-69.1110833333322
ADP.2019-09-04T13_34_26.273.fits,t38,2003-12-03T02:41:30.802,52976.11216207,GIRAFFE,ESO-VLT-U2,ADP.2019-09-04T13:34:26.273.fits,072.C-0348(A),SCIENCE_RBNSPEC_IDP,,,,84.5971249999985,-69.1333055555544
ADP.2019-09-04T13_34_26.275.fits,t12,2003-12-03T02:30:32.164,52976.10453894,GIRAFFE,ESO-VLT-U2,ADP.2019-09-04T13:34:26.275.fits,072.C-0348(A),SCIENCE_RBNSPEC_IDP,,,,84.4413749999986,-69.0221944444433
ADP.2019-09-04T13_34_26.277.fits,t16,2003-12-03T02:30:32.164,52976.10453894,GIRAFFE,ESO-VLT-U2,ADP.2019-09-04T13:34:26.277.fits,072.C-0348(A),SCIENCE_RBNSPEC_IDP,,,,84.5036666666652,-69.1333055555544
ADP.2019-09-04T13_34_26.279.fits,u35,2003-12-03T03:14:13.205,52976.13487507,GIRAFFE,ESO-VLT-U2,ADP.2019-09-04T13:34:26.279.fits,072.C-0348(A),SCIENCE_RBNSPEC_IDP,,,,84.9085833333319,-69.1444166666655
ADP.2019-09-04T13_34_26.281.fits,t22,2003-12-03T02:19:40.767,52976.09699962,GIRAFFE,ESO-VLT-U2,ADP.2019-09-04T13:34:26.281.fits,072.C-0348(A),SCIENCE_RBNSPEC_IDP,,,,84.5348333333319,-69.0666388888877
ADP.2019-09-04T13_34_26.283.fits,t49,2003-12-03T03:03:21.958,52976.12733748,GIRAFFE,ESO-VLT-U2,ADP.2019-09-04T13:34:26.283.fits,072.C-0348(A),SCIENCE_RBNSPEC_IDP,,,,84.6594166666653,-69.0777499999988
ADP.2019-09-04T13_34_26.285.fits,t13,2003-12-03T04:48:28.838,52976.20033378,GIRAFFE,ESO-VLT-U2,ADP.2019-09-04T13:34:26.285.fits,072.C-0348(A),SCIENCE_RBNSPEC_IDP,,,,84.4725416666653,-69.0221944444433
ADP.2019-09-04T13_34_26.287.fits,t07,2003-12-03T04:48:28.838,52976.20033378,GIRAFFE,ESO-VLT-U2,ADP.2019-09-04T13:34:26.287.fits,072.C-0348(A),SCIENCE_RBNSPEC_IDP,,,,84.4725416666653,-69.099972222221
ADP.2019-09-04T13_34_26.289.fits,t08,2003-12-03T04:37:30.720,52976.19271667,GIRAFFE,ESO-VLT-U2,ADP.2019-09-04T13:34:26.289.fits,072.C-0348(A),SCIENCE_RBNSPEC_IDP,,,,84.4725416666653,-69.0888611111099
ADP.2019-09-04T13_34_26.291.fits,u26,2003-12-03T02:30:32.164,52976.10453894,GIRAFFE,ESO-VLT-U2,ADP.2019-09-04T13:34:26.291.fits,072.C-0348(A),SCIENCE_RBNSPEC_IDP,,,,84.8151249999986,-69.0888611111099
ADP.2019-09-04T13_34_26.293.fits,u26,2003-12-03T02:19:40.767,52976.09699962,GIRAFFE,ESO-VLT-U2,ADP.2019-09-04T13:34:26.293.fits,072.C-0348(A),SCIENCE_RBNSPEC_IDP,,,,84.8151249999986,-69.0888611111099
ADP.2019-09-04T13_34_26.295.fits,u12,2003-12-03T02:41:30.802,52976.11216207,GIRAFFE,ESO-VLT-U2,ADP.2019-09-04T13:34:26.295.fits,072.C-0348(A),SCIENCE_RBNSPEC_IDP,,,,84.7839999999986,-69.1333055555544
ADP.2019-09-04T13_34_26.297.fits,t56,2003-12-03T02:19:40.767,52976.09699962,GIRAFFE,ESO-VLT-U2,ADP.2019-09-04T13:34:26.297.fits,072.C-0348(A),SCIENCE_RBNSPEC_IDP,,,,84.6905416666652,-69.1110833333322
ADP.2019-09-04T13_34_26.299.fits,t44,2003-12-03T02:19:40.767,52976.09699962,GIRAFFE,ESO-VLT-U2,ADP.2019-09-04T13:34:26.299.fits,072.C-0348(A),SCIENCE_RBNSPEC_IDP,,,,84.6282499999986,-69.0888611111099
ADP.2019-09-04T13_34_26.301.fits,u30,2003-12-03T04:26:30.672,52976.18507722,GIRAFFE,ESO-VLT-U2,ADP.2019-09-04T13:34:26.301.fits,072.C-0348(A),SCIENCE_RBNSPEC_IDP,,,,84.8774583333319,-69.1444166666655
ADP.2019-09-04T13_34_26.303.fits,t04,2003-12-03T03:03:21.958,52976.12733748,GIRAFFE,ESO-VLT-U2,ADP.2019-09-04T13:34:26.303.fits,072.C-0348(A),SCIENCE_RBNSPEC_IDP,,,,84.4413749999986,-69.1110833333322
ADP.2019-09-04T13_34_26.305.fits,u03,2003-12-03T04:26:30.672,52976.18507722,GIRAFFE,ESO-VLT-U2,ADP.2019-09-04T13:34:26.305.fits,072.C-0348(A),SCIENCE_RBNSPEC_IDP,,,,84.7217083333319,-69.0221944444433
ADP.2019-09-04T13_34_26.307.fits,t01,2003-12-03T04:26:30.672,52976.18507722,GIRAFFE,ESO-VLT-U2,ADP.2019-09-04T13:34:26.307.fits,072.C-0348(A),SCIENCE_RBNSPEC_IDP,,,,84.4413749999986,-69.1666388888877
ADP.2019-09-04T13_34_26.309.fits,u44,2003-12-03T02:19:40.767,52976.09699962,GIRAFFE,ESO-VLT-U2,ADP.2019-09-04T13:34:26.309.fits,072.C-0348(A),SCIENCE_RBNSPEC_IDP,,,,84.9085833333319,-69.0444166666655
ADP.2019-09-04T13_34_26.311.fits,u05,2003-12-03T02:30:32.164,52976.10453894,GIRAFFE,ESO-VLT-U2,ADP.2019-09-04T13:34:26.311.fits,072.C-0348(A),SCIENCE_RBNSPEC_IDP,,,,84.7528333333319,-69.099972222221
ADP.2019-09-04T13_34_26.313.fits,t59,2003-12-03T02:19:40.767,52976.09699962,GIRAFFE,ESO-VLT-U2,ADP.2019-09-04T13:34:26.313.fits,072.C-0348(A),SCIENCE_RBNSPEC_IDP,,,,84.6905416666652,-69.0555277777766
ADP.2019-09-04T13_34_26.315.fits,u04,2003-12-03T02:41:30.802,52976.11216207,GIRAFFE,ESO-VLT-U2,ADP.2019-09-04T13:34:26.315.fits,072.C-0348(A),SCIENCE_RBNSPEC_IDP,,,,84.7217083333319,-69.0444166666655
ADP.2019-09-04T13_34_26.317.fits,u28,2003-12-03T03:03:21.958,52976.12733748,GIRAFFE,ESO-VLT-U2,ADP.2019-09-04T13:34:26.317.fits,072.C-0348(A),SCIENCE_RBNSPEC_IDP,,,,84.8151249999986,-69.0444166666655
ADP.2019-09-04T13_34_26.319.fits,t48,2003-12-03T02:30:32.164,52976.10453894,GIRAFFE,ESO-VLT-U2,ADP.2019-09-04T13:34:26.319.fits,072.C-0348(A),SCIENCE_RBNSPEC_IDP,,,,84.6594166666653,-69.1110833333322
ADP.2019-09-04T13_34_26.321.fits,t26,2003-12-03T03:03:21.958,52976.12733748,GIRAFFE,ESO-VLT-U2,ADP.2019-09-04T13:34:26.321.fits,072.C-0348(A),SCIENCE_RBNSPEC_IDP,,,,84.5348333333319,-69.0221944444433
ADP.2019-09-04T13_34_26.323.fits,u06,2003-12-03T02:41:30.802,52976.11216207,GIRAFFE,ESO-VLT-U2,ADP.2019-09-04T13:34:26.323.fits,072.C-0348(A),SCIENCE_RBNSPEC_IDP,,,,84.7528333333319,-69.0888611111099
ADP.2019-09-04T13_34_26.325.fits,t59,2003-12-03T02:52:22.540,52976.11970533,GIRAFFE,ESO-VLT-U2,ADP.2019-09-04T13:34:26.325.fits,072.C-0348(A),SCIENCE_RBNSPEC_IDP,,,,84.6905416666652,-69.0555277777766
ADP.2019-09-04T13_34_26.327.fits,t03,2003-12-03T02:30:32.164,52976.10453894,GIRAFFE,ESO-VLT-U2,ADP.2019-09-04T13:34:26.327.fits,072.C-0348(A),SCIENCE_RBNSPEC_IDP,,,,84.4413749999986,-69.1221944444433
ADP.2019-09-04T13_34_26.329.fits,t39,2003-12-03T04:48:28.838,52976.20033378,GIRAFFE,ESO-VLT-U2,ADP.2019-09-04T13:34:26.329.fits,072.C-0348(A),SCIENCE_RBNSPEC_IDP,,,,84.6282499999986,-69.1555277777766
ADP.2019-09-04T13_34_26.331.fits,u30,2003-12-03T04:48:28.838,52976.20033378,GIRAFFE,ESO-VLT-U2,ADP.2019-09-04T13:34:26.331.fits,072.C-0348(A),SCIENCE_RBNSPEC_IDP,,,,84.8774583333319,-69.1444166666655
ADP.2019-09-04T13_34_26.333.fits,u30,2003-12-03T02:41:30.802,52976.11216207,GIRAFFE,ESO-VLT-U2,ADP.2019-09-04T13:34:26.333.fits,072.C-0348(A),SCIENCE_RBNSPEC_IDP,,,,84.8462916666652,-69.0444166666655
ADP.2019-09-04T13_34_26.335.fits,t25,2003-12-03T04:37:30.720,52976.19271667,GIRAFFE,ESO-VLT-U2,ADP.2019-09-04T13:34:26.335.fits,072.C-0348(A),SCIENCE_RBNSPEC_IDP,,,,84.5348333333319,-69.1666388888877
ADP.2019-09-04T13_34_26.337.fits,t51,2003-12-03T04:48:28.838,52976.20033378,GIRAFFE,ESO-VLT-U2,ADP.2019-09-04T13:34:26.337.fits,072.C-0348(A),SCIENCE_RBNSPEC_IDP,,,,84.6905416666652,-69.1666388888877
ADP.2019-09-04T13_34_26.339.fits,t23,2003-12-03T02:19:40.767,52976.09699962,GIRAFFE,ESO-VLT-U2,ADP.2019-09-04T13:34:26.339.fits,072.C-0348(A),SCIENCE_RBNSPEC_IDP,,,,84.5348333333319,-69.0555277777766
ADP.2019-09-04T13_34_26.341.fits,u10,2003-12-03T02:30:32.164,52976.10453894,GIRAFFE,ESO-VLT-U2,ADP.2019-09-04T13:34:26.341.fits,072.C-0348(A),SCIENCE_RBNSPEC_IDP,,,,84.7839999999986,-69.1555277777766
ADP.2019-09-04T13_34_26.343.fits,t34,2003-12-03T03:14:13.205,52976.13487507,GIRAFFE,ESO-VLT-U2,ADP.2019-09-04T13:34:26.343.fits,072.C-0348(A),SCIENCE_RBNSPEC_IDP,,,,84.5659583333319,-69.0444166666655
ADP.2019-09-04T13_34_26.345.fits,t19,2003-12-03T02:41:30.802,52976.11216207,GIRAFFE,ESO-VLT-U2,ADP.2019-09-04T13:34:26.345.fits,072.C-0348(A),SCIENCE_RBNSPEC_IDP,,,,84.5348333333319,-69.099972222221
ADP.2019-09-04T13_34_26.347.fits,u26,2003-12-03T04:26:30.672,52976.18507722,GIRAFFE,ESO-VLT-U2,ADP.2019-09-04T13:34:26.347.fits,072.C-0348(A),SCIENCE_RBNSPEC_IDP,,,,84.8462916666652,-69.0333055555544
ADP.2019-09-04T13_34_26.349.fits,t54,2003-12-03T03:14:13.205,52976.13487507,GIRAFFE,ESO-VLT-U2,ADP.2019-09-04T13:34:26.349.fits,072.C-0348(A),SCIENCE_RBNSPEC_IDP,,,,84.6905416666652,-69.1333055555544
ADP.2019-09-04T13_34_26.351.fits,u13,2003-12-03T03:03:21.958,52976.12733748,GIRAFFE,ESO-VLT-U2,ADP.2019-09-04T13:34:26.351.fits,072.C-0348(A),SCIENCE_RBNSPEC_IDP,,,,84.7839999999986,-69.1221944444433
ADP.2019-09-04T13_34_26.353.fits,t07,2003-12-03T03:14:13.205,52976.13487507,GIRAFFE,ESO-VLT-U2,ADP.2019-09-04T13:34:26.353.fits,072.C-0348(A),SCIENCE_RBNSPEC_IDP,,,,84.4413749999986,-69.0777499999988
ADP.2019-09-04T13_34_26.355.fits,u41,2003-12-03T02:19:40.767,52976.09699962,GIRAFFE,ESO-VLT-U2,ADP.2019-09-04T13:34:26.355.fits,072.C-0348(A),SCIENCE_RBNSPEC_IDP,,,,84.9085833333319,-69.0777499999988
ADP.2019-09-04T13_34_26.357.fits,t29,2003-12-03T04:48:28.838,52976.20033378,GIRAFFE,ESO-VLT-U2,ADP.2019-09-04T13:34:26.357.fits,072.C-0348(A),SCIENCE_RBNSPEC_IDP,,,,84.5659583333319,-69.1666388888877
ADP.2019-09-04T13_34_26.359.fits,u05,2003-12-03T04:26:30.672,52976.18507722,GIRAFFE,ESO-VLT-U2,ADP.2019-09-04T13:34:26.359.fits,072.C-0348(A),SCIENCE_RBNSPEC_IDP,,,,84.7528333333319,-69.1555277777766
ADP.2019-09-04T13_34_26.361.fits,u34,2003-12-03T04:26:30.672,52976.18507722,GIRAFFE,ESO-VLT-U2,ADP.2019-09-04T13:34:26.361.fits,072.C-0348(A),SCIENCE_RBNSPEC_IDP,,,,84.8774583333319,-69.0888611111099
ADP.2019-09-04T13_34_26.363.fits,t49,2003-12-03T04:48:28.838,52976.20033378,GIRAFFE,ESO-VLT-U2,ADP.2019-09-04T13:34:26.363.fits,072.C-0348(A),SCIENCE_RBNSPEC_IDP,,,,84.6594166666653,-69.0333055555544
ADP.2019-09-04T13_34_26.365.fits,t55,2003-12-03T04:48:28.838,52976.20033378,GIRAFFE,ESO-VLT-U2,ADP.2019-09-04T13:34:26.365.fits,072.C-0348(A),SCIENCE_RBNSPEC_IDP,,,,84.7217083333319,-69.1666388888877
ADP.2019-09-04T13_34_26.367.fits,t05,2003-12-03T02:30:32.164,52976.10453894,GIRAFFE,ESO-VLT-U2,ADP.2019-09-04T13:34:26.367.fits,072.C-0348(A),SCIENCE_RBNSPEC_IDP,,,,84.4413749999986,-69.099972222221
ADP.2019-09-04T13_34_26.369.fits,t18,2003-12-03T02:19:40.767,52976.09699962,GIRAFFE,ESO-VLT-U2,ADP.2019-09-04T13:34:26.369.fits,072.C-0348(A),SCIENCE_RBNSPEC_IDP,,,,84.5348333333319,-69.1333055555544
ADP.2019-09-04T13_34_26.371.fits,u05,2003-12-03T03:03:21.958,52976.12733748,GIRAFFE,ESO-VLT-U2,ADP.2019-09-04T13:34:26.371.fits,072.C-0348(A),SCIENCE_RBNSPEC_IDP,,,,84.7528333333319,-69.099972222221
ADP.2019-09-04T13_34_26.373.fits,u35,2003-12-03T03:03:21.958,52976.12733748,GIRAFFE,ESO-VLT-U2,ADP.2019-09-04T13:34:26.373.fits,072.C-0348(A),SCIENCE_RBNSPEC_IDP,,,,84.9085833333319,-69.1444166666655
ADP.2019-09-04T13_34_26.375.fits,u11,2003-12-03T02:52:22.540,52976.11970533,GIRAFFE,ESO-VLT-U2,ADP.2019-09-04T13:34:26.375.fits,072.C-0348(A),SCIENCE_RBNSPEC_IDP,,,,84.7839999999986,-69.1444166666655
ADP.2019-09-04T13_34_26.377.fits,t33,2003-12-03T04:26:30.672,52976.18507722,GIRAFFE,ESO-VLT-U2,ADP.2019-09-04T13:34:26.377.fits,072.C-0348(A),SCIENCE_RBNSPEC_IDP,,,,84.5971249999985,-69.0777499999988
ADP.2019-09-04T13_34_26.379.fits,u31,2003-12-03T03:14:13.205,52976.13487507,GIRAFFE,ESO-VLT-U2,ADP.2019-09-04T13:34:26.379.fits,072.C-0348(A),SCIENCE_RBNSPEC_IDP,,,,84.8774583333319,-69.0555277777766
ADP.2019-09-04T13_34_26.381.fits,u26,2003-12-03T03:03:21.958,52976.12733748,GIRAFFE,ESO-VLT-U2,ADP.2019-09-04T13:34:26.381.fits,072.C-0348(A),SCIENCE_RBNSPEC_IDP,,,,84.8151249999986,-69.0888611111099
ADP.2019-09-04T13_34_26.383.fits,u37,2003-12-03T02:52:22.540,52976.11970533,GIRAFFE,ESO-VLT-U2,ADP.2019-09-04T13:34:26.383.fits,072.C-0348(A),SCIENCE_RBNSPEC_IDP,,,,84.9085833333319,-69.1221944444433
ADP.2019-09-04T13_34_26.385.fits,u04,2003-12-03T04:26:30.672,52976.18507722,GIRAFFE,ESO-VLT-U2,ADP.2019-09-04T13:34:26.385.fits,072.C-0348(A),SCIENCE_RBNSPEC_IDP,,,,84.7528333333319,-69.1666388888877
ADP.2019-09-04T13_34_26.387.fits,t09,2003-12-03T04:48:28.838,52976.20033378,GIRAFFE,ESO-VLT-U2,ADP.2019-09-04T13:34:26.387.fits,072.C-0348(A),SCIENCE_RBNSPEC_IDP,,,,84.4725416666653,-69.0777499999988
ADP.2019-09-04T13_34_26.389.fits,t55,2003-12-03T02:52:22.540,52976.11970533,GIRAFFE,ESO-VLT-U2,ADP.2019-09-04T13:34:26.389.fits,072.C-0348(A),SCIENCE_RBNSPEC_IDP,,,,84.6905416666652,-69.1221944444433
ADP.2019-09-04T13_34_26.391.fits,t07,2003-12-03T03:03:21.958,52976.12733748,GIRAFFE,ESO-VLT-U2,ADP.2019-09-04T13:34:26.391.fits,072.C-0348(A),SCIENCE_RBNSPEC_IDP,,,,84.4413749999986,-69.0777499999988
ADP.2019-09-04T13_34_26.393.fits,u43,2003-12-03T03:14:13.205,52976.13487507,GIRAFFE,ESO-VLT-U2,ADP.2019-09-04T13:34:26.393.fits,072.C-0348(A),SCIENCE_RBNSPEC_IDP,,,,84.9085833333319,-69.0555277777766
ADP.2019-09-04T13_34_26.395.fits,u43,2003-12-03T02:30:32.164,52976.10453894,GIRAFFE,ESO-VLT-U2,ADP.2019-09-04T13:34:26.395.fits,072.C-0348(A),SCIENCE_RBNSPEC_IDP,,,,84.9085833333319,-69.0555277777766
ADP.2019-09-04T13_34_26.397.fits,t15,2003-12-03T03:03:21.958,52976.12733748,GIRAFFE,ESO-VLT-U2,ADP.2019-09-04T13:34:26.397.fits,072.C-0348(A),SCIENCE_RBNSPEC_IDP,,,,84.5036666666652,-69.1444166666655
ADP.2019-09-04T13_34_26.399.fits,t59,2003-12-03T02:41:30.802,52976.11216207,GIRAFFE,ESO-VLT-U2,ADP.2019-09-04T13:34:26.399.fits,072.C-0348(A),SCIENCE_RBNSPEC_IDP,,,,84.6905416666652,-69.0555277777766
ADP.2019-09-04T13_34_26.401.fits,t24,2003-12-03T03:03:21.958,52976.12733748,GIRAFFE,ESO-VLT-U2,ADP.2019-09-04T13:34:26.401.fits,072.C-0348(A),SCIENCE_RBNSPEC_IDP,,,,84.5348333333319,-69.0444166666655
ADP.2019-09-04T13_34_26.403.fits,t48,2003-12-03T03:03:21.958,52976.12733748,GIRAFFE,ESO-VLT-U2,ADP.2019-09-04T13:34:26.403.fits,072.C-0348(A),SCIENCE_RBNSPEC_IDP,,,,84.6594166666653,-69.1110833333322
ADP.2019-09-04T13_34_26.405.fits,t13,2003-12-03T04:37:30.720,52976.19271667,GIRAFFE,ESO-VLT-U2,ADP.2019-09-04T13:34:26.405.fits,072.C-0348(A),SCIENCE_RBNSPEC_IDP,,,,84.4725416666653,-69.0221944444433
ADP.2019-09-04T13_34_26.407.fits,u29,2003-12-03T02:30:32.164,52976.10453894,GIRAFFE,ESO-VLT-U2,ADP.2019-09-04T13:34:26.407.fits,072.C-0348(A),SCIENCE_RBNSPEC_IDP,,,,84.8462916666652,-69.0555277777766
ADP.2019-09-04T13_34_26.409.fits,t16,2003-12-03T02:41:30.802,52976.11216207,GIRAFFE,ESO-VLT-U2,ADP.2019-09-04T13:34:26.409.fits,072.C-0348(A),SCIENCE_RBNSPEC_IDP,,,,84.5036666666652,-69.1333055555544
ADP.2019-09-04T13_34_26.411.fits,t11,2003-12-03T04:26:30.672,52976.18507722,GIRAFFE,ESO-VLT-U2,ADP.2019-09-04T13:34:26.411.fits,072.C-0348(A),SCIENCE_RBNSPEC_IDP,,,,84.4725416666653,-69.0444166666655
ADP.2019-09-04T13_34_26.413.fits,t48,2003-12-03T02:19:40.767,52976.09699962,GIRAFFE,ESO-VLT-U2,ADP.2019-09-04T13:34:26.413.fits,072.C-0348(A),SCIENCE_RBNSPEC_IDP,,,,84.6594166666653,-69.1110833333322
ADP.2019-09-04T13_34_26.415.fits,t22,2003-12-03T03:14:13.205,52976.13487507,GIRAFFE,ESO-VLT-U2,ADP.2019-09-04T13:34:26.415.fits,072.C-0348(A),SCIENCE_RBNSPEC_IDP,,,,84.5348333333319,-69.0666388888877
ADP.2019-09-04T13_34_26.417.fits,t46,2003-12-03T03:14:13.205,52976.13487507,GIRAFFE,ESO-VLT-U2,ADP.2019-09-04T13:34:26.417.fits,072.C-0348(A),SCIENCE_RBNSPEC_IDP,,,,84.6594166666653,-69.1333055555544
ADP.2019-09-04T13_34_26.419.fits,t54,2003-12-03T02:30:32.164,52976.10453894,GIRAFFE,ESO-VLT-U2,ADP.2019-09-04T13:34:26.419.fits,072.C-0348(A),SCIENCE_RBNSPEC_IDP,,,,84.6905416666652,-69.1333055555544
ADP.2019-09-04T13_34_26.421.fits,u37,2003-12-03T04:37:30.720,52976.19271667,GIRAFFE,ESO-VLT-U2,ADP.2019-09-04T13:34:26.421.fits,072.C-0348(A),SCIENCE_RBNSPEC_IDP,,,,84.8774583333319,-69.0333055555544
ADP.2019-09-04T13_34_26.423.fits,t56,2003-12-03T04:26:30.672,52976.18507722,GIRAFFE,ESO-VLT-U2,ADP.2019-09-04T13:34:26.423.fits,072.C-0348(A),SCIENCE_RBNSPEC_IDP,,,,84.7217083333319,-69.1555277777766
ADP.2019-09-04T13_34_26.425.fits,u32,2003-12-03T02:41:30.802,52976.11216207,GIRAFFE,ESO-VLT-U2,ADP.2019-09-04T13:34:26.425.fits,072.C-0348(A),SCIENCE_RBNSPEC_IDP,,,,84.8774583333319,-69.0444166666655
ADP.2019-09-04T13_34_26.427.fits,t50,2003-12-03T04:37:30.720,52976.19271667,GIRAFFE,ESO-VLT-U2,ADP.2019-09-04T13:34:26.427.fits,072.C-0348(A),SCIENCE_RBNSPEC_IDP,,,,84.6594166666653,-69.0221944444433
ADP.2019-09-04T13_34_26.429.fits,t01,2003-12-03T02:19:40.767,52976.09699962,GIRAFFE,ESO-VLT-U2,ADP.2019-09-04T13:34:26.429.fits,072.C-0348(A),SCIENCE_RBNSPEC_IDP,,,,84.4413749999986,-69.1444166666655
ADP.2019-09-04T13_34_26.431.fits,t05,2003-12-03T02:52:22.540,52976.11970533,GIRAFFE,ESO-VLT-U2,ADP.2019-09-04T13:34:26.431.fits,072.C-0348(A),SCIENCE_RBNSPEC_IDP,,,,84.4413749999986,-69.099972222221
ADP.2019-09-04T13_34_26.433.fits,u02,2003-12-03T04:26:30.672,52976.18507722,GIRAFFE,ESO-VLT-U2,ADP.2019-09-04T13:34:26.433.fits,072.C-0348(A),SCIENCE_RBNSPEC_IDP,,,,84.7217083333319,-69.0333055555544
ADP.2019-09-04T13_34_26.435.fits,u03,2003-12-03T04:48:28.838,52976.20033378,GIRAFFE,ESO-VLT-U2,ADP.2019-09-04T13:34:26.435.fits,072.C-0348(A),SCIENCE_RBNSPEC_IDP,,,,84.7217083333319,-69.0221944444433
ADP.2019-09-04T13_34_26.437.fits,u02,2003-12-03T04:48:28.838,52976.20033378,GIRAFFE,ESO-VLT-U2,ADP.2019-09-04T13:34:26.437.fits,072.C-0348(A),SCIENCE_RBNSPEC_IDP,,,,84.7217083333319,-69.0333055555544
ADP.2019-09-04T13_34_26.439.fits,u14,2003-12-03T03:03:21.958,52976.12733748,GIRAFFE,ESO-VLT-U2,ADP.2019-09-04T13:34:26.439.fits,072.C-0348(A),SCIENCE_RBNSPEC_IDP,,,,84.7839999999986,-69.1110833333322
ADP.2019-09-04T13_34_26.441.fits,t49,2003-12-03T02:52:22.540,52976.11970533,GIRAFFE,ESO-VLT-U2,ADP.2019-09-04T13:34:26.441.fits,072.C-0348(A),SCIENCE_RBNSPEC_IDP,,,,84.6594166666653,-69.0777499999988
ADP.2019-09-04T13_34_26.443.fits,t07,2003-12-03T02:19:40.767,52976.09699962,GIRAFFE,ESO-VLT-U2,ADP.2019-09-04T13:34:26.443.fits,072.C-0348(A),SCIENCE_RBNSPEC_IDP,,,,84.4413749999986,-69.0777499999988
ADP.2019-09-04T13_34_26.445.fits,t52,2003-12-03T04:48:28.838,52976.20033378,GIRAFFE,ESO-VLT-U2,ADP.2019-09-04T13:34:26.445.fits,072.C-0348(A),SCIENCE_RBNSPEC_IDP,,,,84.6905416666652,-69.1555277777766
ADP.2019-09-04T13_34_26.447.fits,t57,2003-12-03T04:26:30.672,52976.18507722,GIRAFFE,ESO-VLT-U2,ADP.2019-09-04T13:34:26.447.fits,072.C-0348(A),SCIENCE_RBNSPEC_IDP,,,,84.7217083333319,-69.1444166666655
ADP.2019-09-04T13_34_26.449.fits,t29,2003-12-03T02:41:30.802,52976.11216207,GIRAFFE,ESO-VLT-U2,ADP.2019-09-04T13:34:26.449.fits,072.C-0348(A),SCIENCE_RBNSPEC_IDP,,,,84.5659583333319,-69.099972222221
ADP.2019-09-04T13_34_26.451.fits,u11,2003-12-03T04:26:30.672,52976.18507722,GIRAFFE,ESO-VLT-U2,ADP.2019-09-04T13:34:26.451.fits,072.C-0348(A),SCIENCE_RBNSPEC_IDP,,,,84.7839999999986,-69.0333055555544
ADP.2019-09-04T13_34_26.453.fits,u31,2003-12-03T02:52:22.540,52976.11970533,GIRAFFE,ESO-VLT-U2,ADP.2019-09-04T13:34:26.453.fits,072.C-0348(A),SCIENCE_RBNSPEC_IDP,,,,84.8774583333319,-69.0555277777766
ADP.2019-09-04T13_34_26.455.fits,u32,2003-12-03T02:30:32.164,52976.10453894,GIRAFFE,ESO-VLT-U2,ADP.2019-09-04T13:34:26.455.fits,072.C-0348(A),SCIENCE_RBNSPEC_IDP,,,,84.8774583333319,-69.0444166666655
ADP.2019-09-04T13_34_26.457.fits,u25,2003-12-03T02:19:40.767,52976.09699962,GIRAFFE,ESO-VLT-U2,ADP.2019-09-04T13:34:26.457.fits,072.C-0348(A),SCIENCE_RBNSPEC_IDP,,,,84.8151249999986,-69.099972222221
ADP.2019-09-04T13_34_26.459.fits,t15,2003-12-03T02:30:32.164,52976.10453894,GIRAFFE,ESO-VLT-U2,ADP.2019-09-04T13:34:26.459.fits,072.C-0348(A),SCIENCE_RBNSPEC_IDP,,,,84.5036666666652,-69.1444166666655
ADP.2019-09-04T13_34_26.461.fits,t37,2003-12-03T02:52:22.540,52976.11970533,GIRAFFE,ESO-VLT-U2,ADP.2019-09-04T13:34:26.461.fits,072.C-0348(A),SCIENCE_RBNSPEC_IDP,,,,84.5971249999985,-69.1444166666655
ADP.2019-09-04T13_34_26.463.fits,t07,2003-12-03T02:52:22.540,52976.11970533,GIRAFFE,ESO-VLT-U2,ADP.2019-09-04T13:34:26.463.fits,072.C-0348(A),SCIENCE_RBNSPEC_IDP,,,,84.4413749999986,-69.0777499999988
ADP.2019-09-04T13_34_26.465.fits,t12,2003-12-03T02:52:22.540,52976.11970533,GIRAFFE,ESO-VLT-U2,ADP.2019-09-04T13:34:26.465.fits,072.C-0348(A),SCIENCE_RBNSPEC_IDP,,,,84.4413749999986,-69.0221944444433
ADP.2019-09-04T13_34_26.467.fits,t23,2003-12-03T02:41:30.802,52976.11216207,GIRAFFE,ESO-VLT-U2,ADP.2019-09-04T13:34:26.467.fits,072.C-0348(A),SCIENCE_RBNSPEC_IDP,,,,84.5348333333319,-69.0555277777766
ADP.2019-09-04T13_34_26.469.fits,t58,2003-12-03T04:26:30.672,52976.18507722,GIRAFFE,ESO-VLT-U2,ADP.2019-09-04T13:34:26.469.fits,072.C-0348(A),SCIENCE_RBNSPEC_IDP,,,,84.7217083333319,-69.1333055555544
ADP.2019-09-04T13_34_26.471.fits,t24,2003-12-03T02:52:22.540,52976.11970533,GIRAFFE,ESO-VLT-U2,ADP.2019-09-04T13:34:26.471.fits,072.C-0348(A),SCIENCE_RBNSPEC_IDP,,,,84.5348333333319,-69.0444166666655
ADP.2019-09-04T13_34_26.473.fits,u24,2003-12-03T04:26:30.672,52976.18507722,GIRAFFE,ESO-VLT-U2,ADP.2019-09-04T13:34:26.473.fits,072.C-0348(A),SCIENCE_RBNSPEC_IDP,,,,84.8462916666652,-69.0777499999988
ADP.2019-09-04T13_34_26.475.fits,t54,2003-12-03T04:37:30.720,52976.19271667,GIRAFFE,ESO-VLT-U2,ADP.2019-09-04T13:34:26.475.fits,072.C-0348(A),SCIENCE_RBNSPEC_IDP,,,,84.6905416666652,-69.0221944444433
ADP.2019-09-04T13_34_26.477.fits,t12,2003-12-03T02:41:30.802,52976.11216207,GIRAFFE,ESO-VLT-U2,ADP.2019-09-04T13:34:26.477.fits,072.C-0348(A),SCIENCE_RBNSPEC_IDP,,,,84.4413749999986,-69.0221944444433
ADP.2019-09-04T13_34_26.479.fits,u32,2003-12-03T04:37:30.720,52976.19271667,GIRAFFE,ESO-VLT-U2,ADP.2019-09-04T13:34:26.479.fits,072.C-0348(A),SCIENCE_RBNSPEC_IDP,,,,84.8774583333319,-69.1110833333322
ADP.2019-09-04T13_34_26.481.fits,u22,2003-12-03T04:48:28.838,52976.20033378,GIRAFFE,ESO-VLT-U2,ADP.2019-09-04T13:34:26.481.fits,072.C-0348(A),SCIENCE_RBNSPEC_IDP,,,,84.8462916666652,-69.099972222221
ADP.2019-09-04T13_34_26.483.fits,t02,2003-12-03T02:41:30.802,52976.11216207,GIRAFFE,ESO-VLT-U2,ADP.2019-09-04T13:34:26.483.fits,072.C-0348(A),SCIENCE_RBNSPEC_IDP,,,,84.4413749999986,-69.1333055555544
ADP.2019-09-04T13_34_26.485.fits,t06,2003-12-03T02:30:32.164,52976.10453894,GIRAFFE,ESO-VLT-U2,ADP.2019-09-04T13:34:26.485.fits,072.C-0348(A),SCIENCE_RBNSPEC_IDP,,,,84.4413749999986,-69.0888611111099
ADP.2019-09-04T13_34_26.487.fits,u23,2003-12-03T02:52:22.540,52976.11970533,GIRAFFE,ESO-VLT-U2,ADP.2019-09-04T13:34:26.487.fits,072.C-0348(A),SCIENCE_RBNSPEC_IDP,,,,84.8151249999986,-69.1221944444433
ADP.2019-09-04T13_34_26.489.fits,t25,2003-12-03T04:48:28.838,52976.20033378,GIRAFFE,ESO-VLT-U2,ADP.2019-09-04T13:34:26.489.fits,072.C-0348(A),SCIENCE_RBNSPEC_IDP,,,,84.5348333333319,-69.1666388888877
ADP.2019-09-04T13_34_26.491.fits,t21,2003-12-03T04:26:30.672,52976.18507722,GIRAFFE,ESO-VLT-U2,ADP.2019-09-04T13:34:26.491.fits,072.C-0348(A),SCIENCE_RBNSPEC_IDP,,,,84.5036666666652,-69.0555277777766
ADP.2019-09-04T13_34_26.493.fits,t31,2003-12-03T03:14:13.205,52976.13487507,GIRAFFE,ESO-VLT-U2,ADP.2019-09-04T13:34:26.493.fits,072.C-0348(A),SCIENCE_RBNSPEC_IDP,,,,84.5659583333319,-69.0777499999988
ADP.2019-09-04T13_34_26.495.fits,t44,2003-12-03T04:26:30.672,52976.18507722,GIRAFFE,ESO-VLT-U2,ADP.2019-09-04T13:34:26.495.fits,072.C-0348(A),SCIENCE_RBNSPEC_IDP,,,,84.6282499999986,-69.0444166666655
ADP.2019-09-04T13_34_26.497.fits,t14,2003-12-03T02:30:32.164,52976.10453894,GIRAFFE,ESO-VLT-U2,ADP.2019-09-04T13:34:26.497.fits,072.C-0348(A),SCIENCE_RBNSPEC_IDP,,,,84.4725416666653,-69.1333055555544
ADP.2019-09-04T13_34_26.499.fits,u01,2003-12-03T02:19:40.767,52976.09699962,GIRAFFE,ESO-VLT-U2,ADP.2019-09-04T13:34:26.499.fits,072.C-0348(A),SCIENCE_RBNSPEC_IDP,,,,84.7217083333319,-69.099972222221
ADP.2019-09-04T13_34_26.501.fits,u16,2003-12-03T02:52:22.540,52976.11970533,GIRAFFE,ESO-VLT-U2,ADP.2019-09-04T13:34:26.501.fits,072.C-0348(A),SCIENCE_RBNSPEC_IDP,,,,84.7839999999986,-69.0888611111099
ADP.2019-09-04T13_34_26.503.fits,u04,2003-12-03T02:52:22.540,52976.11970533,GIRAFFE,ESO-VLT-U2,ADP.2019-09-04T13:34:26.503.fits,072.C-0348(A),SCIENCE_RBNSPEC_IDP,,,,84.7217083333319,-69.0444166666655
ADP.2019-09-04T13_34_26.505.fits,u25,2003-12-03T02:30:32.164,52976.10453894,GIRAFFE,ESO-VLT-U2,ADP.2019-09-04T13:34:26.505.fits,072.C-0348(A),SCIENCE_RBNSPEC_IDP,,,,84.8151249999986,-69.099972222221
ADP.2019-09-04T13_34_26.507.fits,t31,2003-12-03T04:26:30.672,52976.18507722,GIRAFFE,ESO-VLT-U2,ADP.2019-09-04T13:34:26.507.fits,072.C-0348(A),SCIENCE_RBNSPEC_IDP,,,,84.5659583333319,-69.1221944444433
ADP.2019-09-04T13_34_26.509.fits,t42,2003-12-03T04:26:30.672,52976.18507722,GIRAFFE,ESO-VLT-U2,ADP.2019-09-04T13:34:26.509.fits,072.C-0348(A),SCIENCE_RBNSPEC_IDP,,,,84.6282499999986,-69.0777499999988
ADP.2019-09-04T13_34_26.511.fits,u01,2003-12-03T02:52:22.540,52976.11970533,GIRAFFE,ESO-VLT-U2,ADP.2019-09-04T13:34:26.511.fits,072.C-0348(A),SCIENCE_RBNSPEC_IDP,,,,84.7217083333319,-69.099972222221
ADP.2019-09-04T13_34_26.513.fits,t54,2003-12-03T04:48:28.838,52976.20033378,GIRAFFE,ESO-VLT-U2,ADP.2019-09-04T13:34:26.513.fits,072.C-0348(A),SCIENCE_RBNSPEC_IDP,,,,84.6905416666652,-69.0221944444433
ADP.2019-09-04T13_34_26.515.fits,t26,2003-12-03T04:26:30.672,52976.18507722,GIRAFFE,ESO-VLT-U2,ADP.2019-09-04T13:34:26.515.fits,072.C-0348(A),SCIENCE_RBNSPEC_IDP,,,,84.5348333333319,-69.1555277777766
ADP.2019-09-04T13_34_26.517.fits,t38,2003-12-03T02:19:40.767,52976.09699962,GIRAFFE,ESO-VLT-U2,ADP.2019-09-04T13:34:26.517.fits,072.C-0348(A),SCIENCE_RBNSPEC_IDP,,,,84.5971249999985,-69.1333055555544
ADP.2019-09-04T13_34_26.519.fits,t55,2003-12-03T02:19:40.767,52976.09699962,GIRAFFE,ESO-VLT-U2,ADP.2019-09-04T13:34:26.519.fits,072.C-0348(A),SCIENCE_RBNSPEC_IDP,,,,84.6905416666652,-69.1221944444433
ADP.2019-09-04T13_34_26.521.fits,t01,2003-12-03T03:14:13.205,52976.13487507,GIRAFFE,ESO-VLT-U2,ADP.2019-09-04T13:34:26.521.fits,072.C-0348(A),SCIENCE_RBNSPEC_IDP,,,,84.4413749999986,-69.1444166666655
ADP.2019-09-04T13_34_26.523.fits,u40,2003-12-03T03:03:21.958,52976.12733748,GIRAFFE,ESO-VLT-U2,ADP.2019-09-04T13:34:26.523.fits,072.C-0348(A),SCIENCE_RBNSPEC_IDP,,,,84.9085833333319,-69.0888611111099
ADP.2019-09-04T13_34_26.525.fits,u10,2003-12-03T03:14:13.205,52976.13487507,GIRAFFE,ESO-VLT-U2,ADP.2019-09-04T13:34:26.525.fits,072.C-0348(A),SCIENCE_RBNSPEC_IDP,,,,84.7839999999986,-69.1555277777766
ADP.2019-09-04T13_34_26.527.fits,t51,2003-12-03T04:37:30.720,52976.19271667,GIRAFFE,ESO-VLT-U2,ADP.2019-09-04T13:34:26.527.fits,072.C-0348(A),SCIENCE_RBNSPEC_IDP,,,,84.6905416666652,-69.1666388888877
ADP.2019-09-04T13_34_26.529.fits,u16,2003-12-03T03:03:21.958,52976.12733748,GIRAFFE,ESO-VLT-U2,ADP.2019-09-04T13:34:26.529.fits,072.C-0348(A),SCIENCE_RBNSPEC_IDP,,,,84.7839999999986,-69.0888611111099
ADP.2019-09-04T13_34_26.531.fits,t15,2003-12-03T04:48:28.838,52976.20033378,GIRAFFE,ESO-VLT-U2,ADP.2019-09-04T13:34:26.531.fits,072.C-0348(A),SCIENCE_RBNSPEC_IDP,,,,84.5036666666652,-69.1555277777766
ADP.2019-09-04T13_34_26.533.fits,t17,2003-12-03T03:03:21.958,52976.12733748,GIRAFFE,ESO-VLT-U2,ADP.2019-09-04T13:34:26.533.fits,072.C-0348(A),SCIENCE_RBNSPEC_IDP,,,,84.5348333333319,-69.1444166666655
ADP.2019-09-04T13_34_26.535.fits,u32,2003-12-03T04:26:30.672,52976.18507722,GIRAFFE,ESO-VLT-U2,ADP.2019-09-04T13:34:26.535.fits,072.C-0348(A),SCIENCE_RBNSPEC_IDP,,,,84.8774583333319,-69.1110833333322
ADP.2019-09-04T13_34_26.537.fits,t22,2003-12-03T02:30:32.164,52976.10453894,GIRAFFE,ESO-VLT-U2,ADP.2019-09-04T13:34:26.537.fits,072.C-0348(A),SCIENCE_RBNSPEC_IDP,,,,84.5348333333319,-69.0666388888877
ADP.2019-09-04T13_34_26.539.fits,u44,2003-12-03T03:14:13.205,52976.13487507,GIRAFFE,ESO-VLT-U2,ADP.2019-09-04T13:34:26.539.fits,072.C-0348(A),SCIENCE_RBNSPEC_IDP,,,,84.9085833333319,-69.0444166666655
ADP.2019-09-04T13_34_26.541.fits,t27,2003-12-03T02:41:30.802,52976.11216207,GIRAFFE,ESO-VLT-U2,ADP.2019-09-04T13:34:26.541.fits,072.C-0348(A),SCIENCE_RBNSPEC_IDP,,,,84.5659583333319,-69.1444166666655
ADP.2019-09-04T13_34_26.543.fits,t48,2003-12-03T02:41:30.802,52976.11216207,GIRAFFE,ESO-VLT-U2,ADP.2019-09-04T13:34:26.543.fits,072.C-0348(A),SCIENCE_RBNSPEC_IDP,,,,84.6594166666653,-69.1110833333322
ADP.2019-09-04T13_34_26.545.fits,t41,2003-12-03T04:48:28.838,52976.20033378,GIRAFFE,ESO-VLT-U2,ADP.2019-09-04T13:34:26.545.fits,072.C-0348(A),SCIENCE_RBNSPEC_IDP,,,,84.6282499999986,-69.1110833333322
ADP.2019-09-04T13_34_26.547.fits,t53,2003-12-03T04:37:30.720,52976.19271667,GIRAFFE,ESO-VLT-U2,ADP.2019-09-04T13:34:26.547.fits,072.C-0348(A),SCIENCE_RBNSPEC_IDP,,,,84.6905416666652,-69.0333055555544
ADP.2019-09-04T13_34_26.549.fits,u10,2003-12-03T04:48:28.838,52976.20033378,GIRAFFE,ESO-VLT-U2,ADP.2019-09-04T13:34:26.549.fits,072.C-0348(A),SCIENCE_RBNSPEC_IDP,,,,84.7839999999986,-69.0666388888877
ADP.2019-09-04T13_34_26.551.fits,u11,2003-12-03T02:41:30.802,52976.11216207,GIRAFFE,ESO-VLT-U2,ADP.2019-09-04T13:34:26.551.fits,072.C-0348(A),SCIENCE_RBNSPEC_IDP,,,,84.7839999999986,-69.1444166666655
ADP.2019-09-04T13_34_26.553.fits,t31,2003-12-03T02:52:22.540,52976.11970533,GIRAFFE,ESO-VLT-U2,ADP.2019-09-04T13:34:26.553.fits,072.C-0348(A),SCIENCE_RBNSPEC_IDP,,,,84.5659583333319,-69.0777499999988
ADP.2019-09-04T13_34_26.555.fits,t28,2003-12-03T03:03:21.958,52976.12733748,GIRAFFE,ESO-VLT-U2,ADP.2019-09-04T13:34:26.555.fits,072.C-0348(A),SCIENCE_RBNSPEC_IDP,,,,84.5659583333319,-69.1333055555544
ADP.2019-09-04T13_34_26.557.fits,t58,2003-12-03T02:41:30.802,52976.11216207,GIRAFFE,ESO-VLT-U2,ADP.2019-09-04T13:34:26.557.fits,072.C-0348(A),SCIENCE_RBNSPEC_IDP,,,,84.6905416666652,-69.0666388888877
ADP.2019-09-04T13_34_26.559.fits,u27,2003-12-03T04:26:30.672,52976.18507722,GIRAFFE,ESO-VLT-U2,ADP.2019-09-04T13:34:26.559.fits,072.C-0348(A),SCIENCE_RBNSPEC_IDP,,,,84.8462916666652,-69.0221944444433
ADP.2019-09-04T13_34_26.561.fits,t51,2003-12-03T02:52:22.540,52976.11970533,GIRAFFE,ESO-VLT-U2,ADP.2019-09-04T13:34:26.561.fits,072.C-0348(A),SCIENCE_RBNSPEC_IDP,,,,84.6594166666653,-69.0555277777766
ADP.2019-09-04T13_34_26.563.fits,t41,2003-12-03T02:19:40.767,52976.09699962,GIRAFFE,ESO-VLT-U2,ADP.2019-09-04T13:34:26.563.fits,072.C-0348(A),SCIENCE_RBNSPEC_IDP,,,,84.6282499999986,-69.1444166666655
ADP.2019-09-04T13_34_26.565.fits,u01,2003-12-03T02:30:32.164,52976.10453894,GIRAFFE,ESO-VLT-U2,ADP.2019-09-04T13:34:26.565.fits,072.C-0348(A),SCIENCE_RBNSPEC_IDP,,,,84.7217083333319,-69.099972222221
ADP.2019-09-04T13_34_26.567.fits,t15,2003-12-03T03:14:13.205,52976.13487507,GIRAFFE,ESO-VLT-U2,ADP.2019-09-04T13:34:26.567.fits,072.C-0348(A),SCIENCE_RBNSPEC_IDP,,,,84.5036666666652,-69.1444166666655
ADP.2019-09-04T13_34_26.569.fits,u32,2003-12-03T03:03:21.958,52976.12733748,GIRAFFE,ESO-VLT-U2,ADP.2019-09-04T13:34:26.569.fits,072.C-0348(A),SCIENCE_RBNSPEC_IDP,,,,84.8774583333319,-69.0444166666655
ADP.2019-09-04T13_34_26.571.fits,t33,2003-12-03T02:30:32.164,52976.10453894,GIRAFFE,ESO-VLT-U2,ADP.2019-09-04T13:34:26.571.fits,072.C-0348(A),SCIENCE_RBNSPEC_IDP,,,,84.5659583333319,-69.0555277777766
ADP.2019-09-04T13_34_26.573.fits,t42,2003-12-03T04:37:30.720,52976.19271667,GIRAFFE,ESO-VLT-U2,ADP.2019-09-04T13:34:26.573.fits,072.C-0348(A),SCIENCE_RBNSPEC_IDP,,,,84.6282499999986,-69.0777499999988
ADP.2019-09-04T13_34_26.575.fits,u42,2003-12-03T02:41:30.802,52976.11216207,GIRAFFE,ESO-VLT-U2,ADP.2019-09-04T13:34:26.575.fits,072.C-0348(A),SCIENCE_RBNSPEC_IDP,,,,84.9085833333319,-69.0666388888877
ADP.2019-09-04T13_34_26.577.fits,u15,2003-12-03T04:48:28.838,52976.20033378,GIRAFFE,ESO-VLT-U2,ADP.2019-09-04T13:34:26.577.fits,072.C-0348(A),SCIENCE_RBNSPEC_IDP,,,,84.8151249999986,-69.0333055555544
ADP.2019-09-04T13_34_26.579.fits,u17,2003-12-03T02:41:30.802,52976.11216207,GIRAFFE,ESO-VLT-U2,ADP.2019-09-04T13:34:26.579.fits,072.C-0348(A),SCIENCE_RBNSPEC_IDP,,,,84.7839999999986,-69.0555277777766
ADP.2019-09-04T13_34_26.584.fits,t41,2003-12-03T03:14:13.205,52976.13487507,GIRAFFE,ESO-VLT-U2,ADP.2019-09-04T13:34:26.584.fits,072.C-0348(A),SCIENCE_RBNSPEC_IDP,,,,84.6282499999986,-69.1444166666655
ADP.2019-09-04T13_34_26.586.fits,u37,2003-12-03T02:30:32.164,52976.10453894,GIRAFFE,ESO-VLT-U2,ADP.2019-09-04T13:34:26.586.fits,072.C-0348(A),SCIENCE_RBNSPEC_IDP,,,,84.9085833333319,-69.1221944444433
ADP.2019-09-04T13_34_26.588.fits,u42,2003-12-03T03:14:13.205,52976.13487507,GIRAFFE,ESO-VLT-U2,ADP.2019-09-04T13:34:26.588.fits,072.C-0348(A),SCIENCE_RBNSPEC_IDP,,,,84.9085833333319,-69.0666388888877
ADP.2019-09-04T13_34_26.590.fits,u34,2003-12-03T03:14:13.205,52976.13487507,GIRAFFE,ESO-VLT-U2,ADP.2019-09-04T13:34:26.590.fits,072.C-0348(A),SCIENCE_RBNSPEC_IDP,,,,84.9085833333319,-69.1555277777766
ADP.2019-09-04T13_34_26.592.fits,t24,2003-12-03T02:19:40.767,52976.09699962,GIRAFFE,ESO-VLT-U2,ADP.2019-09-04T13:34:26.592.fits,072.C-0348(A),SCIENCE_RBNSPEC_IDP,,,,84.5348333333319,-69.0444166666655
ADP.2019-09-04T13_34_26.594.fits,t25,2003-12-03T02:41:30.802,52976.11216207,GIRAFFE,ESO-VLT-U2,ADP.2019-09-04T13:34:26.594.fits,072.C-0348(A),SCIENCE_RBNSPEC_IDP,,,,84.5348333333319,-69.0333055555544
ADP.2019-09-04T13_34_26.596.fits,u21,2003-12-03T02:19:40.767,52976.09699962,GIRAFFE,ESO-VLT-U2,ADP.2019-09-04T13:34:26.596.fits,072.C-0348(A),SCIENCE_RBNSPEC_IDP,,,,84.8151249999986,-69.1444166666655
ADP.2019-09-04T13_34_26.598.fits,t12,2003-12-03T04:48:28.838,52976.20033378,GIRAFFE,ESO-VLT-U2,ADP.2019-09-04T13:34:26.598.fits,072.C-0348(A),SCIENCE_RBNSPEC_IDP,,,,84.4725416666653,-69.0333055555544
ADP.2019-09-04T13_34_26.600.fits,t04,2003-12-03T03:14:13.205,52976.13487507,GIRAFFE,ESO-VLT-U2,ADP.2019-09-04T13:34:26.600.fits,072.C-0348(A),SCIENCE_RBNSPEC_IDP,,,,84.4413749999986,-69.1110833333322
ADP.2019-09-04T13_34_26.602.fits,t57,2003-12-03T03:14:13.205,52976.13487507,GIRAFFE,ESO-VLT-U2,ADP.2019-09-04T13:34:26.602.fits,072.C-0348(A),SCIENCE_RBNSPEC_IDP,,,,84.6905416666652,-69.0777499999988
ADP.2019-09-04T13_34_26.604.fits,t14,2003-12-03T04:37:30.720,52976.19271667,GIRAFFE,ESO-VLT-U2,ADP.2019-09-04T13:34:26.604.fits,072.C-0348(A),SCIENCE_RBNSPEC_IDP,,,,84.5036666666652,-69.1666388888877
ADP.2019-09-04T13_34_26.606.fits,t32,2003-12-03T02:41:30.802,52976.11216207,GIRAFFE,ESO-VLT-U2,ADP.2019-09-04T13:34:26.606.fits,072.C-0348(A),SCIENCE_RBNSPEC_IDP,,,,84.5659583333319,-69.0666388888877
ADP.2019-09-04T13_34_26.608.fits,u10,2003-12-03T02:52:22.540,52976.11970533,GIRAFFE,ESO-VLT-U2,ADP.2019-09-04T13:34:26.608.fits,072.C-0348(A),SCIENCE_RBNSPEC_IDP,,,,84.7839999999986,-69.1555277777766
ADP.2019-09-04T13_34_26.610.fits,u13,2003-12-03T02:41:30.802,52976.11216207,GIRAFFE,ESO-VLT-U2,ADP.2019-09-04T13:34:26.610.fits,072.C-0348(A),SCIENCE_RBNSPEC_IDP,,,,84.7839999999986,-69.1221944444433
ADP.2019-09-04T13_34_26.612.fits,u10,2003-12-03T04:26:30.672,52976.18507722,GIRAFFE,ESO-VLT-U2,ADP.2019-09-04T13:34:26.612.fits,072.C-0348(A),SCIENCE_RBNSPEC_IDP,,,,84.7839999999986,-69.0666388888877
ADP.2019-09-04T13_34_26.614.fits,u21,2003-12-03T02:41:30.802,52976.11216207,GIRAFFE,ESO-VLT-U2,ADP.2019-09-04T13:34:26.614.fits,072.C-0348(A),SCIENCE_RBNSPEC_IDP,,,,84.8151249999986,-69.1444166666655
ADP.2019-09-04T13_34_26.616.fits,u19,2003-12-03T04:48:28.838,52976.20033378,GIRAFFE,ESO-VLT-U2,ADP.2019-09-04T13:34:26.616.fits,072.C-0348(A),SCIENCE_RBNSPEC_IDP,,,,84.8462916666652,-69.1444166666655
ADP.2019-09-04T13_34_26.618.fits,t47,2003-12-03T04:48:28.838,52976.20033378,GIRAFFE,ESO-VLT-U2,ADP.2019-09-04T13:34:26.618.fits,072.C-0348(A),SCIENCE_RBNSPEC_IDP,,,,84.6594166666653,-69.1666388888877
ADP.2019-09-04T13_34_26.620.fits,u33,2003-12-03T03:03:21.958,52976.12733748,GIRAFFE,ESO-VLT-U2,ADP.2019-09-04T13:34:26.620.fits,072.C-0348(A),SCIENCE_RBNSPEC_IDP,,,,84.9085833333319,-69.1666388888877
ADP.2019-09-04T13_34_26.622.fits,t30,2003-12-03T04:37:30.720,52976.19271667,GIRAFFE,ESO-VLT-U2,ADP.2019-09-04T13:34:26.622.fits,072.C-0348(A),SCIENCE_RBNSPEC_IDP,,,,84.5659583333319,-69.1555277777766
ADP.2019-09-04T13_34_26.624.fits,u30,2003-12-03T03:14:13.205,52976.13487507,GIRAFFE,ESO-VLT-U2,ADP.2019-09-04T13:34:26.624.fits,072.C-0348(A),SCIENCE_RBNSPEC_IDP,,,,84.8462916666652,-69.0444166666655
ADP.2019-09-04T13_34_26.626.fits,u18,2003-12-03T04:48:28.838,52976.20033378,GIRAFFE,ESO-VLT-U2,ADP.2019-09-04T13:34:26.626.fits,072.C-0348(A),SCIENCE_RBNSPEC_IDP,,,,84.8462916666652,-69.1555277777766
ADP.2019-09-04T13_34_26.628.fits,u37,2003-12-03T04:26:30.672,52976.18507722,GIRAFFE,ESO-VLT-U2,ADP.2019-09-04T13:34:26.628.fits,072.C-0348(A),SCIENCE_RBNSPEC_IDP,,,,84.8774583333319,-69.0333055555544
ADP.2019-09-04T13_34_26.630.fits,t17,2003-12-03T02:19:40.767,52976.09699962,GIRAFFE,ESO-VLT-U2,ADP.2019-09-04T13:34:26.630.fits,072.C-0348(A),SCIENCE_RBNSPEC_IDP,,,,84.5348333333319,-69.1444166666655
ADP.2019-09-04T13_34_26.632.fits,t36,2003-12-03T04:26:30.672,52976.18507722,GIRAFFE,ESO-VLT-U2,ADP.2019-09-04T13:34:26.632.fits,072.C-0348(A),SCIENCE_RBNSPEC_IDP,,,,84.5971249999985,-69.0333055555544
ADP.2019-09-04T13_34_26.634.fits,u01,2003-12-03T04:26:30.672,52976.18507722,GIRAFFE,ESO-VLT-U2,ADP.2019-09-04T13:34:26.634.fits,072.C-0348(A),SCIENCE_RBNSPEC_IDP,,,,84.7217083333319,-69.0666388888877
ADP.2019-09-04T13_34_26.636.fits,u26,2003-12-03T02:41:30.802,52976.11216207,GIRAFFE,ESO-VLT-U2,ADP.2019-09-04T13:34:26.636.fits,072.C-0348(A),SCIENCE_RBNSPEC_IDP,,,,84.8151249999986,-69.0888611111099
ADP.2019-09-04T13_34_26.638.fits,t24,2003-12-03T04:26:30.672,52976.18507722,GIRAFFE,ESO-VLT-U2,ADP.2019-09-04T13:34:26.638.fits,072.C-0348(A),SCIENCE_RBNSPEC_IDP,,,,84.5036666666652,-69.0221944444433
ADP.2019-09-04T13_34_26.640.fits,t48,2003-12-03T03:14:13.205,52976.13487507,GIRAFFE,ESO-VLT-U2,ADP.2019-09-04T13:34:26.640.fits,072.C-0348(A),SCIENCE_RBNSPEC_IDP,,,,84.6594166666653,-69.1110833333322
ADP.2019-09-04T13_34_26.642.fits,t59,2003-12-03T04:37:30.720,52976.19271667,GIRAFFE,ESO-VLT-U2,ADP.2019-09-04T13:34:26.642.fits,072.C-0348(A),SCIENCE_RBNSPEC_IDP,,,,84.7217083333319,-69.1110833333322
ADP.2019-09-04T13_34_26.644.fits,t38,2003-12-03T03:14:13.205,52976.13487507,GIRAFFE,ESO-VLT-U2,ADP.2019-09-04T13:34:26.644.fits,072.C-0348(A),SCIENCE_RBNSPEC_IDP,,,,84.5971249999985,-69.1333055555544
ADP.2019-09-04T13_34_26.646.fits,u39,2003-12-03T02:52:22.540,52976.11970533,GIRAFFE,ESO-VLT-U2,ADP.2019-09-04T13:34:26.646.fits,072.C-0348(A),SCIENCE_RBNSPEC_IDP,,,,84.9085833333319,-69.099972222221
ADP.2019-09-04T13_34_26.648.fits,t49,2003-12-03T02:19:40.767,52976.09699962,GIRAFFE,ESO-VLT-U2,ADP.2019-09-04T13:34:26.648.fits,072.C-0348(A),SCIENCE_RBNSPEC_IDP,,,,84.6594166666653,-69.0777499999988
ADP.2019-09-04T13_34_26.650.fits,t37,2003-12-03T02:30:32.164,52976.10453894,GIRAFFE,ESO-VLT-U2,ADP.2019-09-04T13:34:26.650.fits,072.C-0348(A),SCIENCE_RBNSPEC_IDP,,,,84.5971249999985,-69.1444166666655
ADP.2019-09-04T13_34_26.652.fits,t52,2003-12-03T04:26:30.672,52976.18507722,GIRAFFE,ESO-VLT-U2,ADP.2019-09-04T13:34:26.652.fits,072.C-0348(A),SCIENCE_RBNSPEC_IDP,,,,84.6905416666652,-69.1555277777766
ADP.2019-09-04T13_34_26.654.fits,u29,2003-12-03T04:37:30.720,52976.19271667,GIRAFFE,ESO-VLT-U2,ADP.2019-09-04T13:34:26.654.fits,072.C-0348(A),SCIENCE_RBNSPEC_IDP,,,,84.8774583333319,-69.1555277777766
ADP.2019-09-04T13_34_26.656.fits,u12,2003-12-03T04:26:30.672,52976.18507722,GIRAFFE,ESO-VLT-U2,ADP.2019-09-04T13:34:26.656.fits,072.C-0348(A),SCIENCE_RBNSPEC_IDP,,,,84.7839999999986,-69.0221944444433
ADP.2019-09-04T13_34_26.658.fits,u41,2003-12-03T02:30:32.164,52976.10453894,GIRAFFE,ESO-VLT-U2,ADP.2019-09-04T13:34:26.658.fits,072.C-0348(A),SCIENCE_RBNSPEC_IDP,,,,84.9085833333319,-69.0777499999988
ADP.2019-09-04T13_34_26.660.fits,u21,2003-12-03T04:26:30.672,52976.18507722,GIRAFFE,ESO-VLT-U2,ADP.2019-09-04T13:34:26.660.fits,072.C-0348(A),SCIENCE_RBNSPEC_IDP,,,,84.8462916666652,-69.1110833333322
ADP.2019-09-04T13_34_26.662.fits,u09,2003-12-03T02:41:30.802,52976.11216207,GIRAFFE,ESO-VLT-U2,ADP.2019-09-04T13:34:26.662.fits,072.C-0348(A),SCIENCE_RBNSPEC_IDP,,,,84.7839999999986,-69.1666388888877
ADP.2019-09-04T13_34_26.664.fits,t51,2003-12-03T03:03:21.958,52976.12733748,GIRAFFE,ESO-VLT-U2,ADP.2019-09-04T13:34:26.664.fits,072.C-0348(A),SCIENCE_RBNSPEC_IDP,,,,84.6594166666653,-69.0555277777766
ADP.2019-09-04T13_34_26.666.fits,t21,2003-12-03T04:48:28.838,52976.20033378,GIRAFFE,ESO-VLT-U2,ADP.2019-09-04T13:34:26.666.fits,072.C-0348(A),SCIENCE_RBNSPEC_IDP,,,,84.5036666666652,-69.0555277777766
ADP.2019-09-04T13_34_26.668.fits,u29,2003-12-03T04:48:28.838,52976.20033378,GIRAFFE,ESO-VLT-U2,ADP.2019-09-04T13:34:26.668.fits,072.C-0348(A),SCIENCE_RBNSPEC_IDP,,,,84.8774583333319,-69.1555277777766
ADP.2019-09-04T13_34_26.670.fits,t15,2003-12-03T02:19:40.767,52976.09699962,GIRAFFE,ESO-VLT-U2,ADP.2019-09-04T13:34:26.670.fits,072.C-0348(A),SCIENCE_RBNSPEC_IDP,,,,84.5036666666652,-69.1444166666655
ADP.2019-09-04T13_34_26.672.fits,u33,2003-12-03T02:19:40.767,52976.09699962,GIRAFFE,ESO-VLT-U2,ADP.2019-09-04T13:34:26.672.fits,072.C-0348(A),SCIENCE_RBNSPEC_IDP,,,,84.9085833333319,-69.1666388888877
ADP.2019-09-04T13_34_26.674.fits,t33,2003-12-03T04:37:30.720,52976.19271667,GIRAFFE,ESO-VLT-U2,ADP.2019-09-04T13:34:26.674.fits,072.C-0348(A),SCIENCE_RBNSPEC_IDP,,,,84.5971249999985,-69.0777499999988
ADP.2019-09-04T13_34_26.676.fits,t16,2003-12-03T02:52:22.540,52976.11970533,GIRAFFE,ESO-VLT-U2,ADP.2019-09-04T13:34:26.676.fits,072.C-0348(A),SCIENCE_RBNSPEC_IDP,,,,84.5036666666652,-69.1333055555544
ADP.2019-09-04T13_34_26.678.fits,t05,2003-12-03T04:37:30.720,52976.19271667,GIRAFFE,ESO-VLT-U2,ADP.2019-09-04T13:34:26.678.fits,072.C-0348(A),SCIENCE_RBNSPEC_IDP,,,,84.4725416666653,-69.1221944444433
ADP.2019-09-04T13_34_26.680.fits,u40,2003-12-03T04:48:28.838,52976.20033378,GIRAFFE,ESO-VLT-U2,ADP.2019-09-04T13:34:26.680.fits,072.C-0348(A),SCIENCE_RBNSPEC_IDP,,,,84.9085833333319,-69.0221944444433
ADP.2019-09-04T13_34_26.682.fits,t14,2003-12-03T03:14:13.205,52976.13487507,GIRAFFE,ESO-VLT-U2,ADP.2019-09-04T13:34:26.682.fits,072.C-0348(A),SCIENCE_RBNSPEC_IDP,,,,84.4725416666653,-69.1333055555544
ADP.2019-09-04T13_34_26.684.fits,u31,2003-12-03T02:19:40.767,52976.09699962,GIRAFFE,ESO-VLT-U2,ADP.2019-09-04T13:34:26.684.fits,072.C-0348(A),SCIENCE_RBNSPEC_IDP,,,,84.8774583333319,-69.0555277777766
ADP.2019-09-04T13_34_26.686.fits,u16,2003-12-03T02:41:30.802,52976.11216207,GIRAFFE,ESO-VLT-U2,ADP.2019-09-04T13:34:26.686.fits,072.C-0348(A),SCIENCE_RBNSPEC_IDP,,,,84.7839999999986,-69.0888611111099
ADP.2019-09-04T13_34_26.688.fits,u12,2003-12-03T02:19:40.767,52976.09699962,GIRAFFE,ESO-VLT-U2,ADP.2019-09-04T13:34:26.688.fits,072.C-0348(A),SCIENCE_RBNSPEC_IDP,,,,84.7839999999986,-69.1333055555544
ADP.2019-09-04T13_34_26.690.fits,u32,2003-12-03T02:52:22.540,52976.11970533,GIRAFFE,ESO-VLT-U2,ADP.2019-09-04T13:34:26.690.fits,072.C-0348(A),SCIENCE_RBNSPEC_IDP,,,,84.8774583333319,-69.0444166666655
ADP.2019-09-04T13_34_26.692.fits,t44,2003-12-03T03:14:13.205,52976.13487507,GIRAFFE,ESO-VLT-U2,ADP.2019-09-04T13:34:26.692.fits,072.C-0348(A),SCIENCE_RBNSPEC_IDP,,,,84.6282499999986,-69.0888611111099
ADP.2019-09-04T13_34_26.694.fits,t37,2003-12-03T02:19:40.767,52976.09699962,GIRAFFE,ESO-VLT-U2,ADP.2019-09-04T13:34:26.694.fits,072.C-0348(A),SCIENCE_RBNSPEC_IDP,,,,84.5971249999985,-69.1444166666655
ADP.2019-09-04T13_34_26.696.fits,t18,2003-12-03T02:41:30.802,52976.11216207,GIRAFFE,ESO-VLT-U2,ADP.2019-09-04T13:34:26.696.fits,072.C-0348(A),SCIENCE_RBNSPEC_IDP,,,,84.5348333333319,-69.1333055555544
ADP.2019-09-04T13_34_26.698.fits,t03,2003-12-03T04:26:30.672,52976.18507722,GIRAFFE,ESO-VLT-U2,ADP.2019-09-04T13:34:26.698.fits,072.C-0348(A),SCIENCE_RBNSPEC_IDP,,,,84.4725416666653,-69.1666388888877
ADP.2019-09-04T13_34_26.700.fits,u16,2003-12-03T02:30:32.164,52976.10453894,GIRAFFE,ESO-VLT-U2,ADP.2019-09-04T13:34:26.700.fits,072.C-0348(A),SCIENCE_RBNSPEC_IDP,,,,84.7839999999986,-69.0888611111099
ADP.2019-09-04T13_34_26.702.fits,t15,2003-12-03T02:52:22.540,52976.11970533,GIRAFFE,ESO-VLT-U2,ADP.2019-09-04T13:34:26.702.fits,072.C-0348(A),SCIENCE_RBNSPEC_IDP,,,,84.5036666666652,-69.1444166666655
ADP.2019-09-04T13_34_26.704.fits,t60,2003-12-03T04:48:28.838,52976.20033378,GIRAFFE,ESO-VLT-U2,ADP.2019-09-04T13:34:26.704.fits,072.C-0348(A),SCIENCE_RBNSPEC_IDP,,,,84.7217083333319,-69.0777499999988
ADP.2019-09-04T13_34_26.706.fits,u04,2003-12-03T03:03:21.958,52976.12733748,GIRAFFE,ESO-VLT-U2,ADP.2019-09-04T13:34:26.706.fits,072.C-0348(A),SCIENCE_RBNSPEC_IDP,,,,84.7217083333319,-69.0444166666655
ADP.2019-09-04T13_34_26.708.fits,t10,2003-12-03T04:26:30.672,52976.18507722,GIRAFFE,ESO-VLT-U2,ADP.2019-09-04T13:34:26.708.fits,072.C-0348(A),SCIENCE_RBNSPEC_IDP,,,,84.4725416666653,-69.0555277777766
ADP.2019-09-04T13_34_26.710.fits,u01,2003-12-03T03:14:13.205,52976.13487507,GIRAFFE,ESO-VLT-U2,ADP.2019-09-04T13:34:26.710.fits,072.C-0348(A),SCIENCE_RBNSPEC_IDP,,,,84.7217083333319,-69.099972222221
ADP.2019-09-04T13_34_26.712.fits,u35,2003-12-03T04:26:30.672,52976.18507722,GIRAFFE,ESO-VLT-U2,ADP.2019-09-04T13:34:26.712.fits,072.C-0348(A),SCIENCE_RBNSPEC_IDP,,,,84.8774583333319,-69.0777499999988
ADP.2019-09-04T13_34_26.714.fits,u19,2003-12-03T02:41:30.802,52976.11216207,GIRAFFE,ESO-VLT-U2,ADP.2019-09-04T13:34:26.714.fits,072.C-0348(A),SCIENCE_RBNSPEC_IDP,,,,84.8151249999986,-69.1666388888877
ADP.2019-09-04T13_34_26.716.fits,t57,2003-12-03T04:37:30.720,52976.19271667,GIRAFFE,ESO-VLT-U2,ADP.2019-09-04T13:34:26.716.fits,072.C-0348(A),SCIENCE_RBNSPEC_IDP,,,,84.7217083333319,-69.1444166666655
ADP.2019-09-04T13_34_26.718.fits,t40,2003-12-03T03:14:13.205,52976.13487507,GIRAFFE,ESO-VLT-U2,ADP.2019-09-04T13:34:26.718.fits,072.C-0348(A),SCIENCE_RBNSPEC_IDP,,,,84.5971249999985,-69.0888611111099
ADP.2019-09-04T13_34_26.720.fits,t45,2003-12-03T02:19:40.767,52976.09699962,GIRAFFE,ESO-VLT-U2,ADP.2019-09-04T13:34:26.720.fits,072.C-0348(A),SCIENCE_RBNSPEC_IDP,,,,84.6594166666653,-69.1444166666655
ADP.2019-09-04T13_34_26.722.fits,u26,2003-12-03T04:48:28.838,52976.20033378,GIRAFFE,ESO-VLT-U2,ADP.2019-09-04T13:34:26.722.fits,072.C-0348(A),SCIENCE_RBNSPEC_IDP,,,,84.8462916666652,-69.0333055555544
ADP.2019-09-04T13_34_26.724.fits,u01,2003-12-03T02:41:30.802,52976.11216207,GIRAFFE,ESO-VLT-U2,ADP.2019-09-04T13:34:26.724.fits,072.C-0348(A),SCIENCE_RBNSPEC_IDP,,,,84.7217083333319,-69.099972222221
ADP.2019-09-04T13_34_26.726.fits,t02,2003-12-03T04:26:30.672,52976.18507722,GIRAFFE,ESO-VLT-U2,ADP.2019-09-04T13:34:26.726.fits,072.C-0348(A),SCIENCE_RBNSPEC_IDP,,,,84.4413749999986,-69.1555277777766
ADP.2019-09-04T13_34_26.728.fits,u17,2003-12-03T04:37:30.720,52976.19271667,GIRAFFE,ESO-VLT-U2,ADP.2019-09-04T13:34:26.728.fits,072.C-0348(A),SCIENCE_RBNSPEC_IDP,,,,84.8462916666652,-69.1666388888877
ADP.2019-09-04T13_34_26.730.fits,t23,2003-12-03T02:52:22.540,52976.11970533,GIRAFFE,ESO-VLT-U2,ADP.2019-09-04T13:34:26.730.fits,072.C-0348(A),SCIENCE_RBNSPEC_IDP,,,,84.5348333333319,-69.0555277777766
ADP.2019-09-04T13_34_26.732.fits,t13,2003-12-03T02:30:32.164,52976.10453894,GIRAFFE,ESO-VLT-U2,ADP.2019-09-04T13:34:26.732.fits,072.C-0348(A),SCIENCE_RBNSPEC_IDP,,,,84.4725416666653,-69.1444166666655
ADP.2019-09-04T13_34_26.734.fits,u36,2003-12-03T02:41:30.802,52976.11216207,GIRAFFE,ESO-VLT-U2,ADP.2019-09-04T13:34:26.734.fits,072.C-0348(A),SCIENCE_RBNSPEC_IDP,,,,84.9085833333319,-69.1333055555544
ADP.2019-09-04T13_34_26.736.fits,u26,2003-12-03T03:14:13.205,52976.13487507,GIRAFFE,ESO-VLT-U2,ADP.2019-09-04T13:34:26.736.fits,072.C-0348(A),SCIENCE_RBNSPEC_IDP,,,,84.8151249999986,-69.0888611111099
ADP.2019-09-04T13_34_26.738.fits,t05,2003-12-03T04:48:28.838,52976.20033378,GIRAFFE,ESO-VLT-U2,ADP.2019-09-04T13:34:26.738.fits,072.C-0348(A),SCIENCE_RBNSPEC_IDP,,,,84.4725416666653,-69.1221944444433
ADP.2019-09-04T13_34_26.740.fits,u39,2003-12-03T03:14:13.205,52976.13487507,GIRAFFE,ESO-VLT-U2,ADP.2019-09-04T13:34:26.740.fits,072.C-0348(A),SCIENCE_RBNSPEC_IDP,,,,84.9085833333319,-69.099972222221
ADP.2019-09-04T13_34_26.742.fits,u35,2003-12-03T04:48:28.838,52976.20033378,GIRAFFE,ESO-VLT-U2,ADP.2019-09-04T13:34:26.742.fits,072.C-0348(A),SCIENCE_RBNSPEC_IDP,,,,84.8774583333319,-69.0777499999988
ADP.2019-09-04T13_34_26.744.fits,t20,2003-12-03T03:14:13.205,52976.13487507,GIRAFFE,ESO-VLT-U2,ADP.2019-09-04T13:34:26.744.fits,072.C-0348(A),SCIENCE_RBNSPEC_IDP,,,,84.5348333333319,-69.0888611111099
ADP.2019-09-04T13_34_26.746.fits,u11,2003-12-03T02:30:32.164,52976.10453894,GIRAFFE,ESO-VLT-U2,ADP.2019-09-04T13:34:26.746.fits,072.C-0348(A),SCIENCE_RBNSPEC_IDP,,,,84.7839999999986,-69.1444166666655
ADP.2019-09-04T13_34_26.748.fits,u19,2003-12-03T02:19:40.767,52976.09699962,GIRAFFE,ESO-VLT-U2,ADP.2019-09-04T13:34:26.748.fits,072.C-0348(A),SCIENCE_RBNSPEC_IDP,,,,84.8151249999986,-69.1666388888877
ADP.2019-09-04T13_34_26.750.fits,u11,2003-12-03T04:48:28.838,52976.20033378,GIRAFFE,ESO-VLT-U2,ADP.2019-09-04T13:34:26.750.fits,072.C-0348(A),SCIENCE_RBNSPEC_IDP,,,,84.7839999999986,-69.0333055555544
ADP.2019-09-04T13_34_26.752.fits,t35,2003-12-03T04:37:30.720,52976.19271667,GIRAFFE,ESO-VLT-U2,ADP.2019-09-04T13:34:26.752.fits,072.C-0348(A),SCIENCE_RBNSPEC_IDP,,,,84.5971249999985,-69.0444166666655
ADP.2019-09-04T13_34_26.754.fits,t44,2003-12-03T03:03:21.958,52976.12733748,GIRAFFE,ESO-VLT-U2,ADP.2019-09-04T13:34:26.754.fits,072.C-0348(A),SCIENCE_RBNSPEC_IDP,,,,84.6282499999986,-69.0888611111099
ADP.2019-09-04T13_34_26.756.fits,u22,2003-12-03T02:19:40.767,52976.09699962,GIRAFFE,ESO-VLT-U2,ADP.2019-09-04T13:34:26.756.fits,072.C-0348(A),SCIENCE_RBNSPEC_IDP,,,,84.8151249999986,-69.1333055555544
ADP.2019-09-04T13_34_26.758.fits,t48,2003-12-03T04:26:30.672,52976.18507722,GIRAFFE,ESO-VLT-U2,ADP.2019-09-04T13:34:26.758.fits,072.C-0348(A),SCIENCE_RBNSPEC_IDP,,,,84.6594166666653,-69.1555277777766
ADP.2019-09-04T13_34_26.760.fits,t47,2003-12-03T02:52:22.540,52976.11970533,GIRAFFE,ESO-VLT-U2,ADP.2019-09-04T13:34:26.760.fits,072.C-0348(A),SCIENCE_RBNSPEC_IDP,,,,84.6594166666653,-69.1221944444433
ADP.2019-09-04T13_34_26.762.fits,t33,2003-12-03T04:48:28.838,52976.20033378,GIRAFFE,ESO-VLT-U2,ADP.2019-09-04T13:34:26.762.fits,072.C-0348(A),SCIENCE_RBNSPEC_IDP,,,,84.5971249999985,-69.0777499999988
ADP.2019-09-04T13_34_26.764.fits,u12,2003-12-03T03:14:13.205,52976.13487507,GIRAFFE,ESO-VLT-U2,ADP.2019-09-04T13:34:26.764.fits,072.C-0348(A),SCIENCE_RBNSPEC_IDP,,,,84.7839999999986,-69.1333055555544
ADP.2019-09-04T13_34_26.766.fits,t29,2003-12-03T04:26:30.672,52976.18507722,GIRAFFE,ESO-VLT-U2,ADP.2019-09-04T13:34:26.766.fits,072.C-0348(A),SCIENCE_RBNSPEC_IDP,,,,84.5659583333319,-69.1666388888877
ADP.2019-09-04T13_34_26.768.fits,t28,2003-12-03T04:48:28.838,52976.20033378,GIRAFFE,ESO-VLT-U2,ADP.2019-09-04T13:34:26.768.fits,072.C-0348(A),SCIENCE_RBNSPEC_IDP,,,,84.5348333333319,-69.1110833333322
ADP.2019-09-04T13_34_26.770.fits,u17,2003-12-03T04:26:30.672,52976.18507722,GIRAFFE,ESO-VLT-U2,ADP.2019-09-04T13:34:26.770.fits,072.C-0348(A),SCIENCE_RBNSPEC_IDP,,,,84.8462916666652,-69.1666388888877
ADP.2019-09-04T13_34_26.772.fits,u04,2003-12-03T02:30:32.164,52976.10453894,GIRAFFE,ESO-VLT-U2,ADP.2019-09-04T13:34:26.772.fits,072.C-0348(A),SCIENCE_RBNSPEC_IDP,,,,84.7217083333319,-69.0444166666655
ADP.2019-09-04T13_34_26.774.fits,t45,2003-12-03T02:41:30.802,52976.11216207,GIRAFFE,ESO-VLT-U2,ADP.2019-09-04T13:34:26.774.fits,072.C-0348(A),SCIENCE_RBNSPEC_IDP,,,,84.6594166666653,-69.1444166666655
ADP.2019-09-04T13_34_26.776.fits,u36,2003-12-03T04:37:30.720,52976.19271667,GIRAFFE,ESO-VLT-U2,ADP.2019-09-04T13:34:26.776.fits,072.C-0348(A),SCIENCE_RBNSPEC_IDP,,,,84.8774583333319,-69.0666388888877
ADP.2019-09-04T13_34_26.778.fits,t02,2003-12-03T04:37:30.720,52976.19271667,GIRAFFE,ESO-VLT-U2,ADP.2019-09-04T13:34:26.778.fits,072.C-0348(A),SCIENCE_RBNSPEC_IDP,,,,84.4413749999986,-69.1555277777766
ADP.2019-09-04T13_34_26.780.fits,u17,2003-12-03T03:03:21.958,52976.12733748,GIRAFFE,ESO-VLT-U2,ADP.2019-09-04T13:34:26.780.fits,072.C-0348(A),SCIENCE_RBNSPEC_IDP,,,,84.7839999999986,-69.0555277777766
ADP.2019-09-04T13_34_26.782.fits,u01,2003-12-03T04:37:30.720,52976.19271667,GIRAFFE,ESO-VLT-U2,ADP.2019-09-04T13:34:26.782.fits,072.C-0348(A),SCIENCE_RBNSPEC_IDP,,,,84.7217083333319,-69.0666388888877
ADP.2019-09-04T13_34_26.784.fits,t59,2003-12-03T03:03:21.958,52976.12733748,GIRAFFE,ESO-VLT-U2,ADP.2019-09-04T13:34:26.784.fits,072.C-0348(A),SCIENCE_RBNSPEC_IDP,,,,84.6905416666652,-69.0555277777766
ADP.2019-09-04T13_34_26.786.fits,u38,2003-12-03T03:14:13.205,52976.13487507,GIRAFFE,ESO-VLT-U2,ADP.2019-09-04T13:34:26.786.fits,072.C-0348(A),SCIENCE_RBNSPEC_IDP,,,,84.9085833333319,-69.1110833333322
ADP.2019-09-04T13_34_26.788.fits,t15,2003-12-03T02:41:30.802,52976.11216207,GIRAFFE,ESO-VLT-U2,ADP.2019-09-04T13:34:26.788.fits,072.C-0348(A),SCIENCE_RBNSPEC_IDP,,,,84.5036666666652,-69.1444166666655
ADP.2019-09-04T13_34_26.790.fits,t56,2003-12-03T02:52:22.540,52976.11970533,GIRAFFE,ESO-VLT-U2,ADP.2019-09-04T13:34:26.790.fits,072.C-0348(A),SCIENCE_RBNSPEC_IDP,,,,84.6905416666652,-69.1110833333322
ADP.2019-09-04T13_34_26.792.fits,t26,2003-12-03T02:30:32.164,52976.10453894,GIRAFFE,ESO-VLT-U2,ADP.2019-09-04T13:34:26.792.fits,072.C-0348(A),SCIENCE_RBNSPEC_IDP,,,,84.5348333333319,-69.0221944444433
ADP.2019-09-04T13_34_26.794.fits,u06,2003-12-03T03:14:13.205,52976.13487507,GIRAFFE,ESO-VLT-U2,ADP.2019-09-04T13:34:26.794.fits,072.C-0348(A),SCIENCE_RBNSPEC_IDP,,,,84.7528333333319,-69.0888611111099
ADP.2019-09-04T13_34_26.796.fits,u11,2003-12-03T03:14:13.205,52976.13487507,GIRAFFE,ESO-VLT-U2,ADP.2019-09-04T13:34:26.796.fits,072.C-0348(A),SCIENCE_RBNSPEC_IDP,,,,84.7839999999986,-69.1444166666655
ADP.2019-09-04T13_34_26.798.fits,t13,2003-12-03T03:03:21.958,52976.12733748,GIRAFFE,ESO-VLT-U2,ADP.2019-09-04T13:34:26.798.fits,072.C-0348(A),SCIENCE_RBNSPEC_IDP,,,,84.4725416666653,-69.1444166666655
ADP.2019-09-04T13_34_26.800.fits,u04,2003-12-03T02:19:40.767,52976.09699962,GIRAFFE,ESO-VLT-U2,ADP.2019-09-04T13:34:26.800.fits,072.C-0348(A),SCIENCE_RBNSPEC_IDP,,,,84.7217083333319,-69.0444166666655
ADP.2019-09-04T13_34_26.802.fits,t17,2003-12-03T02:30:32.164,52976.10453894,GIRAFFE,ESO-VLT-U2,ADP.2019-09-04T13:34:26.802.fits,072.C-0348(A),SCIENCE_RBNSPEC_IDP,,,,84.5348333333319,-69.1444166666655
ADP.2019-09-04T13_34_26.804.fits,u09,2003-12-03T02:19:40.767,52976.09699962,GIRAFFE,ESO-VLT-U2,ADP.2019-09-04T13:34:26.804.fits,072.C-0348(A),SCIENCE_RBNSPEC_IDP,,,,84.7839999999986,-69.1666388888877
ADP.2019-09-04T13_34_26.806.fits,u07,2003-12-03T02:52:22.540,52976.11970533,GIRAFFE,ESO-VLT-U2,ADP.2019-09-04T13:34:26.806.fits,072.C-0348(A),SCIENCE_RBNSPEC_IDP,,,,84.7528333333319,-69.0555277777766
ADP.2019-09-04T13_34_26.808.fits,t19,2003-12-03T02:30:32.164,52976.10453894,GIRAFFE,ESO-VLT-U2,ADP.2019-09-04T13:34:26.808.fits,072.C-0348(A),SCIENCE_RBNSPEC_IDP,,,,84.5348333333319,-69.099972222221
ADP.2019-09-04T13_34_26.810.fits,t23,2003-12-03T02:30:32.164,52976.10453894,GIRAFFE,ESO-VLT-U2,ADP.2019-09-04T13:34:26.810.fits,072.C-0348(A),SCIENCE_RBNSPEC_IDP,,,,84.5348333333319,-69.0555277777766
ADP.2019-09-04T13_34_26.812.fits,t19,2003-12-03T02:19:40.767,52976.09699962,GIRAFFE,ESO-VLT-U2,ADP.2019-09-04T13:34:26.812.fits,072.C-0348(A),SCIENCE_RBNSPEC_IDP,,,,84.5348333333319,-69.099972222221
ADP.2019-09-04T13_34_26.814.fits,u25,2003-12-03T02:41:30.802,52976.11216207,GIRAFFE,ESO-VLT-U2,ADP.2019-09-04T13:34:26.814.fits,072.C-0348(A),SCIENCE_RBNSPEC_IDP,,,,84.8151249999986,-69.099972222221
ADP.2019-09-04T13_34_26.816.fits,u32,2003-12-03T02:19:40.767,52976.09699962,GIRAFFE,ESO-VLT-U2,ADP.2019-09-04T13:34:26.816.fits,072.C-0348(A),SCIENCE_RBNSPEC_IDP,,,,84.8774583333319,-69.0444166666655
ADP.2019-09-04T13_34_26.818.fits,t32,2003-12-03T04:26:30.672,52976.18507722,GIRAFFE,ESO-VLT-U2,ADP.2019-09-04T13:34:26.818.fits,072.C-0348(A),SCIENCE_RBNSPEC_IDP,,,,84.5659583333319,-69.1110833333322
ADP.2019-09-04T13_34_26.820.fits,t17,2003-12-03T04:37:30.720,52976.19271667,GIRAFFE,ESO-VLT-U2,ADP.2019-09-04T13:34:26.820.fits,072.C-0348(A),SCIENCE_RBNSPEC_IDP,,,,84.5036666666652,-69.1110833333322
ADP.2019-09-04T13_34_26.822.fits,u28,2003-12-03T04:37:30.720,52976.19271667,GIRAFFE,ESO-VLT-U2,ADP.2019-09-04T13:34:26.822.fits,072.C-0348(A),SCIENCE_RBNSPEC_IDP,,,,84.8774583333319,-69.1666388888877
ADP.2019-09-04T13_34_26.824.fits,u41,2003-12-03T02:52:22.540,52976.11970533,GIRAFFE,ESO-VLT-U2,ADP.2019-09-04T13:34:26.824.fits,072.C-0348(A),SCIENCE_RBNSPEC_IDP,,,,84.9085833333319,-69.0777499999988
ADP.2019-09-04T13_34_26.826.fits,t50,2003-12-03T02:52:22.540,52976.11970533,GIRAFFE,ESO-VLT-U2,ADP.2019-09-04T13:34:26.826.fits,072.C-0348(A),SCIENCE_RBNSPEC_IDP,,,,84.6594166666653,-69.0666388888877
ADP.2019-09-04T13_34_26.828.fits,u03,2003-12-03T03:03:21.958,52976.12733748,GIRAFFE,ESO-VLT-U2,ADP.2019-09-04T13:34:26.828.fits,072.C-0348(A),SCIENCE_RBNSPEC_IDP,,,,84.7217083333319,-69.0555277777766
ADP.2019-09-04T13_34_26.830.fits,t31,2003-12-03T04:37:30.720,52976.19271667,GIRAFFE,ESO-VLT-U2,ADP.2019-09-04T13:34:26.830.fits,072.C-0348(A),SCIENCE_RBNSPEC_IDP,,,,84.5659583333319,-69.1221944444433
ADP.2019-09-04T13_34_26.832.fits,t23,2003-12-03T04:37:30.720,52976.19271667,GIRAFFE,ESO-VLT-U2,ADP.2019-09-04T13:34:26.832.fits,072.C-0348(A),SCIENCE_RBNSPEC_IDP,,,,84.5036666666652,-69.0333055555544
ADP.2019-09-04T13_34_26.834.fits,t31,2003-12-03T03:03:21.958,52976.12733748,GIRAFFE,ESO-VLT-U2,ADP.2019-09-04T13:34:26.834.fits,072.C-0348(A),SCIENCE_RBNSPEC_IDP,,,,84.5659583333319,-69.0777499999988
ADP.2019-09-04T13_34_26.836.fits,u28,2003-12-03T02:52:22.540,52976.11970533,GIRAFFE,ESO-VLT-U2,ADP.2019-09-04T13:34:26.836.fits,072.C-0348(A),SCIENCE_RBNSPEC_IDP,,,,84.8151249999986,-69.0444166666655
ADP.2019-09-04T13_34_26.838.fits,t10,2003-12-03T04:37:30.720,52976.19271667,GIRAFFE,ESO-VLT-U2,ADP.2019-09-04T13:34:26.838.fits,072.C-0348(A),SCIENCE_RBNSPEC_IDP,,,,84.4725416666653,-69.0555277777766
ADP.2019-09-04T13_34_26.840.fits,t03,2003-12-03T04:48:28.838,52976.20033378,GIRAFFE,ESO-VLT-U2,ADP.2019-09-04T13:34:26.840.fits,072.C-0348(A),SCIENCE_RBNSPEC_IDP,,,,84.4725416666653,-69.1666388888877
ADP.2019-09-04T13_34_26.842.fits,t31,2003-12-03T04:48:28.838,52976.20033378,GIRAFFE,ESO-VLT-U2,ADP.2019-09-04T13:34:26.842.fits,072.C-0348(A),SCIENCE_RBNSPEC_IDP,,,,84.5659583333319,-69.1221944444433
ADP.2019-09-04T13_34_26.844.fits,t35,2003-12-03T02:30:32.164,52976.10453894,GIRAFFE,ESO-VLT-U2,ADP.2019-09-04T13:34:26.844.fits,072.C-0348(A),SCIENCE_RBNSPEC_IDP,,,,84.5659583333319,-69.0333055555544
ADP.2019-09-04T13_34_26.846.fits,u06,2003-12-03T04:26:30.672,52976.18507722,GIRAFFE,ESO-VLT-U2,ADP.2019-09-04T13:34:26.846.fits,072.C-0348(A),SCIENCE_RBNSPEC_IDP,,,,84.7528333333319,-69.1444166666655
ADP.2019-09-04T13_34_26.848.fits,u35,2003-12-03T02:52:22.540,52976.11970533,GIRAFFE,ESO-VLT-U2,ADP.2019-09-04T13:34:26.848.fits,072.C-0348(A),SCIENCE_RBNSPEC_IDP,,,,84.9085833333319,-69.1444166666655
ADP.2019-09-04T13_34_26.850.fits,u41,2003-12-03T03:03:21.958,52976.12733748,GIRAFFE,ESO-VLT-U2,ADP.2019-09-04T13:34:26.850.fits,072.C-0348(A),SCIENCE_RBNSPEC_IDP,,,,84.9085833333319,-69.0777499999988
ADP.2019-09-04T13_34_26.852.fits,t37,2003-12-03T03:14:13.205,52976.13487507,GIRAFFE,ESO-VLT-U2,ADP.2019-09-04T13:34:26.852.fits,072.C-0348(A),SCIENCE_RBNSPEC_IDP,,,,84.5971249999985,-69.1444166666655
ADP.2019-09-04T13_34_26.854.fits,t06,2003-12-03T02:19:40.767,52976.09699962,GIRAFFE,ESO-VLT-U2,ADP.2019-09-04T13:34:26.854.fits,072.C-0348(A),SCIENCE_RBNSPEC_IDP,,,,84.4413749999986,-69.0888611111099
ADP.2019-09-04T13_34_26.856.fits,u13,2003-12-03T04:37:30.720,52976.19271667,GIRAFFE,ESO-VLT-U2,ADP.2019-09-04T13:34:26.856.fits,072.C-0348(A),SCIENCE_RBNSPEC_IDP,,,,84.8151249999986,-69.0777499999988
ADP.2019-09-04T13_34_26.858.fits,t24,2003-12-03T02:41:30.802,52976.11216207,GIRAFFE,ESO-VLT-U2,ADP.2019-09-04T13:34:26.858.fits,072.C-0348(A),SCIENCE_RBNSPEC_IDP,,,,84.5348333333319,-69.0444166666655
ADP.2019-09-04T13_34_26.860.fits,u16,2003-12-03T04:26:30.672,52976.18507722,GIRAFFE,ESO-VLT-U2,ADP.2019-09-04T13:34:26.860.fits,072.C-0348(A),SCIENCE_RBNSPEC_IDP,,,,84.8151249999986,-69.0221944444433
ADP.2019-09-04T13_34_26.862.fits,u15,2003-12-03T04:37:30.720,52976.19271667,GIRAFFE,ESO-VLT-U2,ADP.2019-09-04T13:34:26.862.fits,072.C-0348(A),SCIENCE_RBNSPEC_IDP,,,,84.8151249999986,-69.0333055555544
ADP.2019-09-04T13_34_26.864.fits,t20,2003-12-03T03:03:21.958,52976.12733748,GIRAFFE,ESO-VLT-U2,ADP.2019-09-04T13:34:26.864.fits,072.C-0348(A),SCIENCE_RBNSPEC_IDP,,,,84.5348333333319,-69.0888611111099
ADP.2019-09-04T13_34_26.866.fits,t05,2003-12-03T02:19:40.767,52976.09699962,GIRAFFE,ESO-VLT-U2,ADP.2019-09-04T13:34:26.866.fits,072.C-0348(A),SCIENCE_RBNSPEC_IDP,,,,84.4413749999986,-69.099972222221
ADP.2019-09-04T13_34_26.868.fits,t20,2003-12-03T02:30:32.164,52976.10453894,GIRAFFE,ESO-VLT-U2,ADP.2019-09-04T13:34:26.868.fits,072.C-0348(A),SCIENCE_RBNSPEC_IDP,,,,84.5348333333319,-69.0888611111099
ADP.2019-09-04T13_34_26.870.fits,u33,2003-12-03T03:14:13.205,52976.13487507,GIRAFFE,ESO-VLT-U2,ADP.2019-09-04T13:34:26.870.fits,072.C-0348(A),SCIENCE_RBNSPEC_IDP,,,,84.9085833333319,-69.1666388888877
ADP.2019-09-04T13_34_26.872.fits,u36,2003-12-03T02:30:32.164,52976.10453894,GIRAFFE,ESO-VLT-U2,ADP.2019-09-04T13:34:26.872.fits,072.C-0348(A),SCIENCE_RBNSPEC_IDP,,,,84.9085833333319,-69.1333055555544
ADP.2019-09-04T13_34_26.874.fits,u02,2003-12-03T02:52:22.540,52976.11970533,GIRAFFE,ESO-VLT-U2,ADP.2019-09-04T13:34:26.874.fits,072.C-0348(A),SCIENCE_RBNSPEC_IDP,,,,84.7217083333319,-69.0888611111099
ADP.2019-09-04T13_34_26.876.fits,u06,2003-12-03T04:37:30.720,52976.19271667,GIRAFFE,ESO-VLT-U2,ADP.2019-09-04T13:34:26.876.fits,072.C-0348(A),SCIENCE_RBNSPEC_IDP,,,,84.7528333333319,-69.1444166666655
ADP.2019-09-04T13_34_26.878.fits,t04,2003-12-03T04:37:30.720,52976.19271667,GIRAFFE,ESO-VLT-U2,ADP.2019-09-04T13:34:26.878.fits,072.C-0348(A),SCIENCE_RBNSPEC_IDP,,,,84.4725416666653,-69.1555277777766
ADP.2019-09-04T13_34_26.880.fits,u02,2003-12-03T02:41:30.802,52976.11216207,GIRAFFE,ESO-VLT-U2,ADP.2019-09-04T13:34:26.880.fits,072.C-0348(A),SCIENCE_RBNSPEC_IDP,,,,84.7217083333319,-69.0888611111099
ADP.2019-09-04T13_34_26.882.fits,t06,2003-12-03T04:48:28.838,52976.20033378,GIRAFFE,ESO-VLT-U2,ADP.2019-09-04T13:34:26.882.fits,072.C-0348(A),SCIENCE_RBNSPEC_IDP,,,,84.4725416666653,-69.1110833333322
ADP.2019-09-04T13_34_26.884.fits,u22,2003-12-03T02:30:32.164,52976.10453894,GIRAFFE,ESO-VLT-U2,ADP.2019-09-04T13:34:26.884.fits,072.C-0348(A),SCIENCE_RBNSPEC_IDP,,,,84.8151249999986,-69.1333055555544
ADP.2019-09-04T13_34_26.886.fits,t08,2003-12-03T02:19:40.767,52976.09699962,GIRAFFE,ESO-VLT-U2,ADP.2019-09-04T13:34:26.886.fits,072.C-0348(A),SCIENCE_RBNSPEC_IDP,,,,84.4413749999986,-69.0666388888877
ADP.2019-09-04T13_34_26.888.fits,t26,2003-12-03T02:41:30.802,52976.11216207,GIRAFFE,ESO-VLT-U2,ADP.2019-09-04T13:34:26.888.fits,072.C-0348(A),SCIENCE_RBNSPEC_IDP,,,,84.5348333333319,-69.0221944444433
ADP.2019-09-04T13_34_26.890.fits,t01,2003-12-03T03:03:21.958,52976.12733748,GIRAFFE,ESO-VLT-U2,ADP.2019-09-04T13:34:26.890.fits,072.C-0348(A),SCIENCE_RBNSPEC_IDP,,,,84.4413749999986,-69.1444166666655
ADP.2019-09-04T13_34_26.892.fits,u30,2003-12-03T03:03:21.958,52976.12733748,GIRAFFE,ESO-VLT-U2,ADP.2019-09-04T13:34:26.892.fits,072.C-0348(A),SCIENCE_RBNSPEC_IDP,,,,84.8462916666652,-69.0444166666655
ADP.2019-09-04T13_34_26.894.fits,t45,2003-12-03T02:30:32.164,52976.10453894,GIRAFFE,ESO-VLT-U2,ADP.2019-09-04T13:34:26.894.fits,072.C-0348(A),SCIENCE_RBNSPEC_IDP,,,,84.6594166666653,-69.1444166666655
ADP.2019-09-04T13_34_26.896.fits,t53,2003-12-03T02:30:32.164,52976.10453894,GIRAFFE,ESO-VLT-U2,ADP.2019-09-04T13:34:26.896.fits,072.C-0348(A),SCIENCE_RBNSPEC_IDP,,,,84.6905416666652,-69.1444166666655
ADP.2019-09-04T13_34_26.898.fits,t24,2003-12-03T02:30:32.164,52976.10453894,GIRAFFE,ESO-VLT-U2,ADP.2019-09-04T13:34:26.898.fits,072.C-0348(A),SCIENCE_RBNSPEC_IDP,,,,84.5348333333319,-69.0444166666655
ADP.2019-09-04T13_34_26.900.fits,t55,2003-12-03T03:03:21.958,52976.12733748,GIRAFFE,ESO-VLT-U2,ADP.2019-09-04T13:34:26.900.fits,072.C-0348(A),SCIENCE_RBNSPEC_IDP,,,,84.6905416666652,-69.1221944444433
ADP.2019-09-04T13_34_26.902.fits,t29,2003-12-03T03:03:21.958,52976.12733748,GIRAFFE,ESO-VLT-U2,ADP.2019-09-04T13:34:26.902.fits,072.C-0348(A),SCIENCE_RBNSPEC_IDP,,,,84.5659583333319,-69.099972222221
ADP.2019-09-04T13_34_26.904.fits,u44,2003-12-03T02:30:32.164,52976.10453894,GIRAFFE,ESO-VLT-U2,ADP.2019-09-04T13:34:26.904.fits,072.C-0348(A),SCIENCE_RBNSPEC_IDP,,,,84.9085833333319,-69.0444166666655
ADP.2019-09-04T13_34_26.906.fits,u44,2003-12-03T02:41:30.802,52976.11216207,GIRAFFE,ESO-VLT-U2,ADP.2019-09-04T13:34:26.906.fits,072.C-0348(A),SCIENCE_RBNSPEC_IDP,,,,84.9085833333319,-69.0444166666655
ADP.2019-09-04T13_34_26.908.fits,t03,2003-12-03T03:14:13.205,52976.13487507,GIRAFFE,ESO-VLT-U2,ADP.2019-09-04T13:34:26.908.fits,072.C-0348(A),SCIENCE_RBNSPEC_IDP,,,,84.4413749999986,-69.1221944444433
ADP.2019-09-04T13_34_26.910.fits,u16,2003-12-03T04:37:30.720,52976.19271667,GIRAFFE,ESO-VLT-U2,ADP.2019-09-04T13:34:26.910.fits,072.C-0348(A),SCIENCE_RBNSPEC_IDP,,,,84.8151249999986,-69.0221944444433
ADP.2019-09-04T13_34_26.912.fits,t56,2003-12-03T04:37:30.720,52976.19271667,GIRAFFE,ESO-VLT-U2,ADP.2019-09-04T13:34:26.912.fits,072.C-0348(A),SCIENCE_RBNSPEC_IDP,,,,84.7217083333319,-69.1555277777766
ADP.2019-09-04T13_34_26.914.fits,t05,2003-12-03T03:03:21.958,52976.12733748,GIRAFFE,ESO-VLT-U2,ADP.2019-09-04T13:34:26.914.fits,072.C-0348(A),SCIENCE_RBNSPEC_IDP,,,,84.4413749999986,-69.099972222221
ADP.2019-09-04T13_34_26.916.fits,u23,2003-12-03T04:37:30.720,52976.19271667,GIRAFFE,ESO-VLT-U2,ADP.2019-09-04T13:34:26.916.fits,072.C-0348(A),SCIENCE_RBNSPEC_IDP,,,,84.8462916666652,-69.0888611111099
ADP.2019-09-04T13_34_26.918.fits,t10,2003-12-03T04:48:28.838,52976.20033378,GIRAFFE,ESO-VLT-U2,ADP.2019-09-04T13:34:26.918.fits,072.C-0348(A),SCIENCE_RBNSPEC_IDP,,,,84.4725416666653,-69.0555277777766
ADP.2019-09-04T13_34_26.920.fits,u19,2003-12-03T03:03:21.958,52976.12733748,GIRAFFE,ESO-VLT-U2,ADP.2019-09-04T13:34:26.920.fits,072.C-0348(A),SCIENCE_RBNSPEC_IDP,,,,84.8151249999986,-69.1666388888877
ADP.2019-09-04T13_34_26.922.fits,t07,2003-12-03T04:26:30.672,52976.18507722,GIRAFFE,ESO-VLT-U2,ADP.2019-09-04T13:34:26.922.fits,072.C-0348(A),SCIENCE_RBNSPEC_IDP,,,,84.4725416666653,-69.099972222221
ADP.2019-09-04T13_34_26.924.fits,t03,2003-12-03T03:03:21.958,52976.12733748,GIRAFFE,ESO-VLT-U2,ADP.2019-09-04T13:34:26.924.fits,072.C-0348(A),SCIENCE_RBNSPEC_IDP,,,,84.4413749999986,-69.1221944444433
ADP.2019-09-04T13_34_26.926.fits,u17,2003-12-03T02:52:22.540,52976.11970533,GIRAFFE,ESO-VLT-U2,ADP.2019-09-04T13:34:26.926.fits,072.C-0348(A),SCIENCE_RBNSPEC_IDP,,,,84.7839999999986,-69.0555277777766
ADP.2019-09-04T13_34_26.928.fits,u30,2003-12-03T02:52:22.540,52976.11970533,GIRAFFE,ESO-VLT-U2,ADP.2019-09-04T13:34:26.928.fits,072.C-0348(A),SCIENCE_RBNSPEC_IDP,,,,84.8462916666652,-69.0444166666655
ADP.2019-09-04T13_34_26.930.fits,u31,2003-12-03T02:41:30.802,52976.11216207,GIRAFFE,ESO-VLT-U2,ADP.2019-09-04T13:34:26.930.fits,072.C-0348(A),SCIENCE_RBNSPEC_IDP,,,,84.8774583333319,-69.0555277777766
ADP.2019-09-04T13_34_26.932.fits,t10,2003-12-03T03:03:21.958,52976.12733748,GIRAFFE,ESO-VLT-U2,ADP.2019-09-04T13:34:26.932.fits,072.C-0348(A),SCIENCE_RBNSPEC_IDP,,,,84.4413749999986,-69.0444166666655
ADP.2019-09-04T13_34_26.934.fits,u18,2003-12-03T03:14:13.205,52976.13487507,GIRAFFE,ESO-VLT-U2,ADP.2019-09-04T13:34:26.934.fits,072.C-0348(A),SCIENCE_RBNSPEC_IDP,,,,84.7839999999986,-69.0444166666655
ADP.2019-09-04T13_34_26.936.fits,u09,2003-12-03T04:37:30.720,52976.19271667,GIRAFFE,ESO-VLT-U2,ADP.2019-09-04T13:34:26.936.fits,072.C-0348(A),SCIENCE_RBNSPEC_IDP,,,,84.7839999999986,-69.0777499999988
ADP.2019-09-04T13_34_26.938.fits,t10,2003-12-03T02:52:22.540,52976.11970533,GIRAFFE,ESO-VLT-U2,ADP.2019-09-04T13:34:26.938.fits,072.C-0348(A),SCIENCE_RBNSPEC_IDP,,,,84.4413749999986,-69.0444166666655
ADP.2019-09-04T13_34_26.940.fits,t46,2003-12-03T04:48:28.838,52976.20033378,GIRAFFE,ESO-VLT-U2,ADP.2019-09-04T13:34:26.940.fits,072.C-0348(A),SCIENCE_RBNSPEC_IDP,,,,84.6282499999986,-69.0221944444433
ADP.2019-09-04T13_34_26.942.fits,u17,2003-12-03T04:48:28.838,52976.20033378,GIRAFFE,ESO-VLT-U2,ADP.2019-09-04T13:34:26.942.fits,072.C-0348(A),SCIENCE_RBNSPEC_IDP,,,,84.8462916666652,-69.1666388888877
ADP.2019-09-04T13_34_26.944.fits,u20,2003-12-03T02:19:40.767,52976.09699962,GIRAFFE,ESO-VLT-U2,ADP.2019-09-04T13:34:26.944.fits,072.C-0348(A),SCIENCE_RBNSPEC_IDP,,,,84.8151249999986,-69.1555277777766
ADP.2019-09-04T13_34_26.946.fits,u16,2003-12-03T03:14:13.205,52976.13487507,GIRAFFE,ESO-VLT-U2,ADP.2019-09-04T13:34:26.946.fits,072.C-0348(A),SCIENCE_RBNSPEC_IDP,,,,84.7839999999986,-69.0888611111099
ADP.2019-09-04T13_34_26.948.fits,u43,2003-12-03T03:03:21.958,52976.12733748,GIRAFFE,ESO-VLT-U2,ADP.2019-09-04T13:34:26.948.fits,072.C-0348(A),SCIENCE_RBNSPEC_IDP,,,,84.9085833333319,-69.0555277777766
ADP.2019-09-04T13_34_26.950.fits,t25,2003-12-03T02:19:40.767,52976.09699962,GIRAFFE,ESO-VLT-U2,ADP.2019-09-04T13:34:26.950.fits,072.C-0348(A),SCIENCE_RBNSPEC_IDP,,,,84.5348333333319,-69.0333055555544
ADP.2019-09-04T13_34_26.952.fits,t49,2003-12-03T03:14:13.205,52976.13487507,GIRAFFE,ESO-VLT-U2,ADP.2019-09-04T13:34:26.952.fits,072.C-0348(A),SCIENCE_RBNSPEC_IDP,,,,84.6594166666653,-69.0777499999988
ADP.2019-09-04T13_34_26.954.fits,t53,2003-12-03T02:41:30.802,52976.11216207,GIRAFFE,ESO-VLT-U2,ADP.2019-09-04T13:34:26.954.fits,072.C-0348(A),SCIENCE_RBNSPEC_IDP,,,,84.6905416666652,-69.1444166666655
ADP.2019-09-04T13_34_26.956.fits,t12,2003-12-03T02:19:40.767,52976.09699962,GIRAFFE,ESO-VLT-U2,ADP.2019-09-04T13:34:26.956.fits,072.C-0348(A),SCIENCE_RBNSPEC_IDP,,,,84.4413749999986,-69.0221944444433
ADP.2019-09-04T13_34_26.958.fits,t36,2003-12-03T02:19:40.767,52976.09699962,GIRAFFE,ESO-VLT-U2,ADP.2019-09-04T13:34:26.958.fits,072.C-0348(A),SCIENCE_RBNSPEC_IDP,,,,84.5659583333319,-69.0221944444433
ADP.2019-09-04T13_34_26.960.fits,u07,2003-12-03T04:26:30.672,52976.18507722,GIRAFFE,ESO-VLT-U2,ADP.2019-09-04T13:34:26.960.fits,072.C-0348(A),SCIENCE_RBNSPEC_IDP,,,,84.7528333333319,-69.1333055555544
ADP.2019-09-04T13_34_26.962.fits,u29,2003-12-03T03:03:21.958,52976.12733748,GIRAFFE,ESO-VLT-U2,ADP.2019-09-04T13:34:26.962.fits,072.C-0348(A),SCIENCE_RBNSPEC_IDP,,,,84.8462916666652,-69.0555277777766
ADP.2019-09-04T13_34_26.964.fits,u38,2003-12-03T02:19:40.767,52976.09699962,GIRAFFE,ESO-VLT-U2,ADP.2019-09-04T13:34:26.964.fits,072.C-0348(A),SCIENCE_RBNSPEC_IDP,,,,84.9085833333319,-69.1110833333322
ADP.2019-09-04T13_34_26.966.fits,t46,2003-12-03T02:41:30.802,52976.11216207,GIRAFFE,ESO-VLT-U2,ADP.2019-09-04T13:34:26.966.fits,072.C-0348(A),SCIENCE_RBNSPEC_IDP,,,,84.6594166666653,-69.1333055555544
ADP.2019-09-04T13_34_26.968.fits,t56,2003-12-03T03:03:21.958,52976.12733748,GIRAFFE,ESO-VLT-U2,ADP.2019-09-04T13:34:26.968.fits,072.C-0348(A),SCIENCE_RBNSPEC_IDP,,,,84.6905416666652,-69.1110833333322
ADP.2019-09-04T13_34_26.970.fits,u27,2003-12-03T02:52:22.540,52976.11970533,GIRAFFE,ESO-VLT-U2,ADP.2019-09-04T13:34:26.970.fits,072.C-0348(A),SCIENCE_RBNSPEC_IDP,,,,84.8151249999986,-69.0555277777766
ADP.2019-09-04T13_34_26.972.fits,u40,2003-12-03T02:30:32.164,52976.10453894,GIRAFFE,ESO-VLT-U2,ADP.2019-09-04T13:34:26.972.fits,072.C-0348(A),SCIENCE_RBNSPEC_IDP,,,,84.9085833333319,-69.0888611111099
ADP.2019-09-04T13_34_26.974.fits,t45,2003-12-03T03:03:21.958,52976.12733748,GIRAFFE,ESO-VLT-U2,ADP.2019-09-04T13:34:26.974.fits,072.C-0348(A),SCIENCE_RBNSPEC_IDP,,,,84.6594166666653,-69.1444166666655
ADP.2019-09-04T13_34_26.976.fits,u21,2003-12-03T04:48:28.838,52976.20033378,GIRAFFE,ESO-VLT-U2,ADP.2019-09-04T13:34:26.976.fits,072.C-0348(A),SCIENCE_RBNSPEC_IDP,,,,84.8462916666652,-69.1110833333322
ADP.2019-09-04T13_34_26.978.fits,u36,2003-12-03T02:52:22.540,52976.11970533,GIRAFFE,ESO-VLT-U2,ADP.2019-09-04T13:34:26.978.fits,072.C-0348(A),SCIENCE_RBNSPEC_IDP,,,,84.9085833333319,-69.1333055555544
ADP.2019-09-04T13_34_26.980.fits,u27,2003-12-03T02:19:40.767,52976.09699962,GIRAFFE,ESO-VLT-U2,ADP.2019-09-04T13:34:26.980.fits,072.C-0348(A),SCIENCE_RBNSPEC_IDP,,,,84.8151249999986,-69.0555277777766
ADP.2019-09-04T13_34_26.982.fits,t45,2003-12-03T02:52:22.540,52976.11970533,GIRAFFE,ESO-VLT-U2,ADP.2019-09-04T13:34:26.982.fits,072.C-0348(A),SCIENCE_RBNSPEC_IDP,,,,84.6594166666653,-69.1444166666655
ADP.2019-09-04T13_34_26.984.fits,t16,2003-12-03T03:14:13.205,52976.13487507,GIRAFFE,ESO-VLT-U2,ADP.2019-09-04T13:34:26.984.fits,072.C-0348(A),SCIENCE_RBNSPEC_IDP,,,,84.5036666666652,-69.1333055555544
ADP.2019-09-04T13_34_26.986.fits,t01,2003-12-03T04:37:30.720,52976.19271667,GIRAFFE,ESO-VLT-U2,ADP.2019-09-04T13:34:26.986.fits,072.C-0348(A),SCIENCE_RBNSPEC_IDP,,,,84.4413749999986,-69.1666388888877
ADP.2019-09-04T13_34_26.988.fits,t16,2003-12-03T02:19:40.767,52976.09699962,GIRAFFE,ESO-VLT-U2,ADP.2019-09-04T13:34:26.988.fits,072.C-0348(A),SCIENCE_RBNSPEC_IDP,,,,84.5036666666652,-69.1333055555544
ADP.2019-09-04T13_34_26.990.fits,t47,2003-12-03T03:14:13.205,52976.13487507,GIRAFFE,ESO-VLT-U2,ADP.2019-09-04T13:34:26.990.fits,072.C-0348(A),SCIENCE_RBNSPEC_IDP,,,,84.6594166666653,-69.1221944444433
ADP.2019-09-04T13_34_26.992.fits,t22,2003-12-03T03:03:21.958,52976.12733748,GIRAFFE,ESO-VLT-U2,ADP.2019-09-04T13:34:26.992.fits,072.C-0348(A),SCIENCE_RBNSPEC_IDP,,,,84.5348333333319,-69.0666388888877
ADP.2019-09-04T13_34_26.994.fits,t09,2003-12-03T02:19:40.767,52976.09699962,GIRAFFE,ESO-VLT-U2,ADP.2019-09-04T13:34:26.994.fits,072.C-0348(A),SCIENCE_RBNSPEC_IDP,,,,84.4413749999986,-69.0555277777766
ADP.2019-09-04T13_34_26.996.fits,t46,2003-12-03T04:37:30.720,52976.19271667,GIRAFFE,ESO-VLT-U2,ADP.2019-09-04T13:34:26.996.fits,072.C-0348(A),SCIENCE_RBNSPEC_IDP,,,,84.6282499999986,-69.0221944444433
ADP.2019-09-04T13_34_26.998.fits,t35,2003-12-03T04:26:30.672,52976.18507722,GIRAFFE,ESO-VLT-U2,ADP.2019-09-04T13:34:26.998.fits,072.C-0348(A),SCIENCE_RBNSPEC_IDP,,,,84.5971249999985,-69.0444166666655
ADP.2019-09-04T13_34_27.000.fits,t06,2003-12-03T02:41:30.802,52976.11216207,GIRAFFE,ESO-VLT-U2,ADP.2019-09-04T13:34:27.000.fits,072.C-0348(A),SCIENCE_RBNSPEC_IDP,,,,84.4413749999986,-69.0888611111099
ADP.2019-09-04T13_34_27.002.fits,u04,2003-12-03T04:48:28.838,52976.20033378,GIRAFFE,ESO-VLT-U2,ADP.2019-09-04T13:34:27.002.fits,072.C-0348(A),SCIENCE_RBNSPEC_IDP,,,,84.7528333333319,-69.1666388888877
ADP.2019-09-04T13_34_27.004.fits,t04,2003-12-03T02:19:40.767,52976.09699962,GIRAFFE,ESO-VLT-U2,ADP.2019-09-04T13:34:27.004.fits,072.C-0348(A),SCIENCE_RBNSPEC_IDP,,,,84.4413749999986,-69.1110833333322
ADP.2019-09-04T13_34_27.006.fits,t09,2003-12-03T02:41:30.802,52976.11216207,GIRAFFE,ESO-VLT-U2,ADP.2019-09-04T13:34:27.006.fits,072.C-0348(A),SCIENCE_RBNSPEC_IDP,,,,84.4413749999986,-69.0555277777766
ADP.2019-09-04T13_34_27.008.fits,t36,2003-12-03T04:48:28.838,52976.20033378,GIRAFFE,ESO-VLT-U2,ADP.2019-09-04T13:34:27.008.fits,072.C-0348(A),SCIENCE_RBNSPEC_IDP,,,,84.5971249999985,-69.0333055555544
ADP.2019-09-04T13_34_27.010.fits,t29,2003-12-03T04:37:30.720,52976.19271667,GIRAFFE,ESO-VLT-U2,ADP.2019-09-04T13:34:27.010.fits,072.C-0348(A),SCIENCE_RBNSPEC_IDP,,,,84.5659583333319,-69.1666388888877
ADP.2019-09-04T13_34_27.012.fits,t35,2003-12-03T03:03:21.958,52976.12733748,GIRAFFE,ESO-VLT-U2,ADP.2019-09-04T13:34:27.012.fits,072.C-0348(A),SCIENCE_RBNSPEC_IDP,,,,84.5659583333319,-69.0333055555544
ADP.2019-09-04T13_34_27.014.fits,u23,2003-12-03T02:41:30.802,52976.11216207,GIRAFFE,ESO-VLT-U2,ADP.2019-09-04T13:34:27.014.fits,072.C-0348(A),SCIENCE_RBNSPEC_IDP,,,,84.8151249999986,-69.1221944444433
ADP.2019-09-04T13_34_27.016.fits,u16,2003-12-03T04:48:28.838,52976.20033378,GIRAFFE,ESO-VLT-U2,ADP.2019-09-04T13:34:27.016.fits,072.C-0348(A),SCIENCE_RBNSPEC_IDP,,,,84.8151249999986,-69.0221944444433
ADP.2019-09-04T13_34_27.018.fits,t60,2003-12-03T03:14:13.205,52976.13487507,GIRAFFE,ESO-VLT-U2,ADP.2019-09-04T13:34:27.018.fits,072.C-0348(A),SCIENCE_RBNSPEC_IDP,,,,84.6905416666652,-69.0444166666655
ADP.2019-09-04T13_34_27.020.fits,t52,2003-12-03T04:37:30.720,52976.19271667,GIRAFFE,ESO-VLT-U2,ADP.2019-09-04T13:34:27.020.fits,072.C-0348(A),SCIENCE_RBNSPEC_IDP,,,,84.6905416666652,-69.1555277777766
ADP.2019-09-04T13_34_27.022.fits,u38,2003-12-03T02:52:22.540,52976.11970533,GIRAFFE,ESO-VLT-U2,ADP.2019-09-04T13:34:27.022.fits,072.C-0348(A),SCIENCE_RBNSPEC_IDP,,,,84.9085833333319,-69.1110833333322
ADP.2019-09-04T13_34_27.024.fits,u20,2003-12-03T03:03:21.958,52976.12733748,GIRAFFE,ESO-VLT-U2,ADP.2019-09-04T13:34:27.024.fits,072.C-0348(A),SCIENCE_RBNSPEC_IDP,,,,84.8151249999986,-69.1555277777766
ADP.2019-09-04T13_34_27.026.fits,t13,2003-12-03T02:52:22.540,52976.11970533,GIRAFFE,ESO-VLT-U2,ADP.2019-09-04T13:34:27.026.fits,072.C-0348(A),SCIENCE_RBNSPEC_IDP,,,,84.4725416666653,-69.1444166666655
ADP.2019-09-04T13_34_27.028.fits,t51,2003-12-03T02:30:32.164,52976.10453894,GIRAFFE,ESO-VLT-U2,ADP.2019-09-04T13:34:27.028.fits,072.C-0348(A),SCIENCE_RBNSPEC_IDP,,,,84.6594166666653,-69.0555277777766
ADP.2019-09-04T13_34_27.030.fits,u31,2003-12-03T02:30:32.164,52976.10453894,GIRAFFE,ESO-VLT-U2,ADP.2019-09-04T13:34:27.030.fits,072.C-0348(A),SCIENCE_RBNSPEC_IDP,,,,84.8774583333319,-69.0555277777766
ADP.2019-09-04T13_34_27.032.fits,t53,2003-12-03T03:14:13.205,52976.13487507,GIRAFFE,ESO-VLT-U2,ADP.2019-09-04T13:34:27.032.fits,072.C-0348(A),SCIENCE_RBNSPEC_IDP,,,,84.6905416666652,-69.1444166666655
ADP.2019-09-04T13_34_27.034.fits,t42,2003-12-03T04:48:28.838,52976.20033378,GIRAFFE,ESO-VLT-U2,ADP.2019-09-04T13:34:27.034.fits,072.C-0348(A),SCIENCE_RBNSPEC_IDP,,,,84.6282499999986,-69.0777499999988
ADP.2019-09-04T13_34_27.036.fits,u09,2003-12-03T04:48:28.838,52976.20033378,GIRAFFE,ESO-VLT-U2,ADP.2019-09-04T13:34:27.036.fits,072.C-0348(A),SCIENCE_RBNSPEC_IDP,,,,84.7839999999986,-69.0777499999988
ADP.2019-09-04T13_34_27.038.fits,t08,2003-12-03T03:14:13.205,52976.13487507,GIRAFFE,ESO-VLT-U2,ADP.2019-09-04T13:34:27.038.fits,072.C-0348(A),SCIENCE_RBNSPEC_IDP,,,,84.4413749999986,-69.0666388888877
ADP.2019-09-04T13_34_27.040.fits,t47,2003-12-03T04:26:30.672,52976.18507722,GIRAFFE,ESO-VLT-U2,ADP.2019-09-04T13:34:27.040.fits,072.C-0348(A),SCIENCE_RBNSPEC_IDP,,,,84.6594166666653,-69.1666388888877
ADP.2019-09-04T13_34_27.042.fits,t26,2003-12-03T04:48:28.838,52976.20033378,GIRAFFE,ESO-VLT-U2,ADP.2019-09-04T13:34:27.042.fits,072.C-0348(A),SCIENCE_RBNSPEC_IDP,,,,84.5348333333319,-69.1555277777766
ADP.2019-09-04T13_34_27.044.fits,t32,2003-12-03T04:48:28.838,52976.20033378,GIRAFFE,ESO-VLT-U2,ADP.2019-09-04T13:34:27.044.fits,072.C-0348(A),SCIENCE_RBNSPEC_IDP,,,,84.5659583333319,-69.1110833333322
ADP.2019-09-04T13_34_27.046.fits,u10,2003-12-03T03:03:21.958,52976.12733748,GIRAFFE,ESO-VLT-U2,ADP.2019-09-04T13:34:27.046.fits,072.C-0348(A),SCIENCE_RBNSPEC_IDP,,,,84.7839999999986,-69.1555277777766
ADP.2019-09-04T13_34_27.048.fits,u29,2003-12-03T02:52:22.540,52976.11970533,GIRAFFE,ESO-VLT-U2,ADP.2019-09-04T13:34:27.048.fits,072.C-0348(A),SCIENCE_RBNSPEC_IDP,,,,84.8462916666652,-69.0555277777766
ADP.2019-09-04T13_34_27.050.fits,u33,2003-12-03T02:30:32.164,52976.10453894,GIRAFFE,ESO-VLT-U2,ADP.2019-09-04T13:34:27.050.fits,072.C-0348(A),SCIENCE_RBNSPEC_IDP,,,,84.9085833333319,-69.1666388888877
ADP.2019-09-04T13_34_27.052.fits,u06,2003-12-03T02:30:32.164,52976.10453894,GIRAFFE,ESO-VLT-U2,ADP.2019-09-04T13:34:27.052.fits,072.C-0348(A),SCIENCE_RBNSPEC_IDP,,,,84.7528333333319,-69.0888611111099
ADP.2019-09-04T13_34_27.054.fits,t40,2003-12-03T04:48:28.838,52976.20033378,GIRAFFE,ESO-VLT-U2,ADP.2019-09-04T13:34:27.054.fits,072.C-0348(A),SCIENCE_RBNSPEC_IDP,,,,84.6282499999986,-69.1221944444433
ADP.2019-09-04T13_34_27.056.fits,t43,2003-12-03T02:41:30.802,52976.11216207,GIRAFFE,ESO-VLT-U2,ADP.2019-09-04T13:34:27.056.fits,072.C-0348(A),SCIENCE_RBNSPEC_IDP,,,,84.6282499999986,-69.099972222221
ADP.2019-09-04T13_34_27.058.fits,t18,2003-12-03T04:37:30.720,52976.19271667,GIRAFFE,ESO-VLT-U2,ADP.2019-09-04T13:34:27.058.fits,072.C-0348(A),SCIENCE_RBNSPEC_IDP,,,,84.5036666666652,-69.099972222221
ADP.2019-09-04T13_34_27.060.fits,t28,2003-12-03T02:30:32.164,52976.10453894,GIRAFFE,ESO-VLT-U2,ADP.2019-09-04T13:34:27.060.fits,072.C-0348(A),SCIENCE_RBNSPEC_IDP,,,,84.5659583333319,-69.1333055555544
ADP.2019-09-04T13_34_27.062.fits,u36,2003-12-03T03:14:13.205,52976.13487507,GIRAFFE,ESO-VLT-U2,ADP.2019-09-04T13:34:27.062.fits,072.C-0348(A),SCIENCE_RBNSPEC_IDP,,,,84.9085833333319,-69.1333055555544
ADP.2019-09-04T13_34_27.064.fits,t40,2003-12-03T02:52:22.540,52976.11970533,GIRAFFE,ESO-VLT-U2,ADP.2019-09-04T13:34:27.064.fits,072.C-0348(A),SCIENCE_RBNSPEC_IDP,,,,84.5971249999985,-69.0888611111099
ADP.2019-09-04T13_34_27.066.fits,u14,2003-12-03T04:26:30.672,52976.18507722,GIRAFFE,ESO-VLT-U2,ADP.2019-09-04T13:34:27.066.fits,072.C-0348(A),SCIENCE_RBNSPEC_IDP,,,,84.8151249999986,-69.0666388888877
ADP.2019-09-04T13_34_27.068.fits,t39,2003-12-03T02:52:22.540,52976.11970533,GIRAFFE,ESO-VLT-U2,ADP.2019-09-04T13:34:27.068.fits,072.C-0348(A),SCIENCE_RBNSPEC_IDP,,,,84.5971249999985,-69.099972222221
ADP.2019-09-04T13_34_27.070.fits,t09,2003-12-03T04:26:30.672,52976.18507722,GIRAFFE,ESO-VLT-U2,ADP.2019-09-04T13:34:27.070.fits,072.C-0348(A),SCIENCE_RBNSPEC_IDP,,,,84.4725416666653,-69.0777499999988
ADP.2019-09-04T13_34_27.072.fits,t18,2003-12-03T04:48:28.838,52976.20033378,GIRAFFE,ESO-VLT-U2,ADP.2019-09-04T13:34:27.072.fits,072.C-0348(A),SCIENCE_RBNSPEC_IDP,,,,84.5036666666652,-69.099972222221
ADP.2019-09-04T13_34_27.074.fits,u28,2003-12-03T02:30:32.164,52976.10453894,GIRAFFE,ESO-VLT-U2,ADP.2019-09-04T13:34:27.074.fits,072.C-0348(A),SCIENCE_RBNSPEC_IDP,,,,84.8151249999986,-69.0444166666655
ADP.2019-09-04T13_34_27.076.fits,u22,2003-12-03T02:52:22.540,52976.11970533,GIRAFFE,ESO-VLT-U2,ADP.2019-09-04T13:34:27.076.fits,072.C-0348(A),SCIENCE_RBNSPEC_IDP,,,,84.8151249999986,-69.1333055555544
ADP.2019-09-04T13_34_27.078.fits,t08,2003-12-03T02:41:30.802,52976.11216207,GIRAFFE,ESO-VLT-U2,ADP.2019-09-04T13:34:27.078.fits,072.C-0348(A),SCIENCE_RBNSPEC_IDP,,,,84.4413749999986,-69.0666388888877
ADP.2019-09-04T13_34_27.080.fits,u34,2003-12-03T02:41:30.802,52976.11216207,GIRAFFE,ESO-VLT-U2,ADP.2019-09-04T13:34:27.080.fits,072.C-0348(A),SCIENCE_RBNSPEC_IDP,,,,84.9085833333319,-69.1555277777766
ADP.2019-09-04T13_34_27.082.fits,t12,2003-12-03T03:14:13.205,52976.13487507,GIRAFFE,ESO-VLT-U2,ADP.2019-09-04T13:34:27.082.fits,072.C-0348(A),SCIENCE_RBNSPEC_IDP,,,,84.4413749999986,-69.0221944444433
ADP.2019-09-04T13_34_27.084.fits,u13,2003-12-03T02:30:32.164,52976.10453894,GIRAFFE,ESO-VLT-U2,ADP.2019-09-04T13:34:27.084.fits,072.C-0348(A),SCIENCE_RBNSPEC_IDP,,,,84.7839999999986,-69.1221944444433
ADP.2019-09-04T13_34_27.086.fits,u35,2003-12-03T02:30:32.164,52976.10453894,GIRAFFE,ESO-VLT-U2,ADP.2019-09-04T13:34:27.086.fits,072.C-0348(A),SCIENCE_RBNSPEC_IDP,,,,84.9085833333319,-69.1444166666655
ADP.2019-09-04T13_34_27.088.fits,u12,2003-12-03T02:30:32.164,52976.10453894,GIRAFFE,ESO-VLT-U2,ADP.2019-09-04T13:34:27.088.fits,072.C-0348(A),SCIENCE_RBNSPEC_IDP,,,,84.7839999999986,-69.1333055555544
ADP.2019-09-04T13_34_27.090.fits,t36,2003-12-03T03:14:13.205,52976.13487507,GIRAFFE,ESO-VLT-U2,ADP.2019-09-04T13:34:27.090.fits,072.C-0348(A),SCIENCE_RBNSPEC_IDP,,,,84.5659583333319,-69.0221944444433
ADP.2019-09-04T13_34_27.092.fits,u02,2003-12-03T03:14:13.205,52976.13487507,GIRAFFE,ESO-VLT-U2,ADP.2019-09-04T13:34:27.092.fits,072.C-0348(A),SCIENCE_RBNSPEC_IDP,,,,84.7217083333319,-69.0888611111099
ADP.2019-09-04T13_34_27.094.fits,u05,2003-12-03T04:48:28.838,52976.20033378,GIRAFFE,ESO-VLT-U2,ADP.2019-09-04T13:34:27.094.fits,072.C-0348(A),SCIENCE_RBNSPEC_IDP,,,,84.7528333333319,-69.1555277777766
ADP.2019-09-04T13_34_27.096.fits,t28,2003-12-03T04:26:30.672,52976.18507722,GIRAFFE,ESO-VLT-U2,ADP.2019-09-04T13:34:27.096.fits,072.C-0348(A),SCIENCE_RBNSPEC_IDP,,,,84.5348333333319,-69.1110833333322
ADP.2019-09-04T13_34_27.098.fits,t26,2003-12-03T04:37:30.720,52976.19271667,GIRAFFE,ESO-VLT-U2,ADP.2019-09-04T13:34:27.098.fits,072.C-0348(A),SCIENCE_RBNSPEC_IDP,,,,84.5348333333319,-69.1555277777766
ADP.2019-09-04T13_34_27.100.fits,u01,2003-12-03T04:48:28.838,52976.20033378,GIRAFFE,ESO-VLT-U2,ADP.2019-09-04T13:34:27.100.fits,072.C-0348(A),SCIENCE_RBNSPEC_IDP,,,,84.7217083333319,-69.0666388888877
ADP.2019-09-04T13_34_27.102.fits,t27,2003-12-03T04:37:30.720,52976.19271667,GIRAFFE,ESO-VLT-U2,ADP.2019-09-04T13:34:27.102.fits,072.C-0348(A),SCIENCE_RBNSPEC_IDP,,,,84.5348333333319,-69.1221944444433
ADP.2019-09-04T13_34_27.104.fits,t13,2003-12-03T02:19:40.767,52976.09699962,GIRAFFE,ESO-VLT-U2,ADP.2019-09-04T13:34:27.104.fits,072.C-0348(A),SCIENCE_RBNSPEC_IDP,,,,84.4725416666653,-69.1444166666655
ADP.2019-09-04T13_34_27.106.fits,t13,2003-12-03T02:41:30.802,52976.11216207,GIRAFFE,ESO-VLT-U2,ADP.2019-09-04T13:34:27.106.fits,072.C-0348(A),SCIENCE_RBNSPEC_IDP,,,,84.4725416666653,-69.1444166666655
ADP.2019-09-04T13_34_27.108.fits,u24,2003-12-03T04:37:30.720,52976.19271667,GIRAFFE,ESO-VLT-U2,ADP.2019-09-04T13:34:27.108.fits,072.C-0348(A),SCIENCE_RBNSPEC_IDP,,,,84.8462916666652,-69.0777499999988
ADP.2019-09-04T13_34_27.110.fits,t38,2003-12-03T04:37:30.720,52976.19271667,GIRAFFE,ESO-VLT-U2,ADP.2019-09-04T13:34:27.110.fits,072.C-0348(A),SCIENCE_RBNSPEC_IDP,,,,84.6282499999986,-69.1666388888877
ADP.2019-09-04T13_34_27.112.fits,u40,2003-12-03T04:26:30.672,52976.18507722,GIRAFFE,ESO-VLT-U2,ADP.2019-09-04T13:34:27.112.fits,072.C-0348(A),SCIENCE_RBNSPEC_IDP,,,,84.9085833333319,-69.0221944444433
ADP.2019-09-04T13_34_27.114.fits,u03,2003-12-03T02:52:22.540,52976.11970533,GIRAFFE,ESO-VLT-U2,ADP.2019-09-04T13:34:27.114.fits,072.C-0348(A),SCIENCE_RBNSPEC_IDP,,,,84.7217083333319,-69.0555277777766
ADP.2019-09-04T13_34_27.116.fits,t09,2003-12-03T02:30:32.164,52976.10453894,GIRAFFE,ESO-VLT-U2,ADP.2019-09-04T13:34:27.116.fits,072.C-0348(A),SCIENCE_RBNSPEC_IDP,,,,84.4413749999986,-69.0555277777766
ADP.2019-09-04T13_34_27.118.fits,t18,2003-12-03T02:52:22.540,52976.11970533,GIRAFFE,ESO-VLT-U2,ADP.2019-09-04T13:34:27.118.fits,072.C-0348(A),SCIENCE_RBNSPEC_IDP,,,,84.5348333333319,-69.1333055555544
ADP.2019-09-04T13_34_27.120.fits,t43,2003-12-03T04:48:28.838,52976.20033378,GIRAFFE,ESO-VLT-U2,ADP.2019-09-04T13:34:27.120.fits,072.C-0348(A),SCIENCE_RBNSPEC_IDP,,,,84.6282499999986,-69.0555277777766
ADP.2019-09-04T13_34_27.122.fits,t46,2003-12-03T03:03:21.958,52976.12733748,GIRAFFE,ESO-VLT-U2,ADP.2019-09-04T13:34:27.122.fits,072.C-0348(A),SCIENCE_RBNSPEC_IDP,,,,84.6594166666653,-69.1333055555544
ADP.2019-09-04T13_34_27.124.fits,t14,2003-12-03T04:26:30.672,52976.18507722,GIRAFFE,ESO-VLT-U2,ADP.2019-09-04T13:34:27.124.fits,072.C-0348(A),SCIENCE_RBNSPEC_IDP,,,,84.5036666666652,-69.1666388888877
ADP.2019-09-04T13_34_27.126.fits,u32,2003-12-03T04:48:28.838,52976.20033378,GIRAFFE,ESO-VLT-U2,ADP.2019-09-04T13:34:27.126.fits,072.C-0348(A),SCIENCE_RBNSPEC_IDP,,,,84.8774583333319,-69.1110833333322
ADP.2019-09-04T13_34_27.128.fits,t42,2003-12-03T02:19:40.767,52976.09699962,GIRAFFE,ESO-VLT-U2,ADP.2019-09-04T13:34:27.128.fits,072.C-0348(A),SCIENCE_RBNSPEC_IDP,,,,84.6282499999986,-69.1333055555544
ADP.2019-09-04T13_34_27.130.fits,t52,2003-12-03T03:14:13.205,52976.13487507,GIRAFFE,ESO-VLT-U2,ADP.2019-09-04T13:34:27.130.fits,072.C-0348(A),SCIENCE_RBNSPEC_IDP,,,,84.6594166666653,-69.0444166666655
ADP.2019-09-04T13_34_27.132.fits,u09,2003-12-03T02:30:32.164,52976.10453894,GIRAFFE,ESO-VLT-U2,ADP.2019-09-04T13:34:27.132.fits,072.C-0348(A),SCIENCE_RBNSPEC_IDP,,,,84.7839999999986,-69.1666388888877
ADP.2019-09-04T13_34_27.134.fits,t40,2003-12-03T02:19:40.767,52976.09699962,GIRAFFE,ESO-VLT-U2,ADP.2019-09-04T13:34:27.134.fits,072.C-0348(A),SCIENCE_RBNSPEC_IDP,,,,84.5971249999985,-69.0888611111099
ADP.2019-09-04T13_34_27.136.fits,u15,2003-12-03T02:30:32.164,52976.10453894,GIRAFFE,ESO-VLT-U2,ADP.2019-09-04T13:34:27.136.fits,072.C-0348(A),SCIENCE_RBNSPEC_IDP,,,,84.7839999999986,-69.099972222221
ADP.2019-09-04T13_34_27.138.fits,t13,2003-12-03T03:14:13.205,52976.13487507,GIRAFFE,ESO-VLT-U2,ADP.2019-09-04T13:34:27.138.fits,072.C-0348(A),SCIENCE_RBNSPEC_IDP,,,,84.4725416666653,-69.1444166666655
ADP.2019-09-04T13_34_27.140.fits,t06,2003-12-03T03:14:13.205,52976.13487507,GIRAFFE,ESO-VLT-U2,ADP.2019-09-04T13:34:27.140.fits,072.C-0348(A),SCIENCE_RBNSPEC_IDP,,,,84.4413749999986,-69.0888611111099
ADP.2019-09-04T13_34_27.142.fits,t12,2003-12-03T04:37:30.720,52976.19271667,GIRAFFE,ESO-VLT-U2,ADP.2019-09-04T13:34:27.142.fits,072.C-0348(A),SCIENCE_RBNSPEC_IDP,,,,84.4725416666653,-69.0333055555544
ADP.2019-09-04T13_34_27.144.fits,u36,2003-12-03T03:03:21.958,52976.12733748,GIRAFFE,ESO-VLT-U2,ADP.2019-09-04T13:34:27.144.fits,072.C-0348(A),SCIENCE_RBNSPEC_IDP,,,,84.9085833333319,-69.1333055555544
ADP.2019-09-04T13_34_27.146.fits,u27,2003-12-03T04:37:30.720,52976.19271667,GIRAFFE,ESO-VLT-U2,ADP.2019-09-04T13:34:27.146.fits,072.C-0348(A),SCIENCE_RBNSPEC_IDP,,,,84.8462916666652,-69.0221944444433
ADP.2019-09-04T13_34_27.148.fits,u18,2003-12-03T02:52:22.540,52976.11970533,GIRAFFE,ESO-VLT-U2,ADP.2019-09-04T13:34:27.148.fits,072.C-0348(A),SCIENCE_RBNSPEC_IDP,,,,84.7839999999986,-69.0444166666655
ADP.2019-09-04T13_34_27.150.fits,u24,2003-12-03T02:19:40.767,52976.09699962,GIRAFFE,ESO-VLT-U2,ADP.2019-09-04T13:34:27.150.fits,072.C-0348(A),SCIENCE_RBNSPEC_IDP,,,,84.8151249999986,-69.1110833333322
ADP.2019-09-04T13_34_27.152.fits,t32,2003-12-03T04:37:30.720,52976.19271667,GIRAFFE,ESO-VLT-U2,ADP.2019-09-04T13:34:27.152.fits,072.C-0348(A),SCIENCE_RBNSPEC_IDP,,,,84.5659583333319,-69.1110833333322
ADP.2019-09-04T13_34_27.154.fits,u13,2003-12-03T04:26:30.672,52976.18507722,GIRAFFE,ESO-VLT-U2,ADP.2019-09-04T13:34:27.154.fits,072.C-0348(A),SCIENCE_RBNSPEC_IDP,,,,84.8151249999986,-69.0777499999988
ADP.2019-09-04T13_34_27.156.fits,t39,2003-12-03T04:37:30.720,52976.19271667,GIRAFFE,ESO-VLT-U2,ADP.2019-09-04T13:34:27.156.fits,072.C-0348(A),SCIENCE_RBNSPEC_IDP,,,,84.6282499999986,-69.1555277777766
ADP.2019-09-04T13_34_27.158.fits,u44,2003-12-03T02:52:22.540,52976.11970533,GIRAFFE,ESO-VLT-U2,ADP.2019-09-04T13:34:27.158.fits,072.C-0348(A),SCIENCE_RBNSPEC_IDP,,,,84.9085833333319,-69.0444166666655
ADP.2019-09-04T13_34_27.160.fits,t43,2003-12-03T02:30:32.164,52976.10453894,GIRAFFE,ESO-VLT-U2,ADP.2019-09-04T13:34:27.160.fits,072.C-0348(A),SCIENCE_RBNSPEC_IDP,,,,84.6282499999986,-69.099972222221
ADP.2019-09-04T13_34_27.162.fits,t06,2003-12-03T02:52:22.540,52976.11970533,GIRAFFE,ESO-VLT-U2,ADP.2019-09-04T13:34:27.162.fits,072.C-0348(A),SCIENCE_RBNSPEC_IDP,,,,84.4413749999986,-69.0888611111099
ADP.2019-09-04T13_34_27.164.fits,u08,2003-12-03T04:37:30.720,52976.19271667,GIRAFFE,ESO-VLT-U2,ADP.2019-09-04T13:34:27.164.fits,072.C-0348(A),SCIENCE_RBNSPEC_IDP,,,,84.7528333333319,-69.1110833333322
ADP.2019-09-04T13_34_27.166.fits,t47,2003-12-03T03:03:21.958,52976.12733748,GIRAFFE,ESO-VLT-U2,ADP.2019-09-04T13:34:27.166.fits,072.C-0348(A),SCIENCE_RBNSPEC_IDP,,,,84.6594166666653,-69.1221944444433
ADP.2019-09-04T13_34_27.168.fits,u02,2003-12-03T04:37:30.720,52976.19271667,GIRAFFE,ESO-VLT-U2,ADP.2019-09-04T13:34:27.168.fits,072.C-0348(A),SCIENCE_RBNSPEC_IDP,,,,84.7217083333319,-69.0333055555544
ADP.2019-09-04T13_34_27.170.fits,u19,2003-12-03T04:26:30.672,52976.18507722,GIRAFFE,ESO-VLT-U2,ADP.2019-09-04T13:34:27.170.fits,072.C-0348(A),SCIENCE_RBNSPEC_IDP,,,,84.8462916666652,-69.1444166666655
ADP.2019-09-04T13_34_27.172.fits,u40,2003-12-03T02:52:22.540,52976.11970533,GIRAFFE,ESO-VLT-U2,ADP.2019-09-04T13:34:27.172.fits,072.C-0348(A),SCIENCE_RBNSPEC_IDP,,,,84.9085833333319,-69.0888611111099
ADP.2019-09-04T13_34_27.174.fits,t25,2003-12-03T02:30:32.164,52976.10453894,GIRAFFE,ESO-VLT-U2,ADP.2019-09-04T13:34:27.174.fits,072.C-0348(A),SCIENCE_RBNSPEC_IDP,,,,84.5348333333319,-69.0333055555544
ADP.2019-09-04T13_34_27.176.fits,t22,2003-12-03T04:26:30.672,52976.18507722,GIRAFFE,ESO-VLT-U2,ADP.2019-09-04T13:34:27.176.fits,072.C-0348(A),SCIENCE_RBNSPEC_IDP,,,,84.5036666666652,-69.0444166666655
ADP.2019-09-04T13_34_27.178.fits,u33,2003-12-03T04:37:30.720,52976.19271667,GIRAFFE,ESO-VLT-U2,ADP.2019-09-04T13:34:27.178.fits,072.C-0348(A),SCIENCE_RBNSPEC_IDP,,,,84.8774583333319,-69.099972222221
ADP.2019-09-04T13_34_27.180.fits,u19,2003-12-03T04:37:30.720,52976.19271667,GIRAFFE,ESO-VLT-U2,ADP.2019-09-04T13:34:27.180.fits,072.C-0348(A),SCIENCE_RBNSPEC_IDP,,,,84.8462916666652,-69.1444166666655
ADP.2019-09-04T13_34_27.182.fits,t10,2003-12-03T02:30:32.164,52976.10453894,GIRAFFE,ESO-VLT-U2,ADP.2019-09-04T13:34:27.182.fits,072.C-0348(A),SCIENCE_RBNSPEC_IDP,,,,84.4413749999986,-69.0444166666655
ADP.2019-09-04T13_34_27.184.fits,u24,2003-12-03T02:41:30.802,52976.11216207,GIRAFFE,ESO-VLT-U2,ADP.2019-09-04T13:34:27.184.fits,072.C-0348(A),SCIENCE_RBNSPEC_IDP,,,,84.8151249999986,-69.1110833333322
ADP.2019-09-04T13_34_27.186.fits,t25,2003-12-03T03:03:21.958,52976.12733748,GIRAFFE,ESO-VLT-U2,ADP.2019-09-04T13:34:27.186.fits,072.C-0348(A),SCIENCE_RBNSPEC_IDP,,,,84.5348333333319,-69.0333055555544
ADP.2019-09-04T13_34_27.188.fits,u07,2003-12-03T04:37:30.720,52976.19271667,GIRAFFE,ESO-VLT-U2,ADP.2019-09-04T13:34:27.188.fits,072.C-0348(A),SCIENCE_RBNSPEC_IDP,,,,84.7528333333319,-69.1333055555544
ADP.2019-09-04T13_34_27.190.fits,t08,2003-12-03T04:48:28.838,52976.20033378,GIRAFFE,ESO-VLT-U2,ADP.2019-09-04T13:34:27.190.fits,072.C-0348(A),SCIENCE_RBNSPEC_IDP,,,,84.4725416666653,-69.0888611111099
ADP.2019-09-04T13_34_27.192.fits,t15,2003-12-03T04:37:30.720,52976.19271667,GIRAFFE,ESO-VLT-U2,ADP.2019-09-04T13:34:27.192.fits,072.C-0348(A),SCIENCE_RBNSPEC_IDP,,,,84.5036666666652,-69.1555277777766
ADP.2019-09-04T13_34_27.194.fits,u19,2003-12-03T02:30:32.164,52976.10453894,GIRAFFE,ESO-VLT-U2,ADP.2019-09-04T13:34:27.194.fits,072.C-0348(A),SCIENCE_RBNSPEC_IDP,,,,84.8151249999986,-69.1666388888877
ADP.2019-09-04T13_34_27.196.fits,t06,2003-12-03T04:26:30.672,52976.18507722,GIRAFFE,ESO-VLT-U2,ADP.2019-09-04T13:34:27.196.fits,072.C-0348(A),SCIENCE_RBNSPEC_IDP,,,,84.4725416666653,-69.1110833333322
ADP.2019-09-04T13_34_27.198.fits,t59,2003-12-03T02:30:32.164,52976.10453894,GIRAFFE,ESO-VLT-U2,ADP.2019-09-04T13:34:27.198.fits,072.C-0348(A),SCIENCE_RBNSPEC_IDP,,,,84.6905416666652,-69.0555277777766
ADP.2019-09-04T13_34_27.200.fits,u15,2003-12-03T03:14:13.205,52976.13487507,GIRAFFE,ESO-VLT-U2,ADP.2019-09-04T13:34:27.200.fits,072.C-0348(A),SCIENCE_RBNSPEC_IDP,,,,84.7839999999986,-69.099972222221
ADP.2019-09-04T13_34_27.202.fits,u29,2003-12-03T03:14:13.205,52976.13487507,GIRAFFE,ESO-VLT-U2,ADP.2019-09-04T13:34:27.202.fits,072.C-0348(A),SCIENCE_RBNSPEC_IDP,,,,84.8462916666652,-69.0555277777766
ADP.2019-09-04T13_34_27.204.fits,t11,2003-12-03T02:52:22.540,52976.11970533,GIRAFFE,ESO-VLT-U2,ADP.2019-09-04T13:34:27.204.fits,072.C-0348(A),SCIENCE_RBNSPEC_IDP,,,,84.4413749999986,-69.0333055555544
ADP.2019-09-04T13_34_27.206.fits,t35,2003-12-03T02:52:22.540,52976.11970533,GIRAFFE,ESO-VLT-U2,ADP.2019-09-04T13:34:27.206.fits,072.C-0348(A),SCIENCE_RBNSPEC_IDP,,,,84.5659583333319,-69.0333055555544
ADP.2019-09-04T13_34_27.208.fits,t27,2003-12-03T02:30:32.164,52976.10453894,GIRAFFE,ESO-VLT-U2,ADP.2019-09-04T13:34:27.208.fits,072.C-0348(A),SCIENCE_RBNSPEC_IDP,,,,84.5659583333319,-69.1444166666655
ADP.2019-09-04T13_34_27.210.fits,t37,2003-12-03T04:26:30.672,52976.18507722,GIRAFFE,ESO-VLT-U2,ADP.2019-09-04T13:34:27.210.fits,072.C-0348(A),SCIENCE_RBNSPEC_IDP,,,,84.5971249999985,-69.0221944444433
ADP.2019-09-04T13_34_27.212.fits,u33,2003-12-03T02:41:30.802,52976.11216207,GIRAFFE,ESO-VLT-U2,ADP.2019-09-04T13:34:27.212.fits,072.C-0348(A),SCIENCE_RBNSPEC_IDP,,,,84.9085833333319,-69.1666388888877
ADP.2019-09-04T13_34_27.214.fits,t02,2003-12-03T02:52:22.540,52976.11970533,GIRAFFE,ESO-VLT-U2,ADP.2019-09-04T13:34:27.214.fits,072.C-0348(A),SCIENCE_RBNSPEC_IDP,,,,84.4413749999986,-69.1333055555544
ADP.2019-09-04T13_34_27.216.fits,t34,2003-12-03T04:26:30.672,52976.18507722,GIRAFFE,ESO-VLT-U2,ADP.2019-09-04T13:34:27.216.fits,072.C-0348(A),SCIENCE_RBNSPEC_IDP,,,,84.5971249999985,-69.0555277777766
ADP.2019-09-04T13_34_27.218.fits,t07,2003-12-03T02:41:30.802,52976.11216207,GIRAFFE,ESO-VLT-U2,ADP.2019-09-04T13:34:27.218.fits,072.C-0348(A),SCIENCE_RBNSPEC_IDP,,,,84.4413749999986,-69.0777499999988
ADP.2019-09-04T13_34_27.220.fits,t38,2003-12-03T04:26:30.672,52976.18507722,GIRAFFE,ESO-VLT-U2,ADP.2019-09-04T13:34:27.220.fits,072.C-0348(A),SCIENCE_RBNSPEC_IDP,,,,84.6282499999986,-69.1666388888877
ADP.2019-09-04T13_34_27.222.fits,u07,2003-12-03T02:41:30.802,52976.11216207,GIRAFFE,ESO-VLT-U2,ADP.2019-09-04T13:34:27.222.fits,072.C-0348(A),SCIENCE_RBNSPEC_IDP,,,,84.7528333333319,-69.0555277777766
ADP.2019-09-04T13_34_27.224.fits,u19,2003-12-03T02:52:22.540,52976.11970533,GIRAFFE,ESO-VLT-U2,ADP.2019-09-04T13:34:27.224.fits,072.C-0348(A),SCIENCE_RBNSPEC_IDP,,,,84.8151249999986,-69.1666388888877
ADP.2019-09-04T13_34_27.226.fits,t34,2003-12-03T02:41:30.802,52976.11216207,GIRAFFE,ESO-VLT-U2,ADP.2019-09-04T13:34:27.226.fits,072.C-0348(A),SCIENCE_RBNSPEC_IDP,,,,84.5659583333319,-69.0444166666655
ADP.2019-09-04T13_34_27.228.fits,u26,2003-12-03T04:37:30.720,52976.19271667,GIRAFFE,ESO-VLT-U2,ADP.2019-09-04T13:34:27.228.fits,072.C-0348(A),SCIENCE_RBNSPEC_IDP,,,,84.8462916666652,-69.0333055555544
ADP.2019-09-04T13_34_27.230.fits,u25,2003-12-03T03:03:21.958,52976.12733748,GIRAFFE,ESO-VLT-U2,ADP.2019-09-04T13:34:27.230.fits,072.C-0348(A),SCIENCE_RBNSPEC_IDP,,,,84.8151249999986,-69.099972222221
ADP.2019-09-04T13_34_27.232.fits,t08,2003-12-03T03:03:21.958,52976.12733748,GIRAFFE,ESO-VLT-U2,ADP.2019-09-04T13:34:27.232.fits,072.C-0348(A),SCIENCE_RBNSPEC_IDP,,,,84.4413749999986,-69.0666388888877
ADP.2019-09-04T13_34_27.234.fits,u42,2003-12-03T03:03:21.958,52976.12733748,GIRAFFE,ESO-VLT-U2,ADP.2019-09-04T13:34:27.234.fits,072.C-0348(A),SCIENCE_RBNSPEC_IDP,,,,84.9085833333319,-69.0666388888877
ADP.2019-09-04T13_34_27.236.fits,t42,2003-12-03T02:52:22.540,52976.11970533,GIRAFFE,ESO-VLT-U2,ADP.2019-09-04T13:34:27.236.fits,072.C-0348(A),SCIENCE_RBNSPEC_IDP,,,,84.6282499999986,-69.1333055555544
ADP.2019-09-04T13_34_27.238.fits,t57,2003-12-03T02:52:22.540,52976.11970533,GIRAFFE,ESO-VLT-U2,ADP.2019-09-04T13:34:27.238.fits,072.C-0348(A),SCIENCE_RBNSPEC_IDP,,,,84.6905416666652,-69.0777499999988
ADP.2019-09-04T13_34_27.240.fits,u06,2003-12-03T02:52:22.540,52976.11970533,GIRAFFE,ESO-VLT-U2,ADP.2019-09-04T13:34:27.240.fits,072.C-0348(A),SCIENCE_RBNSPEC_IDP,,,,84.7528333333319,-69.0888611111099
ADP.2019-09-04T13_34_27.242.fits,t57,2003-12-03T02:41:30.802,52976.11216207,GIRAFFE,ESO-VLT-U2,ADP.2019-09-04T13:34:27.242.fits,072.C-0348(A),SCIENCE_RBNSPEC_IDP,,,,84.6905416666652,-69.0777499999988
ADP.2019-09-04T13_34_27.244.fits,t24,2003-12-03T04:37:30.720,52976.19271667,GIRAFFE,ESO-VLT-U2,ADP.2019-09-04T13:34:27.244.fits,072.C-0348(A),SCIENCE_RBNSPEC_IDP,,,,84.5036666666652,-69.0221944444433
ADP.2019-09-04T13_34_27.246.fits,t42,2003-12-03T02:30:32.164,52976.10453894,GIRAFFE,ESO-VLT-U2,ADP.2019-09-04T13:34:27.246.fits,072.C-0348(A),SCIENCE_RBNSPEC_IDP,,,,84.6282499999986,-69.1333055555544
ADP.2019-09-04T13_34_27.248.fits,t32,2003-12-03T02:19:40.767,52976.09699962,GIRAFFE,ESO-VLT-U2,ADP.2019-09-04T13:34:27.248.fits,072.C-0348(A),SCIENCE_RBNSPEC_IDP,,,,84.5659583333319,-69.0666388888877
ADP.2019-09-04T13_34_27.250.fits,u22,2003-12-03T04:37:30.720,52976.19271667,GIRAFFE,ESO-VLT-U2,ADP.2019-09-04T13:34:27.250.fits,072.C-0348(A),SCIENCE_RBNSPEC_IDP,,,,84.8462916666652,-69.099972222221
ADP.2019-09-04T13_34_27.252.fits,t04,2003-12-03T04:26:30.672,52976.18507722,GIRAFFE,ESO-VLT-U2,ADP.2019-09-04T13:34:27.252.fits,072.C-0348(A),SCIENCE_RBNSPEC_IDP,,,,84.4725416666653,-69.1555277777766
ADP.2019-09-04T13_34_27.254.fits,t54,2003-12-03T03:03:21.958,52976.12733748,GIRAFFE,ESO-VLT-U2,ADP.2019-09-04T13:34:27.254.fits,072.C-0348(A),SCIENCE_RBNSPEC_IDP,,,,84.6905416666652,-69.1333055555544
ADP.2019-09-04T13_34_27.256.fits,t43,2003-12-03T03:14:13.205,52976.13487507,GIRAFFE,ESO-VLT-U2,ADP.2019-09-04T13:34:27.256.fits,072.C-0348(A),SCIENCE_RBNSPEC_IDP,,,,84.6282499999986,-69.099972222221
ADP.2019-09-04T13_34_27.258.fits,u09,2003-12-03T03:03:21.958,52976.12733748,GIRAFFE,ESO-VLT-U2,ADP.2019-09-04T13:34:27.258.fits,072.C-0348(A),SCIENCE_RBNSPEC_IDP,,,,84.7839999999986,-69.1666388888877
ADP.2019-09-04T13_34_27.260.fits,t55,2003-12-03T03:14:13.205,52976.13487507,GIRAFFE,ESO-VLT-U2,ADP.2019-09-04T13:34:27.260.fits,072.C-0348(A),SCIENCE_RBNSPEC_IDP,,,,84.6905416666652,-69.1221944444433
ADP.2019-09-04T13_34_27.262.fits,u38,2003-12-03T03:03:21.958,52976.12733748,GIRAFFE,ESO-VLT-U2,ADP.2019-09-04T13:34:27.262.fits,072.C-0348(A),SCIENCE_RBNSPEC_IDP,,,,84.9085833333319,-69.1110833333322
ADP.2019-09-04T13_34_27.264.fits,t43,2003-12-03T02:19:40.767,52976.09699962,GIRAFFE,ESO-VLT-U2,ADP.2019-09-04T13:34:27.264.fits,072.C-0348(A),SCIENCE_RBNSPEC_IDP,,,,84.6282499999986,-69.099972222221
ADP.2019-09-04T13_34_27.266.fits,u39,2003-12-03T04:26:30.672,52976.18507722,GIRAFFE,ESO-VLT-U2,ADP.2019-09-04T13:34:27.266.fits,072.C-0348(A),SCIENCE_RBNSPEC_IDP,,,,84.9085833333319,-69.0333055555544
ADP.2019-09-04T13_34_27.268.fits,t41,2003-12-03T02:30:32.164,52976.10453894,GIRAFFE,ESO-VLT-U2,ADP.2019-09-04T13:34:27.268.fits,072.C-0348(A),SCIENCE_RBNSPEC_IDP,,,,84.6282499999986,-69.1444166666655
ADP.2019-09-04T13_34_27.270.fits,t50,2003-12-03T02:19:40.767,52976.09699962,GIRAFFE,ESO-VLT-U2,ADP.2019-09-04T13:34:27.270.fits,072.C-0348(A),SCIENCE_RBNSPEC_IDP,,,,84.6594166666653,-69.0666388888877
ADP.2019-09-04T13_34_27.272.fits,t11,2003-12-03T03:03:21.958,52976.12733748,GIRAFFE,ESO-VLT-U2,ADP.2019-09-04T13:34:27.272.fits,072.C-0348(A),SCIENCE_RBNSPEC_IDP,,,,84.4413749999986,-69.0333055555544
ADP.2019-09-04T13_34_27.274.fits,t43,2003-12-03T04:37:30.720,52976.19271667,GIRAFFE,ESO-VLT-U2,ADP.2019-09-04T13:34:27.274.fits,072.C-0348(A),SCIENCE_RBNSPEC_IDP,,,,84.6282499999986,-69.0555277777766
ADP.2019-09-04T13_34_27.276.fits,t59,2003-12-03T03:14:13.205,52976.13487507,GIRAFFE,ESO-VLT-U2,ADP.2019-09-04T13:34:27.276.fits,072.C-0348(A),SCIENCE_RBNSPEC_IDP,,,,84.6905416666652,-69.0555277777766
ADP.2019-09-04T13_34_27.278.fits,t33,2003-12-03T03:03:21.958,52976.12733748,GIRAFFE,ESO-VLT-U2,ADP.2019-09-04T13:34:27.278.fits,072.C-0348(A),SCIENCE_RBNSPEC_IDP,,,,84.5659583333319,-69.0555277777766
ADP.2019-09-04T13_34_27.280.fits,u30,2003-12-03T04:37:30.720,52976.19271667,GIRAFFE,ESO-VLT-U2,ADP.2019-09-04T13:34:27.280.fits,072.C-0348(A),SCIENCE_RBNSPEC_IDP,,,,84.8774583333319,-69.1444166666655
ADP.2019-09-04T13_34_27.282.fits,u07,2003-12-03T04:48:28.838,52976.20033378,GIRAFFE,ESO-VLT-U2,ADP.2019-09-04T13:34:27.282.fits,072.C-0348(A),SCIENCE_RBNSPEC_IDP,,,,84.7528333333319,-69.1333055555544
ADP.2019-09-04T13_34_27.284.fits,u22,2003-12-03T03:03:21.958,52976.12733748,GIRAFFE,ESO-VLT-U2,ADP.2019-09-04T13:34:27.284.fits,072.C-0348(A),SCIENCE_RBNSPEC_IDP,,,,84.8151249999986,-69.1333055555544
ADP.2019-09-04T13_34_27.286.fits,u06,2003-12-03T03:03:21.958,52976.12733748,GIRAFFE,ESO-VLT-U2,ADP.2019-09-04T13:34:27.286.fits,072.C-0348(A),SCIENCE_RBNSPEC_IDP,,,,84.7528333333319,-69.0888611111099
ADP.2019-09-04T13_34_27.288.fits,t59,2003-12-03T04:48:28.838,52976.20033378,GIRAFFE,ESO-VLT-U2,ADP.2019-09-04T13:34:27.288.fits,072.C-0348(A),SCIENCE_RBNSPEC_IDP,,,,84.7217083333319,-69.1110833333322
ADP.2019-09-04T13_34_27.290.fits,t58,2003-12-03T03:14:13.205,52976.13487507,GIRAFFE,ESO-VLT-U2,ADP.2019-09-04T13:34:27.290.fits,072.C-0348(A),SCIENCE_RBNSPEC_IDP,,,,84.6905416666652,-69.0666388888877
ADP.2019-09-04T13_34_27.292.fits,t03,2003-12-03T02:41:30.802,52976.11216207,GIRAFFE,ESO-VLT-U2,ADP.2019-09-04T13:34:27.292.fits,072.C-0348(A),SCIENCE_RBNSPEC_IDP,,,,84.4413749999986,-69.1221944444433
ADP.2019-09-04T13_34_27.294.fits,t57,2003-12-03T04:48:28.838,52976.20033378,GIRAFFE,ESO-VLT-U2,ADP.2019-09-04T13:34:27.294.fits,072.C-0348(A),SCIENCE_RBNSPEC_IDP,,,,84.7217083333319,-69.1444166666655
ADP.2019-09-04T13_34_27.296.fits,u25,2003-12-03T04:37:30.720,52976.19271667,GIRAFFE,ESO-VLT-U2,ADP.2019-09-04T13:34:27.296.fits,072.C-0348(A),SCIENCE_RBNSPEC_IDP,,,,84.8462916666652,-69.0666388888877
ADP.2019-09-04T13_34_27.298.fits,u19,2003-12-03T03:14:13.205,52976.13487507,GIRAFFE,ESO-VLT-U2,ADP.2019-09-04T13:34:27.298.fits,072.C-0348(A),SCIENCE_RBNSPEC_IDP,,,,84.8151249999986,-69.1666388888877
ADP.2019-09-04T13_34_27.300.fits,u20,2003-12-03T02:41:30.802,52976.11216207,GIRAFFE,ESO-VLT-U2,ADP.2019-09-04T13:34:27.300.fits,072.C-0348(A),SCIENCE_RBNSPEC_IDP,,,,84.8151249999986,-69.1555277777766
ADP.2019-09-04T13_34_27.302.fits,t27,2003-12-03T03:03:21.958,52976.12733748,GIRAFFE,ESO-VLT-U2,ADP.2019-09-04T13:34:27.302.fits,072.C-0348(A),SCIENCE_RBNSPEC_IDP,,,,84.5659583333319,-69.1444166666655
ADP.2019-09-04T13_34_27.304.fits,u13,2003-12-03T02:52:22.540,52976.11970533,GIRAFFE,ESO-VLT-U2,ADP.2019-09-04T13:34:27.304.fits,072.C-0348(A),SCIENCE_RBNSPEC_IDP,,,,84.7839999999986,-69.1221944444433
ADP.2019-09-04T13_34_27.306.fits,u34,2003-12-03T04:48:28.838,52976.20033378,GIRAFFE,ESO-VLT-U2,ADP.2019-09-04T13:34:27.306.fits,072.C-0348(A),SCIENCE_RBNSPEC_IDP,,,,84.8774583333319,-69.0888611111099
ADP.2019-09-04T13_34_27.308.fits,t11,2003-12-03T02:41:30.802,52976.11216207,GIRAFFE,ESO-VLT-U2,ADP.2019-09-04T13:34:27.308.fits,072.C-0348(A),SCIENCE_RBNSPEC_IDP,,,,84.4413749999986,-69.0333055555544
ADP.2019-09-04T13_34_27.310.fits,u34,2003-12-03T03:03:21.958,52976.12733748,GIRAFFE,ESO-VLT-U2,ADP.2019-09-04T13:34:27.310.fits,072.C-0348(A),SCIENCE_RBNSPEC_IDP,,,,84.9085833333319,-69.1555277777766
ADP.2019-09-04T13_34_27.312.fits,t55,2003-12-03T04:37:30.720,52976.19271667,GIRAFFE,ESO-VLT-U2,ADP.2019-09-04T13:34:27.312.fits,072.C-0348(A),SCIENCE_RBNSPEC_IDP,,,,84.7217083333319,-69.1666388888877
ADP.2019-09-04T13_34_27.314.fits,t34,2003-12-03T02:52:22.540,52976.11970533,GIRAFFE,ESO-VLT-U2,ADP.2019-09-04T13:34:27.314.fits,072.C-0348(A),SCIENCE_RBNSPEC_IDP,,,,84.5659583333319,-69.0444166666655
ADP.2019-09-04T13_34_27.316.fits,t22,2003-12-03T04:48:28.838,52976.20033378,GIRAFFE,ESO-VLT-U2,ADP.2019-09-04T13:34:27.316.fits,072.C-0348(A),SCIENCE_RBNSPEC_IDP,,,,84.5036666666652,-69.0444166666655
ADP.2019-09-04T13_34_27.318.fits,u24,2003-12-03T03:14:13.205,52976.13487507,GIRAFFE,ESO-VLT-U2,ADP.2019-09-04T13:34:27.318.fits,072.C-0348(A),SCIENCE_RBNSPEC_IDP,,,,84.8151249999986,-69.1110833333322
ADP.2019-09-04T13_34_27.320.fits,u06,2003-12-03T02:19:40.767,52976.09699962,GIRAFFE,ESO-VLT-U2,ADP.2019-09-04T13:34:27.320.fits,072.C-0348(A),SCIENCE_RBNSPEC_IDP,,,,84.7528333333319,-69.0888611111099
ADP.2019-09-04T13_34_27.322.fits,t25,2003-12-03T02:52:22.540,52976.11970533,GIRAFFE,ESO-VLT-U2,ADP.2019-09-04T13:34:27.322.fits,072.C-0348(A),SCIENCE_RBNSPEC_IDP,,,,84.5348333333319,-69.0333055555544
ADP.2019-09-04T13_34_27.324.fits,t42,2003-12-03T02:41:30.802,52976.11216207,GIRAFFE,ESO-VLT-U2,ADP.2019-09-04T13:34:27.324.fits,072.C-0348(A),SCIENCE_RBNSPEC_IDP,,,,84.6282499999986,-69.1333055555544
ADP.2019-09-04T13_34_27.326.fits,t01,2003-12-03T02:30:32.164,52976.10453894,GIRAFFE,ESO-VLT-U2,ADP.2019-09-04T13:34:27.326.fits,072.C-0348(A),SCIENCE_RBNSPEC_IDP,,,,84.4413749999986,-69.1444166666655
ADP.2019-09-04T13_34_27.328.fits,u23,2003-12-03T02:19:40.767,52976.09699962,GIRAFFE,ESO-VLT-U2,ADP.2019-09-04T13:34:27.328.fits,072.C-0348(A),SCIENCE_RBNSPEC_IDP,,,,84.8151249999986,-69.1221944444433
ADP.2019-09-04T13_34_27.330.fits,u27,2003-12-03T02:30:32.164,52976.10453894,GIRAFFE,ESO-VLT-U2,ADP.2019-09-04T13:34:27.330.fits,072.C-0348(A),SCIENCE_RBNSPEC_IDP,,,,84.8151249999986,-69.0555277777766
ADP.2019-09-04T13_34_27.332.fits,u18,2003-12-03T04:26:30.672,52976.18507722,GIRAFFE,ESO-VLT-U2,ADP.2019-09-04T13:34:27.332.fits,072.C-0348(A),SCIENCE_RBNSPEC_IDP,,,,84.8462916666652,-69.1555277777766
ADP.2019-09-04T13_34_27.334.fits,u40,2003-12-03T04:37:30.720,52976.19271667,GIRAFFE,ESO-VLT-U2,ADP.2019-09-04T13:34:27.334.fits,072.C-0348(A),SCIENCE_RBNSPEC_IDP,,,,84.9085833333319,-69.0221944444433
ADP.2019-09-04T13_34_27.336.fits,u38,2003-12-03T04:48:28.838,52976.20033378,GIRAFFE,ESO-VLT-U2,ADP.2019-09-04T13:34:27.336.fits,072.C-0348(A),SCIENCE_RBNSPEC_IDP,,,,84.8774583333319,-69.0221944444433
ADP.2019-09-04T13_34_27.338.fits,t10,2003-12-03T02:19:40.767,52976.09699962,GIRAFFE,ESO-VLT-U2,ADP.2019-09-04T13:34:27.338.fits,072.C-0348(A),SCIENCE_RBNSPEC_IDP,,,,84.4413749999986,-69.0444166666655
ADP.2019-09-04T13_34_27.340.fits,u15,2003-12-03T04:26:30.672,52976.18507722,GIRAFFE,ESO-VLT-U2,ADP.2019-09-04T13:34:27.340.fits,072.C-0348(A),SCIENCE_RBNSPEC_IDP,,,,84.8151249999986,-69.0333055555544
ADP.2019-09-04T13_34_27.342.fits,t02,2003-12-03T03:03:21.958,52976.12733748,GIRAFFE,ESO-VLT-U2,ADP.2019-09-04T13:34:27.342.fits,072.C-0348(A),SCIENCE_RBNSPEC_IDP,,,,84.4413749999986,-69.1333055555544
ADP.2019-09-04T13_34_27.344.fits,t50,2003-12-03T02:30:32.164,52976.10453894,GIRAFFE,ESO-VLT-U2,ADP.2019-09-04T13:34:27.344.fits,072.C-0348(A),SCIENCE_RBNSPEC_IDP,,,,84.6594166666653,-69.0666388888877
ADP.2019-09-04T13_34_27.346.fits,t51,2003-12-03T02:19:40.767,52976.09699962,GIRAFFE,ESO-VLT-U2,ADP.2019-09-04T13:34:27.346.fits,072.C-0348(A),SCIENCE_RBNSPEC_IDP,,,,84.6594166666653,-69.0555277777766
ADP.2019-09-04T13_34_27.348.fits,t46,2003-12-03T02:19:40.767,52976.09699962,GIRAFFE,ESO-VLT-U2,ADP.2019-09-04T13:34:27.348.fits,072.C-0348(A),SCIENCE_RBNSPEC_IDP,,,,84.6594166666653,-69.1333055555544
ADP.2019-09-04T13_34_27.350.fits,u11,2003-12-03T02:19:40.767,52976.09699962,GIRAFFE,ESO-VLT-U2,ADP.2019-09-04T13:34:27.350.fits,072.C-0348(A),SCIENCE_RBNSPEC_IDP,,,,84.7839999999986,-69.1444166666655
ADP.2019-09-04T13_34_27.352.fits,t28,2003-12-03T02:52:22.540,52976.11970533,GIRAFFE,ESO-VLT-U2,ADP.2019-09-04T13:34:27.352.fits,072.C-0348(A),SCIENCE_RBNSPEC_IDP,,,,84.5659583333319,-69.1333055555544
ADP.2019-09-04T13_34_27.354.fits,u18,2003-12-03T02:41:30.802,52976.11216207,GIRAFFE,ESO-VLT-U2,ADP.2019-09-04T13:34:27.354.fits,072.C-0348(A),SCIENCE_RBNSPEC_IDP,,,,84.7839999999986,-69.0444166666655
ADP.2019-09-04T13_34_27.356.fits,t58,2003-12-03T04:37:30.720,52976.19271667,GIRAFFE,ESO-VLT-U2,ADP.2019-09-04T13:34:27.356.fits,072.C-0348(A),SCIENCE_RBNSPEC_IDP,,,,84.7217083333319,-69.1333055555544
ADP.2019-09-04T13_34_27.358.fits,u38,2003-12-03T02:30:32.164,52976.10453894,GIRAFFE,ESO-VLT-U2,ADP.2019-09-04T13:34:27.358.fits,072.C-0348(A),SCIENCE_RBNSPEC_IDP,,,,84.9085833333319,-69.1110833333322
ADP.2019-09-04T13_34_27.360.fits,u10,2003-12-03T02:41:30.802,52976.11216207,GIRAFFE,ESO-VLT-U2,ADP.2019-09-04T13:34:27.360.fits,072.C-0348(A),SCIENCE_RBNSPEC_IDP,,,,84.7839999999986,-69.1555277777766
ADP.2019-09-04T13_34_27.362.fits,t12,2003-12-03T04:26:30.672,52976.18507722,GIRAFFE,ESO-VLT-U2,ADP.2019-09-04T13:34:27.362.fits,072.C-0348(A),SCIENCE_RBNSPEC_IDP,,,,84.4725416666653,-69.0333055555544
ADP.2019-09-04T13_34_27.364.fits,t26,2003-12-03T02:52:22.540,52976.11970533,GIRAFFE,ESO-VLT-U2,ADP.2019-09-04T13:34:27.364.fits,072.C-0348(A),SCIENCE_RBNSPEC_IDP,,,,84.5348333333319,-69.0221944444433
ADP.2019-09-04T13_34_27.366.fits,t58,2003-12-03T04:48:28.838,52976.20033378,GIRAFFE,ESO-VLT-U2,ADP.2019-09-04T13:34:27.366.fits,072.C-0348(A),SCIENCE_RBNSPEC_IDP,,,,84.7217083333319,-69.1333055555544
ADP.2019-09-04T13_34_27.368.fits,t39,2003-12-03T03:14:13.205,52976.13487507,GIRAFFE,ESO-VLT-U2,ADP.2019-09-04T13:34:27.368.fits,072.C-0348(A),SCIENCE_RBNSPEC_IDP,,,,84.5971249999985,-69.099972222221
ADP.2019-09-04T13_34_27.370.fits,t39,2003-12-03T04:26:30.672,52976.18507722,GIRAFFE,ESO-VLT-U2,ADP.2019-09-04T13:34:27.370.fits,072.C-0348(A),SCIENCE_RBNSPEC_IDP,,,,84.6282499999986,-69.1555277777766
ADP.2019-09-04T13_34_27.372.fits,u42,2003-12-03T02:30:32.164,52976.10453894,GIRAFFE,ESO-VLT-U2,ADP.2019-09-04T13:34:27.372.fits,072.C-0348(A),SCIENCE_RBNSPEC_IDP,,,,84.9085833333319,-69.0666388888877
ADP.2019-09-04T13_34_27.374.fits,u31,2003-12-03T04:48:28.838,52976.20033378,GIRAFFE,ESO-VLT-U2,ADP.2019-09-04T13:34:27.374.fits,072.C-0348(A),SCIENCE_RBNSPEC_IDP,,,,84.8774583333319,-69.1333055555544
ADP.2019-09-04T13_34_27.376.fits,u41,2003-12-03T02:41:30.802,52976.11216207,GIRAFFE,ESO-VLT-U2,ADP.2019-09-04T13:34:27.376.fits,072.C-0348(A),SCIENCE_RBNSPEC_IDP,,,,84.9085833333319,-69.0777499999988
ADP.2019-09-04T13_34_27.378.fits,u28,2003-12-03T02:41:30.802,52976.11216207,GIRAFFE,ESO-VLT-U2,ADP.2019-09-04T13:34:27.378.fits,072.C-0348(A),SCIENCE_RBNSPEC_IDP,,,,84.8151249999986,-69.0444166666655
ADP.2019-09-04T13_34_27.380.fits,t47,2003-12-03T02:19:40.767,52976.09699962,GIRAFFE,ESO-VLT-U2,ADP.2019-09-04T13:34:27.380.fits,072.C-0348(A),SCIENCE_RBNSPEC_IDP,,,,84.6594166666653,-69.1221944444433
ADP.2019-09-04T13_34_27.382.fits,t51,2003-12-03T04:26:30.672,52976.18507722,GIRAFFE,ESO-VLT-U2,ADP.2019-09-04T13:34:27.382.fits,072.C-0348(A),SCIENCE_RBNSPEC_IDP,,,,84.6905416666652,-69.1666388888877
ADP.2019-09-04T13_34_27.384.fits,t40,2003-12-03T04:26:30.672,52976.18507722,GIRAFFE,ESO-VLT-U2,ADP.2019-09-04T13:34:27.384.fits,072.C-0348(A),SCIENCE_RBNSPEC_IDP,,,,84.6282499999986,-69.1221944444433
ADP.2019-09-04T13_34_27.386.fits,t36,2003-12-03T02:52:22.540,52976.11970533,GIRAFFE,ESO-VLT-U2,ADP.2019-09-04T13:34:27.386.fits,072.C-0348(A),SCIENCE_RBNSPEC_IDP,,,,84.5659583333319,-69.0221944444433
ADP.2019-09-04T13_34_27.388.fits,t34,2003-12-03T04:37:30.720,52976.19271667,GIRAFFE,ESO-VLT-U2,ADP.2019-09-04T13:34:27.388.fits,072.C-0348(A),SCIENCE_RBNSPEC_IDP,,,,84.5971249999985,-69.0555277777766
ADP.2019-09-04T13_34_27.390.fits,u21,2003-12-03T03:14:13.205,52976.13487507,GIRAFFE,ESO-VLT-U2,ADP.2019-09-04T13:34:27.390.fits,072.C-0348(A),SCIENCE_RBNSPEC_IDP,,,,84.8151249999986,-69.1444166666655
ADP.2019-09-04T13_34_27.392.fits,u18,2003-12-03T02:30:32.164,52976.10453894,GIRAFFE,ESO-VLT-U2,ADP.2019-09-04T13:34:27.392.fits,072.C-0348(A),SCIENCE_RBNSPEC_IDP,,,,84.7839999999986,-69.0444166666655
ADP.2019-09-04T13_34_27.394.fits,t53,2003-12-03T04:48:28.838,52976.20033378,GIRAFFE,ESO-VLT-U2,ADP.2019-09-04T13:34:27.394.fits,072.C-0348(A),SCIENCE_RBNSPEC_IDP,,,,84.6905416666652,-69.0333055555544
ADP.2019-09-04T13_34_27.396.fits,t08,2003-12-03T02:52:22.540,52976.11970533,GIRAFFE,ESO-VLT-U2,ADP.2019-09-04T13:34:27.396.fits,072.C-0348(A),SCIENCE_RBNSPEC_IDP,,,,84.4413749999986,-69.0666388888877
ADP.2019-09-04T13_34_27.398.fits,u32,2003-12-03T03:14:13.205,52976.13487507,GIRAFFE,ESO-VLT-U2,ADP.2019-09-04T13:34:27.398.fits,072.C-0348(A),SCIENCE_RBNSPEC_IDP,,,,84.8774583333319,-69.0444166666655
ADP.2019-09-04T13_34_27.400.fits,t51,2003-12-03T02:41:30.802,52976.11216207,GIRAFFE,ESO-VLT-U2,ADP.2019-09-04T13:34:27.400.fits,072.C-0348(A),SCIENCE_RBNSPEC_IDP,,,,84.6594166666653,-69.0555277777766
ADP.2019-09-04T13_34_27.402.fits,u38,2003-12-03T02:41:30.802,52976.11216207,GIRAFFE,ESO-VLT-U2,ADP.2019-09-04T13:34:27.402.fits,072.C-0348(A),SCIENCE_RBNSPEC_IDP,,,,84.9085833333319,-69.1110833333322
ADP.2019-09-04T13_34_27.404.fits,t32,2003-12-03T03:03:21.958,52976.12733748,GIRAFFE,ESO-VLT-U2,ADP.2019-09-04T13:34:27.404.fits,072.C-0348(A),SCIENCE_RBNSPEC_IDP,,,,84.5659583333319,-69.0666388888877
ADP.2019-09-04T13_34_27.406.fits,u25,2003-12-03T04:48:28.838,52976.20033378,GIRAFFE,ESO-VLT-U2,ADP.2019-09-04T13:34:27.406.fits,072.C-0348(A),SCIENCE_RBNSPEC_IDP,,,,84.8462916666652,-69.0666388888877
ADP.2019-09-04T13_34_27.408.fits,u31,2003-12-03T04:37:30.720,52976.19271667,GIRAFFE,ESO-VLT-U2,ADP.2019-09-04T13:34:27.408.fits,072.C-0348(A),SCIENCE_RBNSPEC_IDP,,,,84.8774583333319,-69.1333055555544
ADP.2019-09-04T13_34_27.410.fits,t58,2003-12-03T02:30:32.164,52976.10453894,GIRAFFE,ESO-VLT-U2,ADP.2019-09-04T13:34:27.410.fits,072.C-0348(A),SCIENCE_RBNSPEC_IDP,,,,84.6905416666652,-69.0666388888877
ADP.2019-09-04T13_34_27.412.fits,t47,2003-12-03T02:41:30.802,52976.11216207,GIRAFFE,ESO-VLT-U2,ADP.2019-09-04T13:34:27.412.fits,072.C-0348(A),SCIENCE_RBNSPEC_IDP,,,,84.6594166666653,-69.1221944444433
ADP.2019-09-04T13_34_27.414.fits,u12,2003-12-03T02:52:22.540,52976.11970533,GIRAFFE,ESO-VLT-U2,ADP.2019-09-04T13:34:27.414.fits,072.C-0348(A),SCIENCE_RBNSPEC_IDP,,,,84.7839999999986,-69.1333055555544
ADP.2019-09-04T13_34_27.416.fits,t19,2003-12-03T03:03:21.958,52976.12733748,GIRAFFE,ESO-VLT-U2,ADP.2019-09-04T13:34:27.416.fits,072.C-0348(A),SCIENCE_RBNSPEC_IDP,,,,84.5348333333319,-69.099972222221
ADP.2019-09-04T13_34_27.418.fits,t10,2003-12-03T03:14:13.205,52976.13487507,GIRAFFE,ESO-VLT-U2,ADP.2019-09-04T13:34:27.418.fits,072.C-0348(A),SCIENCE_RBNSPEC_IDP,,,,84.4413749999986,-69.0444166666655
ADP.2019-09-04T13_34_27.420.fits,u11,2003-12-03T04:37:30.720,52976.19271667,GIRAFFE,ESO-VLT-U2,ADP.2019-09-04T13:34:27.420.fits,072.C-0348(A),SCIENCE_RBNSPEC_IDP,,,,84.7839999999986,-69.0333055555544
ADP.2019-09-04T13_34_27.422.fits,t45,2003-12-03T04:37:30.720,52976.19271667,GIRAFFE,ESO-VLT-U2,ADP.2019-09-04T13:34:27.422.fits,072.C-0348(A),SCIENCE_RBNSPEC_IDP,,,,84.6282499999986,-69.0333055555544
ADP.2019-09-04T13_34_27.424.fits,u40,2003-12-03T03:14:13.205,52976.13487507,GIRAFFE,ESO-VLT-U2,ADP.2019-09-04T13:34:27.424.fits,072.C-0348(A),SCIENCE_RBNSPEC_IDP,,,,84.9085833333319,-69.0888611111099
ADP.2019-09-04T13_34_27.426.fits,u15,2003-12-03T02:41:30.802,52976.11216207,GIRAFFE,ESO-VLT-U2,ADP.2019-09-04T13:34:27.426.fits,072.C-0348(A),SCIENCE_RBNSPEC_IDP,,,,84.7839999999986,-69.099972222221
ADP.2019-09-04T13_34_27.428.fits,t44,2003-12-03T02:52:22.540,52976.11970533,GIRAFFE,ESO-VLT-U2,ADP.2019-09-04T13:34:27.428.fits,072.C-0348(A),SCIENCE_RBNSPEC_IDP,,,,84.6282499999986,-69.0888611111099
ADP.2019-09-04T13_34_27.430.fits,u25,2003-12-03T02:52:22.540,52976.11970533,GIRAFFE,ESO-VLT-U2,ADP.2019-09-04T13:34:27.430.fits,072.C-0348(A),SCIENCE_RBNSPEC_IDP,,,,84.8151249999986,-69.099972222221
ADP.2019-09-04T13_34_27.432.fits,t11,2003-12-03T02:30:32.164,52976.10453894,GIRAFFE,ESO-VLT-U2,ADP.2019-09-04T13:34:27.432.fits,072.C-0348(A),SCIENCE_RBNSPEC_IDP,,,,84.4413749999986,-69.0333055555544
